panel,species,study,sampling_site,role,t_h,conc_mgL
hasan_S_ket,KET_S,Hasan 2021,venous,external,0,0
hasan_S_ket,KET_S,Hasan 2021,venous,external,0.0200334,0.0483053
hasan_S_ket,KET_S,Hasan 2021,venous,external,0.0400668,0.0451217
hasan_S_ket,KET_S,Hasan 2021,venous,external,0.0601002,0.0421681
hasan_S_ket,KET_S,Hasan 2021,venous,external,0.0801336,0.0394235
hasan_S_ket,KET_S,Hasan 2021,venous,external,0.100167,0.0368708
hasan_S_ket,KET_S,Hasan 2021,venous,external,0.1202,0.0344952
hasan_S_ket,KET_S,Hasan 2021,venous,external,0.140234,0.0322834
hasan_S_ket,KET_S,Hasan 2021,venous,external,0.160267,0.0302236
hasan_S_ket,KET_S,Hasan 2021,venous,external,0.180301,0.0283047
hasan_S_ket,KET_S,Hasan 2021,venous,external,0.200334,0.0265169
hasan_S_ket,KET_S,Hasan 2021,venous,external,0.220367,0.024851
hasan_S_ket,KET_S,Hasan 2021,venous,external,0.240401,0.0232984
hasan_S_ket,KET_S,Hasan 2021,venous,external,0.260434,0.0218515
hasan_S_ket,KET_S,Hasan 2021,venous,external,0.280467,0.0205028
hasan_S_ket,KET_S,Hasan 2021,venous,external,0.300501,0.0192457
hasan_S_ket,KET_S,Hasan 2021,venous,external,0.320534,0.0180739
hasan_S_ket,KET_S,Hasan 2021,venous,external,0.340568,0.0169815
hasan_S_ket,KET_S,Hasan 2021,venous,external,0.360601,0.0159632
hasan_S_ket,KET_S,Hasan 2021,venous,external,0.380634,0.0150138
hasan_S_ket,KET_S,Hasan 2021,venous,external,0.400668,0.0141287
hasan_S_ket,KET_S,Hasan 2021,venous,external,0.420701,0.0133035
hasan_S_ket,KET_S,Hasan 2021,venous,external,0.440735,0.0125341
hasan_S_ket,KET_S,Hasan 2021,venous,external,0.460768,0.0118167
hasan_S_ket,KET_S,Hasan 2021,venous,external,0.480801,0.0111477
hasan_S_ket,KET_S,Hasan 2021,venous,external,0.500835,0.0105238
hasan_S_ket,KET_S,Hasan 2021,venous,external,0.520868,0.00994206
hasan_S_ket,KET_S,Hasan 2021,venous,external,0.540902,0.00939949
hasan_S_ket,KET_S,Hasan 2021,venous,external,0.560935,0.00889345
hasan_S_ket,KET_S,Hasan 2021,venous,external,0.580968,0.00842145
hasan_S_ket,KET_S,Hasan 2021,venous,external,0.601002,0.00798118
hasan_S_ket,KET_S,Hasan 2021,venous,external,0.621035,0.00757047
hasan_S_ket,KET_S,Hasan 2021,venous,external,0.641068,0.0071873
hasan_S_ket,KET_S,Hasan 2021,venous,external,0.661102,0.00682981
hasan_S_ket,KET_S,Hasan 2021,venous,external,0.681135,0.00649624
hasan_S_ket,KET_S,Hasan 2021,venous,external,0.701169,0.00618496
hasan_S_ket,KET_S,Hasan 2021,venous,external,0.721202,0.00589445
hasan_S_ket,KET_S,Hasan 2021,venous,external,0.741235,0.00562331
hasan_S_ket,KET_S,Hasan 2021,venous,external,0.761269,0.0053702
hasan_S_ket,KET_S,Hasan 2021,venous,external,0.781302,0.00513391
hasan_S_ket,KET_S,Hasan 2021,venous,external,0.801336,0.00491329
hasan_S_ket,KET_S,Hasan 2021,venous,external,0.821369,0.00470727
hasan_S_ket,KET_S,Hasan 2021,venous,external,0.841402,0.00451485
hasan_S_ket,KET_S,Hasan 2021,venous,external,0.861436,0.00433512
hasan_S_ket,KET_S,Hasan 2021,venous,external,0.881469,0.00416721
hasan_S_ket,KET_S,Hasan 2021,venous,external,0.901503,0.00401031
hasan_S_ket,KET_S,Hasan 2021,venous,external,0.921536,0.00386367
hasan_S_ket,KET_S,Hasan 2021,venous,external,0.941569,0.0037266
hasan_S_ket,KET_S,Hasan 2021,venous,external,0.961603,0.00359845
hasan_S_ket,KET_S,Hasan 2021,venous,external,0.981636,0.0034786
hasan_S_ket,KET_S,Hasan 2021,venous,external,1.00167,0.0033665
hasan_S_ket,KET_S,Hasan 2021,venous,external,1.0217,0.00326162
hasan_S_ket,KET_S,Hasan 2021,venous,external,1.04174,0.00316346
hasan_S_ket,KET_S,Hasan 2021,venous,external,1.06177,0.00307158
hasan_S_ket,KET_S,Hasan 2021,venous,external,1.0818,0.00298554
hasan_S_ket,KET_S,Hasan 2021,venous,external,1.10184,0.00290494
hasan_S_ket,KET_S,Hasan 2021,venous,external,1.12187,0.00282942
hasan_S_ket,KET_S,Hasan 2021,venous,external,1.1419,0.00275864
hasan_S_ket,KET_S,Hasan 2021,venous,external,1.16194,0.00269226
hasan_S_ket,KET_S,Hasan 2021,venous,external,1.18197,0.00263
hasan_S_ket,KET_S,Hasan 2021,venous,external,1.202,0.00257157
hasan_S_ket,KET_S,Hasan 2021,venous,external,1.22204,0.00251671
hasan_S_ket,KET_S,Hasan 2021,venous,external,1.24207,0.00246518
hasan_S_ket,KET_S,Hasan 2021,venous,external,1.2621,0.00241676
hasan_S_ket,KET_S,Hasan 2021,venous,external,1.28214,0.00237123
hasan_S_ket,KET_S,Hasan 2021,venous,external,1.30217,0.0023284
hasan_S_ket,KET_S,Hasan 2021,venous,external,1.3222,0.00228809
hasan_S_ket,KET_S,Hasan 2021,venous,external,1.34224,0.00225013
hasan_S_ket,KET_S,Hasan 2021,venous,external,1.36227,0.00221435
hasan_S_ket,KET_S,Hasan 2021,venous,external,1.3823,0.00218061
hasan_S_ket,KET_S,Hasan 2021,venous,external,1.40234,0.00214877
hasan_S_ket,KET_S,Hasan 2021,venous,external,1.42237,0.00211871
hasan_S_ket,KET_S,Hasan 2021,venous,external,1.4424,0.0020903
hasan_S_ket,KET_S,Hasan 2021,venous,external,1.46244,0.00206343
hasan_S_ket,KET_S,Hasan 2021,venous,external,1.48247,0.002038
hasan_S_ket,KET_S,Hasan 2021,venous,external,1.5025,0.00201391
hasan_S_ket,KET_S,Hasan 2021,venous,external,1.52254,0.00199108
hasan_S_ket,KET_S,Hasan 2021,venous,external,1.54257,0.00196941
hasan_S_ket,KET_S,Hasan 2021,venous,external,1.5626,0.00194884
hasan_S_ket,KET_S,Hasan 2021,venous,external,1.58264,0.00192928
hasan_S_ket,KET_S,Hasan 2021,venous,external,1.60267,0.00191066
hasan_S_ket,KET_S,Hasan 2021,venous,external,1.6227,0.00189294
hasan_S_ket,KET_S,Hasan 2021,venous,external,1.64274,0.00187604
hasan_S_ket,KET_S,Hasan 2021,venous,external,1.66277,0.00185991
hasan_S_ket,KET_S,Hasan 2021,venous,external,1.6828,0.0018445
hasan_S_ket,KET_S,Hasan 2021,venous,external,1.70284,0.00182976
hasan_S_ket,KET_S,Hasan 2021,venous,external,1.72287,0.00181565
hasan_S_ket,KET_S,Hasan 2021,venous,external,1.7429,0.00180213
hasan_S_ket,KET_S,Hasan 2021,venous,external,1.76294,0.00178915
hasan_S_ket,KET_S,Hasan 2021,venous,external,1.78297,0.00177669
hasan_S_ket,KET_S,Hasan 2021,venous,external,1.80301,0.0017647
hasan_S_ket,KET_S,Hasan 2021,venous,external,1.82304,0.00175316
hasan_S_ket,KET_S,Hasan 2021,venous,external,1.84307,0.00174204
hasan_S_ket,KET_S,Hasan 2021,venous,external,1.86311,0.0017313
hasan_S_ket,KET_S,Hasan 2021,venous,external,1.88314,0.00172093
hasan_S_ket,KET_S,Hasan 2021,venous,external,1.90317,0.00171091
hasan_S_ket,KET_S,Hasan 2021,venous,external,1.92321,0.0017012
hasan_S_ket,KET_S,Hasan 2021,venous,external,1.94324,0.00169179
hasan_S_ket,KET_S,Hasan 2021,venous,external,1.96327,0.00168266
hasan_S_ket,KET_S,Hasan 2021,venous,external,1.98331,0.00167379
hasan_S_ket,KET_S,Hasan 2021,venous,external,2.00334,0.00166517
hasan_S_ket,KET_S,Hasan 2021,venous,external,2.02337,0.00165677
hasan_S_ket,KET_S,Hasan 2021,venous,external,2.04341,0.00164859
hasan_S_ket,KET_S,Hasan 2021,venous,external,2.06344,0.00164062
hasan_S_ket,KET_S,Hasan 2021,venous,external,2.08347,0.00163283
hasan_S_ket,KET_S,Hasan 2021,venous,external,2.10351,0.00162522
hasan_S_ket,KET_S,Hasan 2021,venous,external,2.12354,0.00161777
hasan_S_ket,KET_S,Hasan 2021,venous,external,2.14357,0.00161048
hasan_S_ket,KET_S,Hasan 2021,venous,external,2.16361,0.00160334
hasan_S_ket,KET_S,Hasan 2021,venous,external,2.18364,0.00159634
hasan_S_ket,KET_S,Hasan 2021,venous,external,2.20367,0.00158947
hasan_S_ket,KET_S,Hasan 2021,venous,external,2.22371,0.00158272
hasan_S_ket,KET_S,Hasan 2021,venous,external,2.24374,0.00157608
hasan_S_ket,KET_S,Hasan 2021,venous,external,2.26377,0.00156955
hasan_S_ket,KET_S,Hasan 2021,venous,external,2.28381,0.00156313
hasan_S_ket,KET_S,Hasan 2021,venous,external,2.30384,0.0015568
hasan_S_ket,KET_S,Hasan 2021,venous,external,2.32387,0.00155056
hasan_S_ket,KET_S,Hasan 2021,venous,external,2.34391,0.00154441
hasan_S_ket,KET_S,Hasan 2021,venous,external,2.36394,0.00153834
hasan_S_ket,KET_S,Hasan 2021,venous,external,2.38397,0.00153234
hasan_S_ket,KET_S,Hasan 2021,venous,external,2.40401,0.00152642
hasan_S_ket,KET_S,Hasan 2021,venous,external,2.42404,0.00152057
hasan_S_ket,KET_S,Hasan 2021,venous,external,2.44407,0.00151478
hasan_S_ket,KET_S,Hasan 2021,venous,external,2.46411,0.00150906
hasan_S_ket,KET_S,Hasan 2021,venous,external,2.48414,0.00150339
hasan_S_ket,KET_S,Hasan 2021,venous,external,2.50417,0.00149778
hasan_S_ket,KET_S,Hasan 2021,venous,external,2.52421,0.00149222
hasan_S_ket,KET_S,Hasan 2021,venous,external,2.54424,0.00148672
hasan_S_ket,KET_S,Hasan 2021,venous,external,2.56427,0.00148126
hasan_S_ket,KET_S,Hasan 2021,venous,external,2.58431,0.00147585
hasan_S_ket,KET_S,Hasan 2021,venous,external,2.60434,0.00147048
hasan_S_ket,KET_S,Hasan 2021,venous,external,2.62437,0.00146516
hasan_S_ket,KET_S,Hasan 2021,venous,external,2.64441,0.00145987
hasan_S_ket,KET_S,Hasan 2021,venous,external,2.66444,0.00145463
hasan_S_ket,KET_S,Hasan 2021,venous,external,2.68447,0.00144942
hasan_S_ket,KET_S,Hasan 2021,venous,external,2.70451,0.00144425
hasan_S_ket,KET_S,Hasan 2021,venous,external,2.72454,0.00143911
hasan_S_ket,KET_S,Hasan 2021,venous,external,2.74457,0.001434
hasan_S_ket,KET_S,Hasan 2021,venous,external,2.76461,0.00142893
hasan_S_ket,KET_S,Hasan 2021,venous,external,2.78464,0.00142389
hasan_S_ket,KET_S,Hasan 2021,venous,external,2.80467,0.00141888
hasan_S_ket,KET_S,Hasan 2021,venous,external,2.82471,0.00141389
hasan_S_ket,KET_S,Hasan 2021,venous,external,2.84474,0.00140894
hasan_S_ket,KET_S,Hasan 2021,venous,external,2.86477,0.00140401
hasan_S_ket,KET_S,Hasan 2021,venous,external,2.88481,0.00139911
hasan_S_ket,KET_S,Hasan 2021,venous,external,2.90484,0.00139423
hasan_S_ket,KET_S,Hasan 2021,venous,external,2.92487,0.00138938
hasan_S_ket,KET_S,Hasan 2021,venous,external,2.94491,0.00138456
hasan_S_ket,KET_S,Hasan 2021,venous,external,2.96494,0.00137975
hasan_S_ket,KET_S,Hasan 2021,venous,external,2.98497,0.00137497
hasan_S_ket,KET_S,Hasan 2021,venous,external,3.00501,0.00137022
hasan_S_ket,KET_S,Hasan 2021,venous,external,3.02504,0.00136548
hasan_S_ket,KET_S,Hasan 2021,venous,external,3.04508,0.00136077
hasan_S_ket,KET_S,Hasan 2021,venous,external,3.06511,0.00135608
hasan_S_ket,KET_S,Hasan 2021,venous,external,3.08514,0.0013514
hasan_S_ket,KET_S,Hasan 2021,venous,external,3.10518,0.00134675
hasan_S_ket,KET_S,Hasan 2021,venous,external,3.12521,0.00134212
hasan_S_ket,KET_S,Hasan 2021,venous,external,3.14524,0.00133751
hasan_S_ket,KET_S,Hasan 2021,venous,external,3.16528,0.00133292
hasan_S_ket,KET_S,Hasan 2021,venous,external,3.18531,0.00132834
hasan_S_ket,KET_S,Hasan 2021,venous,external,3.20534,0.00132379
hasan_S_ket,KET_S,Hasan 2021,venous,external,3.22538,0.00131925
hasan_S_ket,KET_S,Hasan 2021,venous,external,3.24541,0.00131473
hasan_S_ket,KET_S,Hasan 2021,venous,external,3.26544,0.00131023
hasan_S_ket,KET_S,Hasan 2021,venous,external,3.28548,0.00130575
hasan_S_ket,KET_S,Hasan 2021,venous,external,3.30551,0.00130128
hasan_S_ket,KET_S,Hasan 2021,venous,external,3.32554,0.00129683
hasan_S_ket,KET_S,Hasan 2021,venous,external,3.34558,0.0012924
hasan_S_ket,KET_S,Hasan 2021,venous,external,3.36561,0.00128798
hasan_S_ket,KET_S,Hasan 2021,venous,external,3.38564,0.00128359
hasan_S_ket,KET_S,Hasan 2021,venous,external,3.40568,0.0012792
hasan_S_ket,KET_S,Hasan 2021,venous,external,3.42571,0.00127484
hasan_S_ket,KET_S,Hasan 2021,venous,external,3.44574,0.00127049
hasan_S_ket,KET_S,Hasan 2021,venous,external,3.46578,0.00126616
hasan_S_ket,KET_S,Hasan 2021,venous,external,3.48581,0.00126184
hasan_S_ket,KET_S,Hasan 2021,venous,external,3.50584,0.00125754
hasan_S_ket,KET_S,Hasan 2021,venous,external,3.52588,0.00125325
hasan_S_ket,KET_S,Hasan 2021,venous,external,3.54591,0.00124898
hasan_S_ket,KET_S,Hasan 2021,venous,external,3.56594,0.00124473
hasan_S_ket,KET_S,Hasan 2021,venous,external,3.58598,0.00124049
hasan_S_ket,KET_S,Hasan 2021,venous,external,3.60601,0.00123626
hasan_S_ket,KET_S,Hasan 2021,venous,external,3.62604,0.00123205
hasan_S_ket,KET_S,Hasan 2021,venous,external,3.64608,0.00122786
hasan_S_ket,KET_S,Hasan 2021,venous,external,3.66611,0.00122368
hasan_S_ket,KET_S,Hasan 2021,venous,external,3.68614,0.00121951
hasan_S_ket,KET_S,Hasan 2021,venous,external,3.70618,0.00121536
hasan_S_ket,KET_S,Hasan 2021,venous,external,3.72621,0.00121123
hasan_S_ket,KET_S,Hasan 2021,venous,external,3.74624,0.0012071
hasan_S_ket,KET_S,Hasan 2021,venous,external,3.76628,0.001203
hasan_S_ket,KET_S,Hasan 2021,venous,external,3.78631,0.0011989
hasan_S_ket,KET_S,Hasan 2021,venous,external,3.80634,0.00119483
hasan_S_ket,KET_S,Hasan 2021,venous,external,3.82638,0.00119076
hasan_S_ket,KET_S,Hasan 2021,venous,external,3.84641,0.00118671
hasan_S_ket,KET_S,Hasan 2021,venous,external,3.86644,0.00118268
hasan_S_ket,KET_S,Hasan 2021,venous,external,3.88648,0.00117865
hasan_S_ket,KET_S,Hasan 2021,venous,external,3.90651,0.00117465
hasan_S_ket,KET_S,Hasan 2021,venous,external,3.92654,0.00117065
hasan_S_ket,KET_S,Hasan 2021,venous,external,3.94658,0.00116667
hasan_S_ket,KET_S,Hasan 2021,venous,external,3.96661,0.00116271
hasan_S_ket,KET_S,Hasan 2021,venous,external,3.98664,0.00115875
hasan_S_ket,KET_S,Hasan 2021,venous,external,4.00668,0.00115481
hasan_S_ket,KET_S,Hasan 2021,venous,external,4.02671,0.00115089
hasan_S_ket,KET_S,Hasan 2021,venous,external,4.04674,0.00114698
hasan_S_ket,KET_S,Hasan 2021,venous,external,4.06678,0.00114308
hasan_S_ket,KET_S,Hasan 2021,venous,external,4.08681,0.00113919
hasan_S_ket,KET_S,Hasan 2021,venous,external,4.10684,0.00113532
hasan_S_ket,KET_S,Hasan 2021,venous,external,4.12688,0.00113146
hasan_S_ket,KET_S,Hasan 2021,venous,external,4.14691,0.00112762
hasan_S_ket,KET_S,Hasan 2021,venous,external,4.16694,0.00112378
hasan_S_ket,KET_S,Hasan 2021,venous,external,4.18698,0.00111996
hasan_S_ket,KET_S,Hasan 2021,venous,external,4.20701,0.00111616
hasan_S_ket,KET_S,Hasan 2021,venous,external,4.22705,0.00111236
hasan_S_ket,KET_S,Hasan 2021,venous,external,4.24708,0.00110858
hasan_S_ket,KET_S,Hasan 2021,venous,external,4.26711,0.00110482
hasan_S_ket,KET_S,Hasan 2021,venous,external,4.28715,0.00110106
hasan_S_ket,KET_S,Hasan 2021,venous,external,4.30718,0.00109732
hasan_S_ket,KET_S,Hasan 2021,venous,external,4.32721,0.00109359
hasan_S_ket,KET_S,Hasan 2021,venous,external,4.34725,0.00108988
hasan_S_ket,KET_S,Hasan 2021,venous,external,4.36728,0.00108617
hasan_S_ket,KET_S,Hasan 2021,venous,external,4.38731,0.00108248
hasan_S_ket,KET_S,Hasan 2021,venous,external,4.40735,0.0010788
hasan_S_ket,KET_S,Hasan 2021,venous,external,4.42738,0.00107514
hasan_S_ket,KET_S,Hasan 2021,venous,external,4.44741,0.00107148
hasan_S_ket,KET_S,Hasan 2021,venous,external,4.46745,0.00106784
hasan_S_ket,KET_S,Hasan 2021,venous,external,4.48748,0.00106422
hasan_S_ket,KET_S,Hasan 2021,venous,external,4.50751,0.0010606
hasan_S_ket,KET_S,Hasan 2021,venous,external,4.52755,0.001057
hasan_S_ket,KET_S,Hasan 2021,venous,external,4.54758,0.0010534
hasan_S_ket,KET_S,Hasan 2021,venous,external,4.56761,0.00104983
hasan_S_ket,KET_S,Hasan 2021,venous,external,4.58765,0.00104626
hasan_S_ket,KET_S,Hasan 2021,venous,external,4.60768,0.0010427
hasan_S_ket,KET_S,Hasan 2021,venous,external,4.62771,0.00103916
hasan_S_ket,KET_S,Hasan 2021,venous,external,4.64775,0.00103563
hasan_S_ket,KET_S,Hasan 2021,venous,external,4.66778,0.00103211
hasan_S_ket,KET_S,Hasan 2021,venous,external,4.68781,0.0010286
hasan_S_ket,KET_S,Hasan 2021,venous,external,4.70785,0.00102511
hasan_S_ket,KET_S,Hasan 2021,venous,external,4.72788,0.00102163
hasan_S_ket,KET_S,Hasan 2021,venous,external,4.74791,0.00101816
hasan_S_ket,KET_S,Hasan 2021,venous,external,4.76795,0.0010147
hasan_S_ket,KET_S,Hasan 2021,venous,external,4.78798,0.00101125
hasan_S_ket,KET_S,Hasan 2021,venous,external,4.80801,0.00100781
hasan_S_ket,KET_S,Hasan 2021,venous,external,4.82805,0.00100439
hasan_S_ket,KET_S,Hasan 2021,venous,external,4.84808,0.00100098
hasan_S_ket,KET_S,Hasan 2021,venous,external,4.86811,0.000997576
hasan_S_ket,KET_S,Hasan 2021,venous,external,4.88815,0.000994187
hasan_S_ket,KET_S,Hasan 2021,venous,external,4.90818,0.000990809
hasan_S_ket,KET_S,Hasan 2021,venous,external,4.92821,0.000987443
hasan_S_ket,KET_S,Hasan 2021,venous,external,4.94825,0.000984088
hasan_S_ket,KET_S,Hasan 2021,venous,external,4.96828,0.000980745
hasan_S_ket,KET_S,Hasan 2021,venous,external,4.98831,0.000977413
hasan_S_ket,KET_S,Hasan 2021,venous,external,5.00835,0.000974092
hasan_S_ket,KET_S,Hasan 2021,venous,external,5.02838,0.000970783
hasan_S_ket,KET_S,Hasan 2021,venous,external,5.04841,0.000967484
hasan_S_ket,KET_S,Hasan 2021,venous,external,5.06845,0.000964197
hasan_S_ket,KET_S,Hasan 2021,venous,external,5.08848,0.000960922
hasan_S_ket,KET_S,Hasan 2021,venous,external,5.10851,0.000957657
hasan_S_ket,KET_S,Hasan 2021,venous,external,5.12855,0.000954403
hasan_S_ket,KET_S,Hasan 2021,venous,external,5.14858,0.000951161
hasan_S_ket,KET_S,Hasan 2021,venous,external,5.16861,0.000947929
hasan_S_ket,KET_S,Hasan 2021,venous,external,5.18865,0.000944709
hasan_S_ket,KET_S,Hasan 2021,venous,external,5.20868,0.000941499
hasan_S_ket,KET_S,Hasan 2021,venous,external,5.22871,0.000938301
hasan_S_ket,KET_S,Hasan 2021,venous,external,5.24875,0.000935113
hasan_S_ket,KET_S,Hasan 2021,venous,external,5.26878,0.000931936
hasan_S_ket,KET_S,Hasan 2021,venous,external,5.28881,0.00092877
hasan_S_ket,KET_S,Hasan 2021,venous,external,5.30885,0.000925614
hasan_S_ket,KET_S,Hasan 2021,venous,external,5.32888,0.00092247
hasan_S_ket,KET_S,Hasan 2021,venous,external,5.34891,0.000919336
hasan_S_ket,KET_S,Hasan 2021,venous,external,5.36895,0.000916212
hasan_S_ket,KET_S,Hasan 2021,venous,external,5.38898,0.000913099
hasan_S_ket,KET_S,Hasan 2021,venous,external,5.40902,0.000909997
hasan_S_ket,KET_S,Hasan 2021,venous,external,5.42905,0.000906906
hasan_S_ket,KET_S,Hasan 2021,venous,external,5.44908,0.000903825
hasan_S_ket,KET_S,Hasan 2021,venous,external,5.46912,0.000900754
hasan_S_ket,KET_S,Hasan 2021,venous,external,5.48915,0.000897694
hasan_S_ket,KET_S,Hasan 2021,venous,external,5.50918,0.000894644
hasan_S_ket,KET_S,Hasan 2021,venous,external,5.52922,0.000891604
hasan_S_ket,KET_S,Hasan 2021,venous,external,5.54925,0.000888575
hasan_S_ket,KET_S,Hasan 2021,venous,external,5.56928,0.000885556
hasan_S_ket,KET_S,Hasan 2021,venous,external,5.58932,0.000882548
hasan_S_ket,KET_S,Hasan 2021,venous,external,5.60935,0.00087955
hasan_S_ket,KET_S,Hasan 2021,venous,external,5.62938,0.000876561
hasan_S_ket,KET_S,Hasan 2021,venous,external,5.64942,0.000873583
hasan_S_ket,KET_S,Hasan 2021,venous,external,5.66945,0.000870615
hasan_S_ket,KET_S,Hasan 2021,venous,external,5.68948,0.000867658
hasan_S_ket,KET_S,Hasan 2021,venous,external,5.70952,0.00086471
hasan_S_ket,KET_S,Hasan 2021,venous,external,5.72955,0.000861772
hasan_S_ket,KET_S,Hasan 2021,venous,external,5.74958,0.000858844
hasan_S_ket,KET_S,Hasan 2021,venous,external,5.76962,0.000855927
hasan_S_ket,KET_S,Hasan 2021,venous,external,5.78965,0.000853019
hasan_S_ket,KET_S,Hasan 2021,venous,external,5.80968,0.000850121
hasan_S_ket,KET_S,Hasan 2021,venous,external,5.82972,0.000847232
hasan_S_ket,KET_S,Hasan 2021,venous,external,5.84975,0.000844354
hasan_S_ket,KET_S,Hasan 2021,venous,external,5.86978,0.000841485
hasan_S_ket,KET_S,Hasan 2021,venous,external,5.88982,0.000838627
hasan_S_ket,KET_S,Hasan 2021,venous,external,5.90985,0.000835777
hasan_S_ket,KET_S,Hasan 2021,venous,external,5.92988,0.000832938
hasan_S_ket,KET_S,Hasan 2021,venous,external,5.94992,0.000830108
hasan_S_ket,KET_S,Hasan 2021,venous,external,5.96995,0.000827288
hasan_S_ket,KET_S,Hasan 2021,venous,external,5.98998,0.000824477
hasan_S_ket,KET_S,Hasan 2021,venous,external,6.01002,0.000821676
hasan_S_ket,KET_S,Hasan 2021,venous,external,6.03005,0.000818885
hasan_S_ket,KET_S,Hasan 2021,venous,external,6.05008,0.000816103
hasan_S_ket,KET_S,Hasan 2021,venous,external,6.07012,0.00081333
hasan_S_ket,KET_S,Hasan 2021,venous,external,6.09015,0.000810567
hasan_S_ket,KET_S,Hasan 2021,venous,external,6.11018,0.000807813
hasan_S_ket,KET_S,Hasan 2021,venous,external,6.13022,0.000805069
hasan_S_ket,KET_S,Hasan 2021,venous,external,6.15025,0.000802333
hasan_S_ket,KET_S,Hasan 2021,venous,external,6.17028,0.000799608
hasan_S_ket,KET_S,Hasan 2021,venous,external,6.19032,0.000796891
hasan_S_ket,KET_S,Hasan 2021,venous,external,6.21035,0.000794184
hasan_S_ket,KET_S,Hasan 2021,venous,external,6.23038,0.000791486
hasan_S_ket,KET_S,Hasan 2021,venous,external,6.25042,0.000788797
hasan_S_ket,KET_S,Hasan 2021,venous,external,6.27045,0.000786117
hasan_S_ket,KET_S,Hasan 2021,venous,external,6.29048,0.000783446
hasan_S_ket,KET_S,Hasan 2021,venous,external,6.31052,0.000780784
hasan_S_ket,KET_S,Hasan 2021,venous,external,6.33055,0.000778132
hasan_S_ket,KET_S,Hasan 2021,venous,external,6.35058,0.000775488
hasan_S_ket,KET_S,Hasan 2021,venous,external,6.37062,0.000772854
hasan_S_ket,KET_S,Hasan 2021,venous,external,6.39065,0.000770228
hasan_S_ket,KET_S,Hasan 2021,venous,external,6.41068,0.000767611
hasan_S_ket,KET_S,Hasan 2021,venous,external,6.43072,0.000765003
hasan_S_ket,KET_S,Hasan 2021,venous,external,6.45075,0.000762404
hasan_S_ket,KET_S,Hasan 2021,venous,external,6.47078,0.000759814
hasan_S_ket,KET_S,Hasan 2021,venous,external,6.49082,0.000757233
hasan_S_ket,KET_S,Hasan 2021,venous,external,6.51085,0.00075466
hasan_S_ket,KET_S,Hasan 2021,venous,external,6.53088,0.000752096
hasan_S_ket,KET_S,Hasan 2021,venous,external,6.55092,0.000749541
hasan_S_ket,KET_S,Hasan 2021,venous,external,6.57095,0.000746995
hasan_S_ket,KET_S,Hasan 2021,venous,external,6.59098,0.000744457
hasan_S_ket,KET_S,Hasan 2021,venous,external,6.61102,0.000741928
hasan_S_ket,KET_S,Hasan 2021,venous,external,6.63105,0.000739407
hasan_S_ket,KET_S,Hasan 2021,venous,external,6.65109,0.000736895
hasan_S_ket,KET_S,Hasan 2021,venous,external,6.67112,0.000734391
hasan_S_ket,KET_S,Hasan 2021,venous,external,6.69115,0.000731896
hasan_S_ket,KET_S,Hasan 2021,venous,external,6.71119,0.00072941
hasan_S_ket,KET_S,Hasan 2021,venous,external,6.73122,0.000726932
hasan_S_ket,KET_S,Hasan 2021,venous,external,6.75125,0.000724462
hasan_S_ket,KET_S,Hasan 2021,venous,external,6.77129,0.000722001
hasan_S_ket,KET_S,Hasan 2021,venous,external,6.79132,0.000719548
hasan_S_ket,KET_S,Hasan 2021,venous,external,6.81135,0.000717103
hasan_S_ket,KET_S,Hasan 2021,venous,external,6.83139,0.000714667
hasan_S_ket,KET_S,Hasan 2021,venous,external,6.85142,0.000712239
hasan_S_ket,KET_S,Hasan 2021,venous,external,6.87145,0.000709819
hasan_S_ket,KET_S,Hasan 2021,venous,external,6.89149,0.000707408
hasan_S_ket,KET_S,Hasan 2021,venous,external,6.91152,0.000705004
hasan_S_ket,KET_S,Hasan 2021,venous,external,6.93155,0.000702609
hasan_S_ket,KET_S,Hasan 2021,venous,external,6.95159,0.000700222
hasan_S_ket,KET_S,Hasan 2021,venous,external,6.97162,0.000697843
hasan_S_ket,KET_S,Hasan 2021,venous,external,6.99165,0.000695472
hasan_S_ket,KET_S,Hasan 2021,venous,external,7.01169,0.00069311
hasan_S_ket,KET_S,Hasan 2021,venous,external,7.03172,0.000690755
hasan_S_ket,KET_S,Hasan 2021,venous,external,7.05175,0.000688408
hasan_S_ket,KET_S,Hasan 2021,venous,external,7.07179,0.000686069
hasan_S_ket,KET_S,Hasan 2021,venous,external,7.09182,0.000683739
hasan_S_ket,KET_S,Hasan 2021,venous,external,7.11185,0.000681416
hasan_S_ket,KET_S,Hasan 2021,venous,external,7.13189,0.000679101
hasan_S_ket,KET_S,Hasan 2021,venous,external,7.15192,0.000676793
hasan_S_ket,KET_S,Hasan 2021,venous,external,7.17195,0.000674494
hasan_S_ket,KET_S,Hasan 2021,venous,external,7.19199,0.000672203
hasan_S_ket,KET_S,Hasan 2021,venous,external,7.21202,0.000669919
hasan_S_ket,KET_S,Hasan 2021,venous,external,7.23205,0.000667643
hasan_S_ket,KET_S,Hasan 2021,venous,external,7.25209,0.000665375
hasan_S_ket,KET_S,Hasan 2021,venous,external,7.27212,0.000663114
hasan_S_ket,KET_S,Hasan 2021,venous,external,7.29215,0.000660861
hasan_S_ket,KET_S,Hasan 2021,venous,external,7.31219,0.000658616
hasan_S_ket,KET_S,Hasan 2021,venous,external,7.33222,0.000656379
hasan_S_ket,KET_S,Hasan 2021,venous,external,7.35225,0.000654149
hasan_S_ket,KET_S,Hasan 2021,venous,external,7.37229,0.000651926
hasan_S_ket,KET_S,Hasan 2021,venous,external,7.39232,0.000649711
hasan_S_ket,KET_S,Hasan 2021,venous,external,7.41235,0.000647504
hasan_S_ket,KET_S,Hasan 2021,venous,external,7.43239,0.000645304
hasan_S_ket,KET_S,Hasan 2021,venous,external,7.45242,0.000643112
hasan_S_ket,KET_S,Hasan 2021,venous,external,7.47245,0.000640927
hasan_S_ket,KET_S,Hasan 2021,venous,external,7.49249,0.000638749
hasan_S_ket,KET_S,Hasan 2021,venous,external,7.51252,0.000636579
hasan_S_ket,KET_S,Hasan 2021,venous,external,7.53255,0.000634417
hasan_S_ket,KET_S,Hasan 2021,venous,external,7.55259,0.000632261
hasan_S_ket,KET_S,Hasan 2021,venous,external,7.57262,0.000630113
hasan_S_ket,KET_S,Hasan 2021,venous,external,7.59265,0.000627973
hasan_S_ket,KET_S,Hasan 2021,venous,external,7.61269,0.000625839
hasan_S_ket,KET_S,Hasan 2021,venous,external,7.63272,0.000623713
hasan_S_ket,KET_S,Hasan 2021,venous,external,7.65275,0.000621594
hasan_S_ket,KET_S,Hasan 2021,venous,external,7.67279,0.000619482
hasan_S_ket,KET_S,Hasan 2021,venous,external,7.69282,0.000617378
hasan_S_ket,KET_S,Hasan 2021,venous,external,7.71285,0.00061528
hasan_S_ket,KET_S,Hasan 2021,venous,external,7.73289,0.00061319
hasan_S_ket,KET_S,Hasan 2021,venous,external,7.75292,0.000611106
hasan_S_ket,KET_S,Hasan 2021,venous,external,7.77295,0.00060903
hasan_S_ket,KET_S,Hasan 2021,venous,external,7.79299,0.000606961
hasan_S_ket,KET_S,Hasan 2021,venous,external,7.81302,0.000604899
hasan_S_ket,KET_S,Hasan 2021,venous,external,7.83306,0.000602844
hasan_S_ket,KET_S,Hasan 2021,venous,external,7.85309,0.000600796
hasan_S_ket,KET_S,Hasan 2021,venous,external,7.87312,0.000598755
hasan_S_ket,KET_S,Hasan 2021,venous,external,7.89316,0.000596721
hasan_S_ket,KET_S,Hasan 2021,venous,external,7.91319,0.000594693
hasan_S_ket,KET_S,Hasan 2021,venous,external,7.93322,0.000592673
hasan_S_ket,KET_S,Hasan 2021,venous,external,7.95326,0.000590659
hasan_S_ket,KET_S,Hasan 2021,venous,external,7.97329,0.000588653
hasan_S_ket,KET_S,Hasan 2021,venous,external,7.99332,0.000586653
hasan_S_ket,KET_S,Hasan 2021,venous,external,8.01336,0.00058466
hasan_S_ket,KET_S,Hasan 2021,venous,external,8.03339,0.000582673
hasan_S_ket,KET_S,Hasan 2021,venous,external,8.05342,0.000580694
hasan_S_ket,KET_S,Hasan 2021,venous,external,8.07346,0.000578721
hasan_S_ket,KET_S,Hasan 2021,venous,external,8.09349,0.000576755
hasan_S_ket,KET_S,Hasan 2021,venous,external,8.11352,0.000574795
hasan_S_ket,KET_S,Hasan 2021,venous,external,8.13356,0.000572843
hasan_S_ket,KET_S,Hasan 2021,venous,external,8.15359,0.000570897
hasan_S_ket,KET_S,Hasan 2021,venous,external,8.17362,0.000568957
hasan_S_ket,KET_S,Hasan 2021,venous,external,8.19366,0.000567024
hasan_S_ket,KET_S,Hasan 2021,venous,external,8.21369,0.000565098
hasan_S_ket,KET_S,Hasan 2021,venous,external,8.23372,0.000563178
hasan_S_ket,KET_S,Hasan 2021,venous,external,8.25376,0.000561264
hasan_S_ket,KET_S,Hasan 2021,venous,external,8.27379,0.000559358
hasan_S_ket,KET_S,Hasan 2021,venous,external,8.29382,0.000557457
hasan_S_ket,KET_S,Hasan 2021,venous,external,8.31386,0.000555563
hasan_S_ket,KET_S,Hasan 2021,venous,external,8.33389,0.000553676
hasan_S_ket,KET_S,Hasan 2021,venous,external,8.35392,0.000551795
hasan_S_ket,KET_S,Hasan 2021,venous,external,8.37396,0.00054992
hasan_S_ket,KET_S,Hasan 2021,venous,external,8.39399,0.000548052
hasan_S_ket,KET_S,Hasan 2021,venous,external,8.41402,0.00054619
hasan_S_ket,KET_S,Hasan 2021,venous,external,8.43406,0.000544334
hasan_S_ket,KET_S,Hasan 2021,venous,external,8.45409,0.000542485
hasan_S_ket,KET_S,Hasan 2021,venous,external,8.47412,0.000540642
hasan_S_ket,KET_S,Hasan 2021,venous,external,8.49416,0.000538805
hasan_S_ket,KET_S,Hasan 2021,venous,external,8.51419,0.000536975
hasan_S_ket,KET_S,Hasan 2021,venous,external,8.53422,0.00053515
hasan_S_ket,KET_S,Hasan 2021,venous,external,8.55426,0.000533332
hasan_S_ket,KET_S,Hasan 2021,venous,external,8.57429,0.00053152
hasan_S_ket,KET_S,Hasan 2021,venous,external,8.59432,0.000529715
hasan_S_ket,KET_S,Hasan 2021,venous,external,8.61436,0.000527915
hasan_S_ket,KET_S,Hasan 2021,venous,external,8.63439,0.000526121
hasan_S_ket,KET_S,Hasan 2021,venous,external,8.65442,0.000524334
hasan_S_ket,KET_S,Hasan 2021,venous,external,8.67446,0.000522553
hasan_S_ket,KET_S,Hasan 2021,venous,external,8.69449,0.000520777
hasan_S_ket,KET_S,Hasan 2021,venous,external,8.71452,0.000519008
hasan_S_ket,KET_S,Hasan 2021,venous,external,8.73456,0.000517245
hasan_S_ket,KET_S,Hasan 2021,venous,external,8.75459,0.000515487
hasan_S_ket,KET_S,Hasan 2021,venous,external,8.77462,0.000513736
hasan_S_ket,KET_S,Hasan 2021,venous,external,8.79466,0.000511991
hasan_S_ket,KET_S,Hasan 2021,venous,external,8.81469,0.000510251
hasan_S_ket,KET_S,Hasan 2021,venous,external,8.83472,0.000508518
hasan_S_ket,KET_S,Hasan 2021,venous,external,8.85476,0.00050679
hasan_S_ket,KET_S,Hasan 2021,venous,external,8.87479,0.000505068
hasan_S_ket,KET_S,Hasan 2021,venous,external,8.89482,0.000503353
hasan_S_ket,KET_S,Hasan 2021,venous,external,8.91486,0.000501643
hasan_S_ket,KET_S,Hasan 2021,venous,external,8.93489,0.000499938
hasan_S_ket,KET_S,Hasan 2021,venous,external,8.95492,0.00049824
hasan_S_ket,KET_S,Hasan 2021,venous,external,8.97496,0.000496547
hasan_S_ket,KET_S,Hasan 2021,venous,external,8.99499,0.00049486
hasan_S_ket,KET_S,Hasan 2021,venous,external,9.01503,0.000493179
hasan_S_ket,KET_S,Hasan 2021,venous,external,9.03506,0.000491503
hasan_S_ket,KET_S,Hasan 2021,venous,external,9.05509,0.000489834
hasan_S_ket,KET_S,Hasan 2021,venous,external,9.07513,0.000488169
hasan_S_ket,KET_S,Hasan 2021,venous,external,9.09516,0.000486511
hasan_S_ket,KET_S,Hasan 2021,venous,external,9.11519,0.000484858
hasan_S_ket,KET_S,Hasan 2021,venous,external,9.13523,0.000483211
hasan_S_ket,KET_S,Hasan 2021,venous,external,9.15526,0.000481569
hasan_S_ket,KET_S,Hasan 2021,venous,external,9.17529,0.000479933
hasan_S_ket,KET_S,Hasan 2021,venous,external,9.19533,0.000478303
hasan_S_ket,KET_S,Hasan 2021,venous,external,9.21536,0.000476678
hasan_S_ket,KET_S,Hasan 2021,venous,external,9.23539,0.000475058
hasan_S_ket,KET_S,Hasan 2021,venous,external,9.25543,0.000473444
hasan_S_ket,KET_S,Hasan 2021,venous,external,9.27546,0.000471836
hasan_S_ket,KET_S,Hasan 2021,venous,external,9.29549,0.000470233
hasan_S_ket,KET_S,Hasan 2021,venous,external,9.31553,0.000468635
hasan_S_ket,KET_S,Hasan 2021,venous,external,9.33556,0.000467043
hasan_S_ket,KET_S,Hasan 2021,venous,external,9.35559,0.000465456
hasan_S_ket,KET_S,Hasan 2021,venous,external,9.37563,0.000463875
hasan_S_ket,KET_S,Hasan 2021,venous,external,9.39566,0.000462299
hasan_S_ket,KET_S,Hasan 2021,venous,external,9.41569,0.000460728
hasan_S_ket,KET_S,Hasan 2021,venous,external,9.43573,0.000459163
hasan_S_ket,KET_S,Hasan 2021,venous,external,9.45576,0.000457603
hasan_S_ket,KET_S,Hasan 2021,venous,external,9.47579,0.000456048
hasan_S_ket,KET_S,Hasan 2021,venous,external,9.49583,0.000454499
hasan_S_ket,KET_S,Hasan 2021,venous,external,9.51586,0.000452955
hasan_S_ket,KET_S,Hasan 2021,venous,external,9.53589,0.000451416
hasan_S_ket,KET_S,Hasan 2021,venous,external,9.55593,0.000449883
hasan_S_ket,KET_S,Hasan 2021,venous,external,9.57596,0.000448354
hasan_S_ket,KET_S,Hasan 2021,venous,external,9.59599,0.000446831
hasan_S_ket,KET_S,Hasan 2021,venous,external,9.61603,0.000445313
hasan_S_ket,KET_S,Hasan 2021,venous,external,9.63606,0.0004438
hasan_S_ket,KET_S,Hasan 2021,venous,external,9.65609,0.000442292
hasan_S_ket,KET_S,Hasan 2021,venous,external,9.67613,0.00044079
hasan_S_ket,KET_S,Hasan 2021,venous,external,9.69616,0.000439292
hasan_S_ket,KET_S,Hasan 2021,venous,external,9.71619,0.0004378
hasan_S_ket,KET_S,Hasan 2021,venous,external,9.73623,0.000436312
hasan_S_ket,KET_S,Hasan 2021,venous,external,9.75626,0.00043483
hasan_S_ket,KET_S,Hasan 2021,venous,external,9.77629,0.000433353
hasan_S_ket,KET_S,Hasan 2021,venous,external,9.79633,0.00043188
hasan_S_ket,KET_S,Hasan 2021,venous,external,9.81636,0.000430413
hasan_S_ket,KET_S,Hasan 2021,venous,external,9.83639,0.000428951
hasan_S_ket,KET_S,Hasan 2021,venous,external,9.85643,0.000427493
hasan_S_ket,KET_S,Hasan 2021,venous,external,9.87646,0.000426041
hasan_S_ket,KET_S,Hasan 2021,venous,external,9.89649,0.000424594
hasan_S_ket,KET_S,Hasan 2021,venous,external,9.91653,0.000423151
hasan_S_ket,KET_S,Hasan 2021,venous,external,9.93656,0.000421714
hasan_S_ket,KET_S,Hasan 2021,venous,external,9.95659,0.000420281
hasan_S_ket,KET_S,Hasan 2021,venous,external,9.97663,0.000418853
hasan_S_ket,KET_S,Hasan 2021,venous,external,9.99666,0.00041743
hasan_S_ket,KET_S,Hasan 2021,venous,external,10.0167,0.000416012
hasan_S_ket,KET_S,Hasan 2021,venous,external,10.0367,0.000414598
hasan_S_ket,KET_S,Hasan 2021,venous,external,10.0568,0.00041319
hasan_S_ket,KET_S,Hasan 2021,venous,external,10.0768,0.000411786
hasan_S_ket,KET_S,Hasan 2021,venous,external,10.0968,0.000410387
hasan_S_ket,KET_S,Hasan 2021,venous,external,10.1169,0.000408993
hasan_S_ket,KET_S,Hasan 2021,venous,external,10.1369,0.000407603
hasan_S_ket,KET_S,Hasan 2021,venous,external,10.1569,0.000406219
hasan_S_ket,KET_S,Hasan 2021,venous,external,10.177,0.000404839
hasan_S_ket,KET_S,Hasan 2021,venous,external,10.197,0.000403463
hasan_S_ket,KET_S,Hasan 2021,venous,external,10.217,0.000402092
hasan_S_ket,KET_S,Hasan 2021,venous,external,10.2371,0.000400726
hasan_S_ket,KET_S,Hasan 2021,venous,external,10.2571,0.000399365
hasan_S_ket,KET_S,Hasan 2021,venous,external,10.2771,0.000398008
hasan_S_ket,KET_S,Hasan 2021,venous,external,10.2972,0.000396656
hasan_S_ket,KET_S,Hasan 2021,venous,external,10.3172,0.000395308
hasan_S_ket,KET_S,Hasan 2021,venous,external,10.3372,0.000393965
hasan_S_ket,KET_S,Hasan 2021,venous,external,10.3573,0.000392627
hasan_S_ket,KET_S,Hasan 2021,venous,external,10.3773,0.000391293
hasan_S_ket,KET_S,Hasan 2021,venous,external,10.3973,0.000389964
hasan_S_ket,KET_S,Hasan 2021,venous,external,10.4174,0.000388639
hasan_S_ket,KET_S,Hasan 2021,venous,external,10.4374,0.000387318
hasan_S_ket,KET_S,Hasan 2021,venous,external,10.4574,0.000386003
hasan_S_ket,KET_S,Hasan 2021,venous,external,10.4775,0.000384691
hasan_S_ket,KET_S,Hasan 2021,venous,external,10.4975,0.000383384
hasan_S_ket,KET_S,Hasan 2021,venous,external,10.5175,0.000382082
hasan_S_ket,KET_S,Hasan 2021,venous,external,10.5376,0.000380784
hasan_S_ket,KET_S,Hasan 2021,venous,external,10.5576,0.00037949
hasan_S_ket,KET_S,Hasan 2021,venous,external,10.5776,0.000378201
hasan_S_ket,KET_S,Hasan 2021,venous,external,10.5977,0.000376916
hasan_S_ket,KET_S,Hasan 2021,venous,external,10.6177,0.000375635
hasan_S_ket,KET_S,Hasan 2021,venous,external,10.6377,0.000374359
hasan_S_ket,KET_S,Hasan 2021,venous,external,10.6578,0.000373087
hasan_S_ket,KET_S,Hasan 2021,venous,external,10.6778,0.00037182
hasan_S_ket,KET_S,Hasan 2021,venous,external,10.6978,0.000370557
hasan_S_ket,KET_S,Hasan 2021,venous,external,10.7179,0.000369298
hasan_S_ket,KET_S,Hasan 2021,venous,external,10.7379,0.000368043
hasan_S_ket,KET_S,Hasan 2021,venous,external,10.7579,0.000366793
hasan_S_ket,KET_S,Hasan 2021,venous,external,10.778,0.000365547
hasan_S_ket,KET_S,Hasan 2021,venous,external,10.798,0.000364305
hasan_S_ket,KET_S,Hasan 2021,venous,external,10.818,0.000363067
hasan_S_ket,KET_S,Hasan 2021,venous,external,10.8381,0.000361833
hasan_S_ket,KET_S,Hasan 2021,venous,external,10.8581,0.000360604
hasan_S_ket,KET_S,Hasan 2021,venous,external,10.8781,0.000359379
hasan_S_ket,KET_S,Hasan 2021,venous,external,10.8982,0.000358158
hasan_S_ket,KET_S,Hasan 2021,venous,external,10.9182,0.000356941
hasan_S_ket,KET_S,Hasan 2021,venous,external,10.9382,0.000355729
hasan_S_ket,KET_S,Hasan 2021,venous,external,10.9583,0.00035452
hasan_S_ket,KET_S,Hasan 2021,venous,external,10.9783,0.000353316
hasan_S_ket,KET_S,Hasan 2021,venous,external,10.9983,0.000352115
hasan_S_ket,KET_S,Hasan 2021,venous,external,11.0184,0.000350919
hasan_S_ket,KET_S,Hasan 2021,venous,external,11.0384,0.000349727
hasan_S_ket,KET_S,Hasan 2021,venous,external,11.0584,0.000348539
hasan_S_ket,KET_S,Hasan 2021,venous,external,11.0785,0.000347355
hasan_S_ket,KET_S,Hasan 2021,venous,external,11.0985,0.000346174
hasan_S_ket,KET_S,Hasan 2021,venous,external,11.1185,0.000344998
hasan_S_ket,KET_S,Hasan 2021,venous,external,11.1386,0.000343826
hasan_S_ket,KET_S,Hasan 2021,venous,external,11.1586,0.000342658
hasan_S_ket,KET_S,Hasan 2021,venous,external,11.1786,0.000341494
hasan_S_ket,KET_S,Hasan 2021,venous,external,11.1987,0.000340334
hasan_S_ket,KET_S,Hasan 2021,venous,external,11.2187,0.000339178
hasan_S_ket,KET_S,Hasan 2021,venous,external,11.2387,0.000338025
hasan_S_ket,KET_S,Hasan 2021,venous,external,11.2588,0.000336877
hasan_S_ket,KET_S,Hasan 2021,venous,external,11.2788,0.000335732
hasan_S_ket,KET_S,Hasan 2021,venous,external,11.2988,0.000334592
hasan_S_ket,KET_S,Hasan 2021,venous,external,11.3189,0.000333455
hasan_S_ket,KET_S,Hasan 2021,venous,external,11.3389,0.000332322
hasan_S_ket,KET_S,Hasan 2021,venous,external,11.3589,0.000331193
hasan_S_ket,KET_S,Hasan 2021,venous,external,11.379,0.000330068
hasan_S_ket,KET_S,Hasan 2021,venous,external,11.399,0.000328947
hasan_S_ket,KET_S,Hasan 2021,venous,external,11.419,0.000327829
hasan_S_ket,KET_S,Hasan 2021,venous,external,11.4391,0.000326715
hasan_S_ket,KET_S,Hasan 2021,venous,external,11.4591,0.000325605
hasan_S_ket,KET_S,Hasan 2021,venous,external,11.4791,0.000324499
hasan_S_ket,KET_S,Hasan 2021,venous,external,11.4992,0.000323397
hasan_S_ket,KET_S,Hasan 2021,venous,external,11.5192,0.000322298
hasan_S_ket,KET_S,Hasan 2021,venous,external,11.5392,0.000321203
hasan_S_ket,KET_S,Hasan 2021,venous,external,11.5593,0.000320112
hasan_S_ket,KET_S,Hasan 2021,venous,external,11.5793,0.000319024
hasan_S_ket,KET_S,Hasan 2021,venous,external,11.5993,0.00031794
hasan_S_ket,KET_S,Hasan 2021,venous,external,11.6194,0.00031686
hasan_S_ket,KET_S,Hasan 2021,venous,external,11.6394,0.000315784
hasan_S_ket,KET_S,Hasan 2021,venous,external,11.6594,0.000314711
hasan_S_ket,KET_S,Hasan 2021,venous,external,11.6795,0.000313642
hasan_S_ket,KET_S,Hasan 2021,venous,external,11.6995,0.000312576
hasan_S_ket,KET_S,Hasan 2021,venous,external,11.7195,0.000311514
hasan_S_ket,KET_S,Hasan 2021,venous,external,11.7396,0.000310456
hasan_S_ket,KET_S,Hasan 2021,venous,external,11.7596,0.000309401
hasan_S_ket,KET_S,Hasan 2021,venous,external,11.7796,0.00030835
hasan_S_ket,KET_S,Hasan 2021,venous,external,11.7997,0.000307302
hasan_S_ket,KET_S,Hasan 2021,venous,external,11.8197,0.000306258
hasan_S_ket,KET_S,Hasan 2021,venous,external,11.8397,0.000305218
hasan_S_ket,KET_S,Hasan 2021,venous,external,11.8598,0.000304181
hasan_S_ket,KET_S,Hasan 2021,venous,external,11.8798,0.000303148
hasan_S_ket,KET_S,Hasan 2021,venous,external,11.8998,0.000302118
hasan_S_ket,KET_S,Hasan 2021,venous,external,11.9199,0.000301091
hasan_S_ket,KET_S,Hasan 2021,venous,external,11.9399,0.000300068
hasan_S_ket,KET_S,Hasan 2021,venous,external,11.9599,0.000299049
hasan_S_ket,KET_S,Hasan 2021,venous,external,11.98,0.000298033
hasan_S_ket,KET_S,Hasan 2021,venous,external,12,0.00029702
hasan_R_ket,KET_R,Hasan 2021,venous,external,0,0
hasan_R_ket,KET_R,Hasan 2021,venous,external,0.0200334,0.0483634
hasan_R_ket,KET_R,Hasan 2021,venous,external,0.0400668,0.0452696
hasan_R_ket,KET_R,Hasan 2021,venous,external,0.0601002,0.0423939
hasan_R_ket,KET_R,Hasan 2021,venous,external,0.0801336,0.0397165
hasan_R_ket,KET_R,Hasan 2021,venous,external,0.100167,0.0372216
hasan_R_ket,KET_R,Hasan 2021,venous,external,0.1202,0.0348952
hasan_R_ket,KET_R,Hasan 2021,venous,external,0.140234,0.0327251
hasan_R_ket,KET_R,Hasan 2021,venous,external,0.160267,0.0307
hasan_R_ket,KET_R,Hasan 2021,venous,external,0.180301,0.0288098
hasan_R_ket,KET_R,Hasan 2021,venous,external,0.200334,0.0270452
hasan_R_ket,KET_R,Hasan 2021,venous,external,0.220367,0.0253977
hasan_R_ket,KET_R,Hasan 2021,venous,external,0.240401,0.0238593
hasan_R_ket,KET_R,Hasan 2021,venous,external,0.260434,0.0224227
hasan_R_ket,KET_R,Hasan 2021,venous,external,0.280467,0.021081
hasan_R_ket,KET_R,Hasan 2021,venous,external,0.300501,0.019828
hasan_R_ket,KET_R,Hasan 2021,venous,external,0.320534,0.0186576
hasan_R_ket,KET_R,Hasan 2021,venous,external,0.340568,0.0175645
hasan_R_ket,KET_R,Hasan 2021,venous,external,0.360601,0.0165434
hasan_R_ket,KET_R,Hasan 2021,venous,external,0.380634,0.0155896
hasan_R_ket,KET_R,Hasan 2021,venous,external,0.400668,0.0146987
hasan_R_ket,KET_R,Hasan 2021,venous,external,0.420701,0.0138663
hasan_R_ket,KET_R,Hasan 2021,venous,external,0.440735,0.0130888
hasan_R_ket,KET_R,Hasan 2021,venous,external,0.460768,0.0123623
hasan_R_ket,KET_R,Hasan 2021,venous,external,0.480801,0.0116836
hasan_R_ket,KET_R,Hasan 2021,venous,external,0.500835,0.0110494
hasan_R_ket,KET_R,Hasan 2021,venous,external,0.520868,0.0104569
hasan_R_ket,KET_R,Hasan 2021,venous,external,0.540902,0.00990315
hasan_R_ket,KET_R,Hasan 2021,venous,external,0.560935,0.00938571
hasan_R_ket,KET_R,Hasan 2021,venous,external,0.580968,0.00890214
hasan_R_ket,KET_R,Hasan 2021,venous,external,0.601002,0.00845019
hasan_R_ket,KET_R,Hasan 2021,venous,external,0.621035,0.00802776
hasan_R_ket,KET_R,Hasan 2021,venous,external,0.641068,0.0076329
hasan_R_ket,KET_R,Hasan 2021,venous,external,0.661102,0.00726379
hasan_R_ket,KET_R,Hasan 2021,venous,external,0.681135,0.0069187
hasan_R_ket,KET_R,Hasan 2021,venous,external,0.701169,0.00659606
hasan_R_ket,KET_R,Hasan 2021,venous,external,0.721202,0.00629438
hasan_R_ket,KET_R,Hasan 2021,venous,external,0.741235,0.00601226
hasan_R_ket,KET_R,Hasan 2021,venous,external,0.761269,0.0057484
hasan_R_ket,KET_R,Hasan 2021,venous,external,0.781302,0.00550161
hasan_R_ket,KET_R,Hasan 2021,venous,external,0.801336,0.00527074
hasan_R_ket,KET_R,Hasan 2021,venous,external,0.821369,0.00505475
hasan_R_ket,KET_R,Hasan 2021,venous,external,0.841402,0.00485265
hasan_R_ket,KET_R,Hasan 2021,venous,external,0.861436,0.00466351
hasan_R_ket,KET_R,Hasan 2021,venous,external,0.881469,0.00448648
hasan_R_ket,KET_R,Hasan 2021,venous,external,0.901503,0.00432076
hasan_R_ket,KET_R,Hasan 2021,venous,external,0.921536,0.0041656
hasan_R_ket,KET_R,Hasan 2021,venous,external,0.941569,0.0040203
hasan_R_ket,KET_R,Hasan 2021,venous,external,0.961603,0.00388421
hasan_R_ket,KET_R,Hasan 2021,venous,external,0.981636,0.00375671
hasan_R_ket,KET_R,Hasan 2021,venous,external,1.00167,0.00363724
hasan_R_ket,KET_R,Hasan 2021,venous,external,1.0217,0.00352527
hasan_R_ket,KET_R,Hasan 2021,venous,external,1.04174,0.0034203
hasan_R_ket,KET_R,Hasan 2021,venous,external,1.06177,0.00332187
hasan_R_ket,KET_R,Hasan 2021,venous,external,1.0818,0.00322954
hasan_R_ket,KET_R,Hasan 2021,venous,external,1.10184,0.00314292
hasan_R_ket,KET_R,Hasan 2021,venous,external,1.12187,0.00306162
hasan_R_ket,KET_R,Hasan 2021,venous,external,1.1419,0.00298529
hasan_R_ket,KET_R,Hasan 2021,venous,external,1.16194,0.00291361
hasan_R_ket,KET_R,Hasan 2021,venous,external,1.18197,0.00284627
hasan_R_ket,KET_R,Hasan 2021,venous,external,1.202,0.00278298
hasan_R_ket,KET_R,Hasan 2021,venous,external,1.22204,0.00272348
hasan_R_ket,KET_R,Hasan 2021,venous,external,1.24207,0.0026675
hasan_R_ket,KET_R,Hasan 2021,venous,external,1.2621,0.00261483
hasan_R_ket,KET_R,Hasan 2021,venous,external,1.28214,0.00256525
hasan_R_ket,KET_R,Hasan 2021,venous,external,1.30217,0.00251854
hasan_R_ket,KET_R,Hasan 2021,venous,external,1.3222,0.00247453
hasan_R_ket,KET_R,Hasan 2021,venous,external,1.34224,0.00243303
hasan_R_ket,KET_R,Hasan 2021,venous,external,1.36227,0.00239388
hasan_R_ket,KET_R,Hasan 2021,venous,external,1.3823,0.00235692
hasan_R_ket,KET_R,Hasan 2021,venous,external,1.40234,0.00232201
hasan_R_ket,KET_R,Hasan 2021,venous,external,1.42237,0.00228902
hasan_R_ket,KET_R,Hasan 2021,venous,external,1.4424,0.00225781
hasan_R_ket,KET_R,Hasan 2021,venous,external,1.46244,0.00222828
hasan_R_ket,KET_R,Hasan 2021,venous,external,1.48247,0.00220031
hasan_R_ket,KET_R,Hasan 2021,venous,external,1.5025,0.0021738
hasan_R_ket,KET_R,Hasan 2021,venous,external,1.52254,0.00214865
hasan_R_ket,KET_R,Hasan 2021,venous,external,1.54257,0.00212478
hasan_R_ket,KET_R,Hasan 2021,venous,external,1.5626,0.0021021
hasan_R_ket,KET_R,Hasan 2021,venous,external,1.58264,0.00208054
hasan_R_ket,KET_R,Hasan 2021,venous,external,1.60267,0.00206001
hasan_R_ket,KET_R,Hasan 2021,venous,external,1.6227,0.00204046
hasan_R_ket,KET_R,Hasan 2021,venous,external,1.64274,0.00202182
hasan_R_ket,KET_R,Hasan 2021,venous,external,1.66277,0.00200403
hasan_R_ket,KET_R,Hasan 2021,venous,external,1.6828,0.00198704
hasan_R_ket,KET_R,Hasan 2021,venous,external,1.70284,0.00197079
hasan_R_ket,KET_R,Hasan 2021,venous,external,1.72287,0.00195524
hasan_R_ket,KET_R,Hasan 2021,venous,external,1.7429,0.00194034
hasan_R_ket,KET_R,Hasan 2021,venous,external,1.76294,0.00192605
hasan_R_ket,KET_R,Hasan 2021,venous,external,1.78297,0.00191233
hasan_R_ket,KET_R,Hasan 2021,venous,external,1.80301,0.00189915
hasan_R_ket,KET_R,Hasan 2021,venous,external,1.82304,0.00188646
hasan_R_ket,KET_R,Hasan 2021,venous,external,1.84307,0.00187424
hasan_R_ket,KET_R,Hasan 2021,venous,external,1.86311,0.00186246
hasan_R_ket,KET_R,Hasan 2021,venous,external,1.88314,0.00185109
hasan_R_ket,KET_R,Hasan 2021,venous,external,1.90317,0.0018401
hasan_R_ket,KET_R,Hasan 2021,venous,external,1.92321,0.00182947
hasan_R_ket,KET_R,Hasan 2021,venous,external,1.94324,0.00181918
hasan_R_ket,KET_R,Hasan 2021,venous,external,1.96327,0.00180921
hasan_R_ket,KET_R,Hasan 2021,venous,external,1.98331,0.00179953
hasan_R_ket,KET_R,Hasan 2021,venous,external,2.00334,0.00179013
hasan_R_ket,KET_R,Hasan 2021,venous,external,2.02337,0.00178099
hasan_R_ket,KET_R,Hasan 2021,venous,external,2.04341,0.00177209
hasan_R_ket,KET_R,Hasan 2021,venous,external,2.06344,0.00176343
hasan_R_ket,KET_R,Hasan 2021,venous,external,2.08347,0.00175498
hasan_R_ket,KET_R,Hasan 2021,venous,external,2.10351,0.00174673
hasan_R_ket,KET_R,Hasan 2021,venous,external,2.12354,0.00173867
hasan_R_ket,KET_R,Hasan 2021,venous,external,2.14357,0.00173079
hasan_R_ket,KET_R,Hasan 2021,venous,external,2.16361,0.00172308
hasan_R_ket,KET_R,Hasan 2021,venous,external,2.18364,0.00171553
hasan_R_ket,KET_R,Hasan 2021,venous,external,2.20367,0.00170812
hasan_R_ket,KET_R,Hasan 2021,venous,external,2.22371,0.00170086
hasan_R_ket,KET_R,Hasan 2021,venous,external,2.24374,0.00169372
hasan_R_ket,KET_R,Hasan 2021,venous,external,2.26377,0.00168672
hasan_R_ket,KET_R,Hasan 2021,venous,external,2.28381,0.00167982
hasan_R_ket,KET_R,Hasan 2021,venous,external,2.30384,0.00167304
hasan_R_ket,KET_R,Hasan 2021,venous,external,2.32387,0.00166637
hasan_R_ket,KET_R,Hasan 2021,venous,external,2.34391,0.00165979
hasan_R_ket,KET_R,Hasan 2021,venous,external,2.36394,0.0016533
hasan_R_ket,KET_R,Hasan 2021,venous,external,2.38397,0.00164691
hasan_R_ket,KET_R,Hasan 2021,venous,external,2.40401,0.00164059
hasan_R_ket,KET_R,Hasan 2021,venous,external,2.42404,0.00163436
hasan_R_ket,KET_R,Hasan 2021,venous,external,2.44407,0.0016282
hasan_R_ket,KET_R,Hasan 2021,venous,external,2.46411,0.00162211
hasan_R_ket,KET_R,Hasan 2021,venous,external,2.48414,0.00161609
hasan_R_ket,KET_R,Hasan 2021,venous,external,2.50417,0.00161014
hasan_R_ket,KET_R,Hasan 2021,venous,external,2.52421,0.00160424
hasan_R_ket,KET_R,Hasan 2021,venous,external,2.54424,0.0015984
hasan_R_ket,KET_R,Hasan 2021,venous,external,2.56427,0.00159262
hasan_R_ket,KET_R,Hasan 2021,venous,external,2.58431,0.00158689
hasan_R_ket,KET_R,Hasan 2021,venous,external,2.60434,0.00158121
hasan_R_ket,KET_R,Hasan 2021,venous,external,2.62437,0.00157558
hasan_R_ket,KET_R,Hasan 2021,venous,external,2.64441,0.00156999
hasan_R_ket,KET_R,Hasan 2021,venous,external,2.66444,0.00156445
hasan_R_ket,KET_R,Hasan 2021,venous,external,2.68447,0.00155895
hasan_R_ket,KET_R,Hasan 2021,venous,external,2.70451,0.00155349
hasan_R_ket,KET_R,Hasan 2021,venous,external,2.72454,0.00154807
hasan_R_ket,KET_R,Hasan 2021,venous,external,2.74457,0.00154269
hasan_R_ket,KET_R,Hasan 2021,venous,external,2.76461,0.00153734
hasan_R_ket,KET_R,Hasan 2021,venous,external,2.78464,0.00153203
hasan_R_ket,KET_R,Hasan 2021,venous,external,2.80467,0.00152675
hasan_R_ket,KET_R,Hasan 2021,venous,external,2.82471,0.0015215
hasan_R_ket,KET_R,Hasan 2021,venous,external,2.84474,0.00151628
hasan_R_ket,KET_R,Hasan 2021,venous,external,2.86477,0.0015111
hasan_R_ket,KET_R,Hasan 2021,venous,external,2.88481,0.00150594
hasan_R_ket,KET_R,Hasan 2021,venous,external,2.90484,0.00150081
hasan_R_ket,KET_R,Hasan 2021,venous,external,2.92487,0.00149571
hasan_R_ket,KET_R,Hasan 2021,venous,external,2.94491,0.00149064
hasan_R_ket,KET_R,Hasan 2021,venous,external,2.96494,0.00148559
hasan_R_ket,KET_R,Hasan 2021,venous,external,2.98497,0.00148056
hasan_R_ket,KET_R,Hasan 2021,venous,external,3.00501,0.00147556
hasan_R_ket,KET_R,Hasan 2021,venous,external,3.02504,0.00147059
hasan_R_ket,KET_R,Hasan 2021,venous,external,3.04508,0.00146564
hasan_R_ket,KET_R,Hasan 2021,venous,external,3.06511,0.00146071
hasan_R_ket,KET_R,Hasan 2021,venous,external,3.08514,0.0014558
hasan_R_ket,KET_R,Hasan 2021,venous,external,3.10518,0.00145092
hasan_R_ket,KET_R,Hasan 2021,venous,external,3.12521,0.00144605
hasan_R_ket,KET_R,Hasan 2021,venous,external,3.14524,0.00144121
hasan_R_ket,KET_R,Hasan 2021,venous,external,3.16528,0.00143639
hasan_R_ket,KET_R,Hasan 2021,venous,external,3.18531,0.00143159
hasan_R_ket,KET_R,Hasan 2021,venous,external,3.20534,0.0014268
hasan_R_ket,KET_R,Hasan 2021,venous,external,3.22538,0.00142204
hasan_R_ket,KET_R,Hasan 2021,venous,external,3.24541,0.0014173
hasan_R_ket,KET_R,Hasan 2021,venous,external,3.26544,0.00141257
hasan_R_ket,KET_R,Hasan 2021,venous,external,3.28548,0.00140787
hasan_R_ket,KET_R,Hasan 2021,venous,external,3.30551,0.00140318
hasan_R_ket,KET_R,Hasan 2021,venous,external,3.32554,0.00139851
hasan_R_ket,KET_R,Hasan 2021,venous,external,3.34558,0.00139386
hasan_R_ket,KET_R,Hasan 2021,venous,external,3.36561,0.00138923
hasan_R_ket,KET_R,Hasan 2021,venous,external,3.38564,0.00138461
hasan_R_ket,KET_R,Hasan 2021,venous,external,3.40568,0.00138001
hasan_R_ket,KET_R,Hasan 2021,venous,external,3.42571,0.00137543
hasan_R_ket,KET_R,Hasan 2021,venous,external,3.44574,0.00137086
hasan_R_ket,KET_R,Hasan 2021,venous,external,3.46578,0.00136631
hasan_R_ket,KET_R,Hasan 2021,venous,external,3.48581,0.00136178
hasan_R_ket,KET_R,Hasan 2021,venous,external,3.50584,0.00135727
hasan_R_ket,KET_R,Hasan 2021,venous,external,3.52588,0.00135277
hasan_R_ket,KET_R,Hasan 2021,venous,external,3.54591,0.00134829
hasan_R_ket,KET_R,Hasan 2021,venous,external,3.56594,0.00134382
hasan_R_ket,KET_R,Hasan 2021,venous,external,3.58598,0.00133937
hasan_R_ket,KET_R,Hasan 2021,venous,external,3.60601,0.00133493
hasan_R_ket,KET_R,Hasan 2021,venous,external,3.62604,0.00133051
hasan_R_ket,KET_R,Hasan 2021,venous,external,3.64608,0.00132611
hasan_R_ket,KET_R,Hasan 2021,venous,external,3.66611,0.00132172
hasan_R_ket,KET_R,Hasan 2021,venous,external,3.68614,0.00131734
hasan_R_ket,KET_R,Hasan 2021,venous,external,3.70618,0.00131299
hasan_R_ket,KET_R,Hasan 2021,venous,external,3.72621,0.00130864
hasan_R_ket,KET_R,Hasan 2021,venous,external,3.74624,0.00130431
hasan_R_ket,KET_R,Hasan 2021,venous,external,3.76628,0.0013
hasan_R_ket,KET_R,Hasan 2021,venous,external,3.78631,0.0012957
hasan_R_ket,KET_R,Hasan 2021,venous,external,3.80634,0.00129142
hasan_R_ket,KET_R,Hasan 2021,venous,external,3.82638,0.00128715
hasan_R_ket,KET_R,Hasan 2021,venous,external,3.84641,0.00128289
hasan_R_ket,KET_R,Hasan 2021,venous,external,3.86644,0.00127865
hasan_R_ket,KET_R,Hasan 2021,venous,external,3.88648,0.00127442
hasan_R_ket,KET_R,Hasan 2021,venous,external,3.90651,0.00127021
hasan_R_ket,KET_R,Hasan 2021,venous,external,3.92654,0.00126601
hasan_R_ket,KET_R,Hasan 2021,venous,external,3.94658,0.00126183
hasan_R_ket,KET_R,Hasan 2021,venous,external,3.96661,0.00125766
hasan_R_ket,KET_R,Hasan 2021,venous,external,3.98664,0.0012535
hasan_R_ket,KET_R,Hasan 2021,venous,external,4.00668,0.00124936
hasan_R_ket,KET_R,Hasan 2021,venous,external,4.02671,0.00124524
hasan_R_ket,KET_R,Hasan 2021,venous,external,4.04674,0.00124112
hasan_R_ket,KET_R,Hasan 2021,venous,external,4.06678,0.00123702
hasan_R_ket,KET_R,Hasan 2021,venous,external,4.08681,0.00123294
hasan_R_ket,KET_R,Hasan 2021,venous,external,4.10684,0.00122886
hasan_R_ket,KET_R,Hasan 2021,venous,external,4.12688,0.0012248
hasan_R_ket,KET_R,Hasan 2021,venous,external,4.14691,0.00122076
hasan_R_ket,KET_R,Hasan 2021,venous,external,4.16694,0.00121673
hasan_R_ket,KET_R,Hasan 2021,venous,external,4.18698,0.00121271
hasan_R_ket,KET_R,Hasan 2021,venous,external,4.20701,0.0012087
hasan_R_ket,KET_R,Hasan 2021,venous,external,4.22705,0.00120471
hasan_R_ket,KET_R,Hasan 2021,venous,external,4.24708,0.00120073
hasan_R_ket,KET_R,Hasan 2021,venous,external,4.26711,0.00119677
hasan_R_ket,KET_R,Hasan 2021,venous,external,4.28715,0.00119282
hasan_R_ket,KET_R,Hasan 2021,venous,external,4.30718,0.00118888
hasan_R_ket,KET_R,Hasan 2021,venous,external,4.32721,0.00118495
hasan_R_ket,KET_R,Hasan 2021,venous,external,4.34725,0.00118104
hasan_R_ket,KET_R,Hasan 2021,venous,external,4.36728,0.00117714
hasan_R_ket,KET_R,Hasan 2021,venous,external,4.38731,0.00117325
hasan_R_ket,KET_R,Hasan 2021,venous,external,4.40735,0.00116938
hasan_R_ket,KET_R,Hasan 2021,venous,external,4.42738,0.00116552
hasan_R_ket,KET_R,Hasan 2021,venous,external,4.44741,0.00116167
hasan_R_ket,KET_R,Hasan 2021,venous,external,4.46745,0.00115783
hasan_R_ket,KET_R,Hasan 2021,venous,external,4.48748,0.00115401
hasan_R_ket,KET_R,Hasan 2021,venous,external,4.50751,0.0011502
hasan_R_ket,KET_R,Hasan 2021,venous,external,4.52755,0.0011464
hasan_R_ket,KET_R,Hasan 2021,venous,external,4.54758,0.00114262
hasan_R_ket,KET_R,Hasan 2021,venous,external,4.56761,0.00113885
hasan_R_ket,KET_R,Hasan 2021,venous,external,4.58765,0.00113509
hasan_R_ket,KET_R,Hasan 2021,venous,external,4.60768,0.00113134
hasan_R_ket,KET_R,Hasan 2021,venous,external,4.62771,0.0011276
hasan_R_ket,KET_R,Hasan 2021,venous,external,4.64775,0.00112388
hasan_R_ket,KET_R,Hasan 2021,venous,external,4.66778,0.00112017
hasan_R_ket,KET_R,Hasan 2021,venous,external,4.68781,0.00111647
hasan_R_ket,KET_R,Hasan 2021,venous,external,4.70785,0.00111279
hasan_R_ket,KET_R,Hasan 2021,venous,external,4.72788,0.00110911
hasan_R_ket,KET_R,Hasan 2021,venous,external,4.74791,0.00110545
hasan_R_ket,KET_R,Hasan 2021,venous,external,4.76795,0.0011018
hasan_R_ket,KET_R,Hasan 2021,venous,external,4.78798,0.00109816
hasan_R_ket,KET_R,Hasan 2021,venous,external,4.80801,0.00109454
hasan_R_ket,KET_R,Hasan 2021,venous,external,4.82805,0.00109093
hasan_R_ket,KET_R,Hasan 2021,venous,external,4.84808,0.00108732
hasan_R_ket,KET_R,Hasan 2021,venous,external,4.86811,0.00108373
hasan_R_ket,KET_R,Hasan 2021,venous,external,4.88815,0.00108016
hasan_R_ket,KET_R,Hasan 2021,venous,external,4.90818,0.00107659
hasan_R_ket,KET_R,Hasan 2021,venous,external,4.92821,0.00107304
hasan_R_ket,KET_R,Hasan 2021,venous,external,4.94825,0.0010695
hasan_R_ket,KET_R,Hasan 2021,venous,external,4.96828,0.00106596
hasan_R_ket,KET_R,Hasan 2021,venous,external,4.98831,0.00106245
hasan_R_ket,KET_R,Hasan 2021,venous,external,5.00835,0.00105894
hasan_R_ket,KET_R,Hasan 2021,venous,external,5.02838,0.00105544
hasan_R_ket,KET_R,Hasan 2021,venous,external,5.04841,0.00105196
hasan_R_ket,KET_R,Hasan 2021,venous,external,5.06845,0.00104849
hasan_R_ket,KET_R,Hasan 2021,venous,external,5.08848,0.00104502
hasan_R_ket,KET_R,Hasan 2021,venous,external,5.10851,0.00104157
hasan_R_ket,KET_R,Hasan 2021,venous,external,5.12855,0.00103814
hasan_R_ket,KET_R,Hasan 2021,venous,external,5.14858,0.00103471
hasan_R_ket,KET_R,Hasan 2021,venous,external,5.16861,0.00103129
hasan_R_ket,KET_R,Hasan 2021,venous,external,5.18865,0.00102789
hasan_R_ket,KET_R,Hasan 2021,venous,external,5.20868,0.0010245
hasan_R_ket,KET_R,Hasan 2021,venous,external,5.22871,0.00102111
hasan_R_ket,KET_R,Hasan 2021,venous,external,5.24875,0.00101774
hasan_R_ket,KET_R,Hasan 2021,venous,external,5.26878,0.00101438
hasan_R_ket,KET_R,Hasan 2021,venous,external,5.28881,0.00101103
hasan_R_ket,KET_R,Hasan 2021,venous,external,5.30885,0.0010077
hasan_R_ket,KET_R,Hasan 2021,venous,external,5.32888,0.00100437
hasan_R_ket,KET_R,Hasan 2021,venous,external,5.34891,0.00100106
hasan_R_ket,KET_R,Hasan 2021,venous,external,5.36895,0.000997751
hasan_R_ket,KET_R,Hasan 2021,venous,external,5.38898,0.000994457
hasan_R_ket,KET_R,Hasan 2021,venous,external,5.40902,0.000991174
hasan_R_ket,KET_R,Hasan 2021,venous,external,5.42905,0.000987902
hasan_R_ket,KET_R,Hasan 2021,venous,external,5.44908,0.000984641
hasan_R_ket,KET_R,Hasan 2021,venous,external,5.46912,0.000981391
hasan_R_ket,KET_R,Hasan 2021,venous,external,5.48915,0.000978151
hasan_R_ket,KET_R,Hasan 2021,venous,external,5.50918,0.000974922
hasan_R_ket,KET_R,Hasan 2021,venous,external,5.52922,0.000971704
hasan_R_ket,KET_R,Hasan 2021,venous,external,5.54925,0.000968496
hasan_R_ket,KET_R,Hasan 2021,venous,external,5.56928,0.000965299
hasan_R_ket,KET_R,Hasan 2021,venous,external,5.58932,0.000962113
hasan_R_ket,KET_R,Hasan 2021,venous,external,5.60935,0.000958937
hasan_R_ket,KET_R,Hasan 2021,venous,external,5.62938,0.000955771
hasan_R_ket,KET_R,Hasan 2021,venous,external,5.64942,0.000952616
hasan_R_ket,KET_R,Hasan 2021,venous,external,5.66945,0.000949471
hasan_R_ket,KET_R,Hasan 2021,venous,external,5.68948,0.000946337
hasan_R_ket,KET_R,Hasan 2021,venous,external,5.70952,0.000943213
hasan_R_ket,KET_R,Hasan 2021,venous,external,5.72955,0.000940099
hasan_R_ket,KET_R,Hasan 2021,venous,external,5.74958,0.000936996
hasan_R_ket,KET_R,Hasan 2021,venous,external,5.76962,0.000933903
hasan_R_ket,KET_R,Hasan 2021,venous,external,5.78965,0.00093082
hasan_R_ket,KET_R,Hasan 2021,venous,external,5.80968,0.000927747
hasan_R_ket,KET_R,Hasan 2021,venous,external,5.82972,0.000924685
hasan_R_ket,KET_R,Hasan 2021,venous,external,5.84975,0.000921632
hasan_R_ket,KET_R,Hasan 2021,venous,external,5.86978,0.00091859
hasan_R_ket,KET_R,Hasan 2021,venous,external,5.88982,0.000915558
hasan_R_ket,KET_R,Hasan 2021,venous,external,5.90985,0.000912535
hasan_R_ket,KET_R,Hasan 2021,venous,external,5.92988,0.000909523
hasan_R_ket,KET_R,Hasan 2021,venous,external,5.94992,0.000906521
hasan_R_ket,KET_R,Hasan 2021,venous,external,5.96995,0.000903528
hasan_R_ket,KET_R,Hasan 2021,venous,external,5.98998,0.000900546
hasan_R_ket,KET_R,Hasan 2021,venous,external,6.01002,0.000897573
hasan_R_ket,KET_R,Hasan 2021,venous,external,6.03005,0.00089461
hasan_R_ket,KET_R,Hasan 2021,venous,external,6.05008,0.000891657
hasan_R_ket,KET_R,Hasan 2021,venous,external,6.07012,0.000888713
hasan_R_ket,KET_R,Hasan 2021,venous,external,6.09015,0.00088578
hasan_R_ket,KET_R,Hasan 2021,venous,external,6.11018,0.000882856
hasan_R_ket,KET_R,Hasan 2021,venous,external,6.13022,0.000879941
hasan_R_ket,KET_R,Hasan 2021,venous,external,6.15025,0.000877037
hasan_R_ket,KET_R,Hasan 2021,venous,external,6.17028,0.000874141
hasan_R_ket,KET_R,Hasan 2021,venous,external,6.19032,0.000871256
hasan_R_ket,KET_R,Hasan 2021,venous,external,6.21035,0.00086838
hasan_R_ket,KET_R,Hasan 2021,venous,external,6.23038,0.000865513
hasan_R_ket,KET_R,Hasan 2021,venous,external,6.25042,0.000862656
hasan_R_ket,KET_R,Hasan 2021,venous,external,6.27045,0.000859808
hasan_R_ket,KET_R,Hasan 2021,venous,external,6.29048,0.00085697
hasan_R_ket,KET_R,Hasan 2021,venous,external,6.31052,0.000854141
hasan_R_ket,KET_R,Hasan 2021,venous,external,6.33055,0.000851322
hasan_R_ket,KET_R,Hasan 2021,venous,external,6.35058,0.000848511
hasan_R_ket,KET_R,Hasan 2021,venous,external,6.37062,0.00084571
hasan_R_ket,KET_R,Hasan 2021,venous,external,6.39065,0.000842919
hasan_R_ket,KET_R,Hasan 2021,venous,external,6.41068,0.000840136
hasan_R_ket,KET_R,Hasan 2021,venous,external,6.43072,0.000837363
hasan_R_ket,KET_R,Hasan 2021,venous,external,6.45075,0.000834599
hasan_R_ket,KET_R,Hasan 2021,venous,external,6.47078,0.000831843
hasan_R_ket,KET_R,Hasan 2021,venous,external,6.49082,0.000829097
hasan_R_ket,KET_R,Hasan 2021,venous,external,6.51085,0.000826361
hasan_R_ket,KET_R,Hasan 2021,venous,external,6.53088,0.000823633
hasan_R_ket,KET_R,Hasan 2021,venous,external,6.55092,0.000820914
hasan_R_ket,KET_R,Hasan 2021,venous,external,6.57095,0.000818204
hasan_R_ket,KET_R,Hasan 2021,venous,external,6.59098,0.000815503
hasan_R_ket,KET_R,Hasan 2021,venous,external,6.61102,0.000812811
hasan_R_ket,KET_R,Hasan 2021,venous,external,6.63105,0.000810128
hasan_R_ket,KET_R,Hasan 2021,venous,external,6.65109,0.000807454
hasan_R_ket,KET_R,Hasan 2021,venous,external,6.67112,0.000804788
hasan_R_ket,KET_R,Hasan 2021,venous,external,6.69115,0.000802131
hasan_R_ket,KET_R,Hasan 2021,venous,external,6.71119,0.000799484
hasan_R_ket,KET_R,Hasan 2021,venous,external,6.73122,0.000796844
hasan_R_ket,KET_R,Hasan 2021,venous,external,6.75125,0.000794214
hasan_R_ket,KET_R,Hasan 2021,venous,external,6.77129,0.000791592
hasan_R_ket,KET_R,Hasan 2021,venous,external,6.79132,0.000788979
hasan_R_ket,KET_R,Hasan 2021,venous,external,6.81135,0.000786375
hasan_R_ket,KET_R,Hasan 2021,venous,external,6.83139,0.000783779
hasan_R_ket,KET_R,Hasan 2021,venous,external,6.85142,0.000781191
hasan_R_ket,KET_R,Hasan 2021,venous,external,6.87145,0.000778613
hasan_R_ket,KET_R,Hasan 2021,venous,external,6.89149,0.000776042
hasan_R_ket,KET_R,Hasan 2021,venous,external,6.91152,0.000773481
hasan_R_ket,KET_R,Hasan 2021,venous,external,6.93155,0.000770927
hasan_R_ket,KET_R,Hasan 2021,venous,external,6.95159,0.000768383
hasan_R_ket,KET_R,Hasan 2021,venous,external,6.97162,0.000765846
hasan_R_ket,KET_R,Hasan 2021,venous,external,6.99165,0.000763318
hasan_R_ket,KET_R,Hasan 2021,venous,external,7.01169,0.000760798
hasan_R_ket,KET_R,Hasan 2021,venous,external,7.03172,0.000758287
hasan_R_ket,KET_R,Hasan 2021,venous,external,7.05175,0.000755784
hasan_R_ket,KET_R,Hasan 2021,venous,external,7.07179,0.000753289
hasan_R_ket,KET_R,Hasan 2021,venous,external,7.09182,0.000750802
hasan_R_ket,KET_R,Hasan 2021,venous,external,7.11185,0.000748324
hasan_R_ket,KET_R,Hasan 2021,venous,external,7.13189,0.000745853
hasan_R_ket,KET_R,Hasan 2021,venous,external,7.15192,0.000743391
hasan_R_ket,KET_R,Hasan 2021,venous,external,7.17195,0.000740937
hasan_R_ket,KET_R,Hasan 2021,venous,external,7.19199,0.000738491
hasan_R_ket,KET_R,Hasan 2021,venous,external,7.21202,0.000736054
hasan_R_ket,KET_R,Hasan 2021,venous,external,7.23205,0.000733624
hasan_R_ket,KET_R,Hasan 2021,venous,external,7.25209,0.000731202
hasan_R_ket,KET_R,Hasan 2021,venous,external,7.27212,0.000728788
hasan_R_ket,KET_R,Hasan 2021,venous,external,7.29215,0.000726383
hasan_R_ket,KET_R,Hasan 2021,venous,external,7.31219,0.000723985
hasan_R_ket,KET_R,Hasan 2021,venous,external,7.33222,0.000721595
hasan_R_ket,KET_R,Hasan 2021,venous,external,7.35225,0.000719213
hasan_R_ket,KET_R,Hasan 2021,venous,external,7.37229,0.000716839
hasan_R_ket,KET_R,Hasan 2021,venous,external,7.39232,0.000714472
hasan_R_ket,KET_R,Hasan 2021,venous,external,7.41235,0.000712114
hasan_R_ket,KET_R,Hasan 2021,venous,external,7.43239,0.000709763
hasan_R_ket,KET_R,Hasan 2021,venous,external,7.45242,0.00070742
hasan_R_ket,KET_R,Hasan 2021,venous,external,7.47245,0.000705085
hasan_R_ket,KET_R,Hasan 2021,venous,external,7.49249,0.000702757
hasan_R_ket,KET_R,Hasan 2021,venous,external,7.51252,0.000700437
hasan_R_ket,KET_R,Hasan 2021,venous,external,7.53255,0.000698125
hasan_R_ket,KET_R,Hasan 2021,venous,external,7.55259,0.000695821
hasan_R_ket,KET_R,Hasan 2021,venous,external,7.57262,0.000693524
hasan_R_ket,KET_R,Hasan 2021,venous,external,7.59265,0.000691234
hasan_R_ket,KET_R,Hasan 2021,venous,external,7.61269,0.000688953
hasan_R_ket,KET_R,Hasan 2021,venous,external,7.63272,0.000686678
hasan_R_ket,KET_R,Hasan 2021,venous,external,7.65275,0.000684412
hasan_R_ket,KET_R,Hasan 2021,venous,external,7.67279,0.000682152
hasan_R_ket,KET_R,Hasan 2021,venous,external,7.69282,0.0006799
hasan_R_ket,KET_R,Hasan 2021,venous,external,7.71285,0.000677656
hasan_R_ket,KET_R,Hasan 2021,venous,external,7.73289,0.000675419
hasan_R_ket,KET_R,Hasan 2021,venous,external,7.75292,0.000673189
hasan_R_ket,KET_R,Hasan 2021,venous,external,7.77295,0.000670967
hasan_R_ket,KET_R,Hasan 2021,venous,external,7.79299,0.000668752
hasan_R_ket,KET_R,Hasan 2021,venous,external,7.81302,0.000666545
hasan_R_ket,KET_R,Hasan 2021,venous,external,7.83306,0.000664344
hasan_R_ket,KET_R,Hasan 2021,venous,external,7.85309,0.000662151
hasan_R_ket,KET_R,Hasan 2021,venous,external,7.87312,0.000659966
hasan_R_ket,KET_R,Hasan 2021,venous,external,7.89316,0.000657787
hasan_R_ket,KET_R,Hasan 2021,venous,external,7.91319,0.000655616
hasan_R_ket,KET_R,Hasan 2021,venous,external,7.93322,0.000653451
hasan_R_ket,KET_R,Hasan 2021,venous,external,7.95326,0.000651294
hasan_R_ket,KET_R,Hasan 2021,venous,external,7.97329,0.000649144
hasan_R_ket,KET_R,Hasan 2021,venous,external,7.99332,0.000647001
hasan_R_ket,KET_R,Hasan 2021,venous,external,8.01336,0.000644866
hasan_R_ket,KET_R,Hasan 2021,venous,external,8.03339,0.000642737
hasan_R_ket,KET_R,Hasan 2021,venous,external,8.05342,0.000640615
hasan_R_ket,KET_R,Hasan 2021,venous,external,8.07346,0.0006385
hasan_R_ket,KET_R,Hasan 2021,venous,external,8.09349,0.000636393
hasan_R_ket,KET_R,Hasan 2021,venous,external,8.11352,0.000634292
hasan_R_ket,KET_R,Hasan 2021,venous,external,8.13356,0.000632198
hasan_R_ket,KET_R,Hasan 2021,venous,external,8.15359,0.000630111
hasan_R_ket,KET_R,Hasan 2021,venous,external,8.17362,0.000628031
hasan_R_ket,KET_R,Hasan 2021,venous,external,8.19366,0.000625958
hasan_R_ket,KET_R,Hasan 2021,venous,external,8.21369,0.000623892
hasan_R_ket,KET_R,Hasan 2021,venous,external,8.23372,0.000621832
hasan_R_ket,KET_R,Hasan 2021,venous,external,8.25376,0.000619779
hasan_R_ket,KET_R,Hasan 2021,venous,external,8.27379,0.000617734
hasan_R_ket,KET_R,Hasan 2021,venous,external,8.29382,0.000615694
hasan_R_ket,KET_R,Hasan 2021,venous,external,8.31386,0.000613662
hasan_R_ket,KET_R,Hasan 2021,venous,external,8.33389,0.000611636
hasan_R_ket,KET_R,Hasan 2021,venous,external,8.35392,0.000609617
hasan_R_ket,KET_R,Hasan 2021,venous,external,8.37396,0.000607605
hasan_R_ket,KET_R,Hasan 2021,venous,external,8.39399,0.000605599
hasan_R_ket,KET_R,Hasan 2021,venous,external,8.41402,0.0006036
hasan_R_ket,KET_R,Hasan 2021,venous,external,8.43406,0.000601607
hasan_R_ket,KET_R,Hasan 2021,venous,external,8.45409,0.000599621
hasan_R_ket,KET_R,Hasan 2021,venous,external,8.47412,0.000597642
hasan_R_ket,KET_R,Hasan 2021,venous,external,8.49416,0.000595669
hasan_R_ket,KET_R,Hasan 2021,venous,external,8.51419,0.000593703
hasan_R_ket,KET_R,Hasan 2021,venous,external,8.53422,0.000591743
hasan_R_ket,KET_R,Hasan 2021,venous,external,8.55426,0.00058979
hasan_R_ket,KET_R,Hasan 2021,venous,external,8.57429,0.000587843
hasan_R_ket,KET_R,Hasan 2021,venous,external,8.59432,0.000585902
hasan_R_ket,KET_R,Hasan 2021,venous,external,8.61436,0.000583968
hasan_R_ket,KET_R,Hasan 2021,venous,external,8.63439,0.00058204
hasan_R_ket,KET_R,Hasan 2021,venous,external,8.65442,0.000580119
hasan_R_ket,KET_R,Hasan 2021,venous,external,8.67446,0.000578204
hasan_R_ket,KET_R,Hasan 2021,venous,external,8.69449,0.000576295
hasan_R_ket,KET_R,Hasan 2021,venous,external,8.71452,0.000574393
hasan_R_ket,KET_R,Hasan 2021,venous,external,8.73456,0.000572497
hasan_R_ket,KET_R,Hasan 2021,venous,external,8.75459,0.000570607
hasan_R_ket,KET_R,Hasan 2021,venous,external,8.77462,0.000568723
hasan_R_ket,KET_R,Hasan 2021,venous,external,8.79466,0.000566846
hasan_R_ket,KET_R,Hasan 2021,venous,external,8.81469,0.000564975
hasan_R_ket,KET_R,Hasan 2021,venous,external,8.83472,0.00056311
hasan_R_ket,KET_R,Hasan 2021,venous,external,8.85476,0.000561251
hasan_R_ket,KET_R,Hasan 2021,venous,external,8.87479,0.000559398
hasan_R_ket,KET_R,Hasan 2021,venous,external,8.89482,0.000557552
hasan_R_ket,KET_R,Hasan 2021,venous,external,8.91486,0.000555711
hasan_R_ket,KET_R,Hasan 2021,venous,external,8.93489,0.000553877
hasan_R_ket,KET_R,Hasan 2021,venous,external,8.95492,0.000552048
hasan_R_ket,KET_R,Hasan 2021,venous,external,8.97496,0.000550226
hasan_R_ket,KET_R,Hasan 2021,venous,external,8.99499,0.00054841
hasan_R_ket,KET_R,Hasan 2021,venous,external,9.01503,0.000546599
hasan_R_ket,KET_R,Hasan 2021,venous,external,9.03506,0.000544795
hasan_R_ket,KET_R,Hasan 2021,venous,external,9.05509,0.000542996
hasan_R_ket,KET_R,Hasan 2021,venous,external,9.07513,0.000541204
hasan_R_ket,KET_R,Hasan 2021,venous,external,9.09516,0.000539417
hasan_R_ket,KET_R,Hasan 2021,venous,external,9.11519,0.000537637
hasan_R_ket,KET_R,Hasan 2021,venous,external,9.13523,0.000535862
hasan_R_ket,KET_R,Hasan 2021,venous,external,9.15526,0.000534093
hasan_R_ket,KET_R,Hasan 2021,venous,external,9.17529,0.00053233
hasan_R_ket,KET_R,Hasan 2021,venous,external,9.19533,0.000530573
hasan_R_ket,KET_R,Hasan 2021,venous,external,9.21536,0.000528821
hasan_R_ket,KET_R,Hasan 2021,venous,external,9.23539,0.000527076
hasan_R_ket,KET_R,Hasan 2021,venous,external,9.25543,0.000525336
hasan_R_ket,KET_R,Hasan 2021,venous,external,9.27546,0.000523602
hasan_R_ket,KET_R,Hasan 2021,venous,external,9.29549,0.000521873
hasan_R_ket,KET_R,Hasan 2021,venous,external,9.31553,0.00052015
hasan_R_ket,KET_R,Hasan 2021,venous,external,9.33556,0.000518433
hasan_R_ket,KET_R,Hasan 2021,venous,external,9.35559,0.000516722
hasan_R_ket,KET_R,Hasan 2021,venous,external,9.37563,0.000515016
hasan_R_ket,KET_R,Hasan 2021,venous,external,9.39566,0.000513316
hasan_R_ket,KET_R,Hasan 2021,venous,external,9.41569,0.000511622
hasan_R_ket,KET_R,Hasan 2021,venous,external,9.43573,0.000509933
hasan_R_ket,KET_R,Hasan 2021,venous,external,9.45576,0.000508249
hasan_R_ket,KET_R,Hasan 2021,venous,external,9.47579,0.000506572
hasan_R_ket,KET_R,Hasan 2021,venous,external,9.49583,0.000504899
hasan_R_ket,KET_R,Hasan 2021,venous,external,9.51586,0.000503233
hasan_R_ket,KET_R,Hasan 2021,venous,external,9.53589,0.000501572
hasan_R_ket,KET_R,Hasan 2021,venous,external,9.55593,0.000499916
hasan_R_ket,KET_R,Hasan 2021,venous,external,9.57596,0.000498266
hasan_R_ket,KET_R,Hasan 2021,venous,external,9.59599,0.000496621
hasan_R_ket,KET_R,Hasan 2021,venous,external,9.61603,0.000494981
hasan_R_ket,KET_R,Hasan 2021,venous,external,9.63606,0.000493347
hasan_R_ket,KET_R,Hasan 2021,venous,external,9.65609,0.000491719
hasan_R_ket,KET_R,Hasan 2021,venous,external,9.67613,0.000490096
hasan_R_ket,KET_R,Hasan 2021,venous,external,9.69616,0.000488478
hasan_R_ket,KET_R,Hasan 2021,venous,external,9.71619,0.000486865
hasan_R_ket,KET_R,Hasan 2021,venous,external,9.73623,0.000485258
hasan_R_ket,KET_R,Hasan 2021,venous,external,9.75626,0.000483656
hasan_R_ket,KET_R,Hasan 2021,venous,external,9.77629,0.00048206
hasan_R_ket,KET_R,Hasan 2021,venous,external,9.79633,0.000480468
hasan_R_ket,KET_R,Hasan 2021,venous,external,9.81636,0.000478882
hasan_R_ket,KET_R,Hasan 2021,venous,external,9.83639,0.000477302
hasan_R_ket,KET_R,Hasan 2021,venous,external,9.85643,0.000475726
hasan_R_ket,KET_R,Hasan 2021,venous,external,9.87646,0.000474156
hasan_R_ket,KET_R,Hasan 2021,venous,external,9.89649,0.00047259
hasan_R_ket,KET_R,Hasan 2021,venous,external,9.91653,0.00047103
hasan_R_ket,KET_R,Hasan 2021,venous,external,9.93656,0.000469475
hasan_R_ket,KET_R,Hasan 2021,venous,external,9.95659,0.000467926
hasan_R_ket,KET_R,Hasan 2021,venous,external,9.97663,0.000466381
hasan_R_ket,KET_R,Hasan 2021,venous,external,9.99666,0.000464841
hasan_R_ket,KET_R,Hasan 2021,venous,external,10.0167,0.000463307
hasan_R_ket,KET_R,Hasan 2021,venous,external,10.0367,0.000461778
hasan_R_ket,KET_R,Hasan 2021,venous,external,10.0568,0.000460253
hasan_R_ket,KET_R,Hasan 2021,venous,external,10.0768,0.000458734
hasan_R_ket,KET_R,Hasan 2021,venous,external,10.0968,0.00045722
hasan_R_ket,KET_R,Hasan 2021,venous,external,10.1169,0.00045571
hasan_R_ket,KET_R,Hasan 2021,venous,external,10.1369,0.000454206
hasan_R_ket,KET_R,Hasan 2021,venous,external,10.1569,0.000452707
hasan_R_ket,KET_R,Hasan 2021,venous,external,10.177,0.000451212
hasan_R_ket,KET_R,Hasan 2021,venous,external,10.197,0.000449723
hasan_R_ket,KET_R,Hasan 2021,venous,external,10.217,0.000448238
hasan_R_ket,KET_R,Hasan 2021,venous,external,10.2371,0.000446758
hasan_R_ket,KET_R,Hasan 2021,venous,external,10.2571,0.000445284
hasan_R_ket,KET_R,Hasan 2021,venous,external,10.2771,0.000443814
hasan_R_ket,KET_R,Hasan 2021,venous,external,10.2972,0.000442349
hasan_R_ket,KET_R,Hasan 2021,venous,external,10.3172,0.000440888
hasan_R_ket,KET_R,Hasan 2021,venous,external,10.3372,0.000439433
hasan_R_ket,KET_R,Hasan 2021,venous,external,10.3573,0.000437982
hasan_R_ket,KET_R,Hasan 2021,venous,external,10.3773,0.000436537
hasan_R_ket,KET_R,Hasan 2021,venous,external,10.3973,0.000435096
hasan_R_ket,KET_R,Hasan 2021,venous,external,10.4174,0.000433659
hasan_R_ket,KET_R,Hasan 2021,venous,external,10.4374,0.000432228
hasan_R_ket,KET_R,Hasan 2021,venous,external,10.4574,0.000430801
hasan_R_ket,KET_R,Hasan 2021,venous,external,10.4775,0.000429379
hasan_R_ket,KET_R,Hasan 2021,venous,external,10.4975,0.000427962
hasan_R_ket,KET_R,Hasan 2021,venous,external,10.5175,0.000426549
hasan_R_ket,KET_R,Hasan 2021,venous,external,10.5376,0.000425141
hasan_R_ket,KET_R,Hasan 2021,venous,external,10.5576,0.000423737
hasan_R_ket,KET_R,Hasan 2021,venous,external,10.5776,0.000422339
hasan_R_ket,KET_R,Hasan 2021,venous,external,10.5977,0.000420944
hasan_R_ket,KET_R,Hasan 2021,venous,external,10.6177,0.000419555
hasan_R_ket,KET_R,Hasan 2021,venous,external,10.6377,0.00041817
hasan_R_ket,KET_R,Hasan 2021,venous,external,10.6578,0.000416789
hasan_R_ket,KET_R,Hasan 2021,venous,external,10.6778,0.000415414
hasan_R_ket,KET_R,Hasan 2021,venous,external,10.6978,0.000414042
hasan_R_ket,KET_R,Hasan 2021,venous,external,10.7179,0.000412675
hasan_R_ket,KET_R,Hasan 2021,venous,external,10.7379,0.000411313
hasan_R_ket,KET_R,Hasan 2021,venous,external,10.7579,0.000409955
hasan_R_ket,KET_R,Hasan 2021,venous,external,10.778,0.000408602
hasan_R_ket,KET_R,Hasan 2021,venous,external,10.798,0.000407253
hasan_R_ket,KET_R,Hasan 2021,venous,external,10.818,0.000405909
hasan_R_ket,KET_R,Hasan 2021,venous,external,10.8381,0.000404569
hasan_R_ket,KET_R,Hasan 2021,venous,external,10.8581,0.000403234
hasan_R_ket,KET_R,Hasan 2021,venous,external,10.8781,0.000401902
hasan_R_ket,KET_R,Hasan 2021,venous,external,10.8982,0.000400576
hasan_R_ket,KET_R,Hasan 2021,venous,external,10.9182,0.000399253
hasan_R_ket,KET_R,Hasan 2021,venous,external,10.9382,0.000397935
hasan_R_ket,KET_R,Hasan 2021,venous,external,10.9583,0.000396622
hasan_R_ket,KET_R,Hasan 2021,venous,external,10.9783,0.000395313
hasan_R_ket,KET_R,Hasan 2021,venous,external,10.9983,0.000394008
hasan_R_ket,KET_R,Hasan 2021,venous,external,11.0184,0.000392707
hasan_R_ket,KET_R,Hasan 2021,venous,external,11.0384,0.000391411
hasan_R_ket,KET_R,Hasan 2021,venous,external,11.0584,0.000390119
hasan_R_ket,KET_R,Hasan 2021,venous,external,11.0785,0.000388831
hasan_R_ket,KET_R,Hasan 2021,venous,external,11.0985,0.000387547
hasan_R_ket,KET_R,Hasan 2021,venous,external,11.1185,0.000386268
hasan_R_ket,KET_R,Hasan 2021,venous,external,11.1386,0.000384993
hasan_R_ket,KET_R,Hasan 2021,venous,external,11.1586,0.000383722
hasan_R_ket,KET_R,Hasan 2021,venous,external,11.1786,0.000382455
hasan_R_ket,KET_R,Hasan 2021,venous,external,11.1987,0.000381193
hasan_R_ket,KET_R,Hasan 2021,venous,external,11.2187,0.000379934
hasan_R_ket,KET_R,Hasan 2021,venous,external,11.2387,0.00037868
hasan_R_ket,KET_R,Hasan 2021,venous,external,11.2588,0.00037743
hasan_R_ket,KET_R,Hasan 2021,venous,external,11.2788,0.000376184
hasan_R_ket,KET_R,Hasan 2021,venous,external,11.2988,0.000374942
hasan_R_ket,KET_R,Hasan 2021,venous,external,11.3189,0.000373705
hasan_R_ket,KET_R,Hasan 2021,venous,external,11.3389,0.000372471
hasan_R_ket,KET_R,Hasan 2021,venous,external,11.3589,0.000371241
hasan_R_ket,KET_R,Hasan 2021,venous,external,11.379,0.000370016
hasan_R_ket,KET_R,Hasan 2021,venous,external,11.399,0.000368795
hasan_R_ket,KET_R,Hasan 2021,venous,external,11.419,0.000367577
hasan_R_ket,KET_R,Hasan 2021,venous,external,11.4391,0.000366364
hasan_R_ket,KET_R,Hasan 2021,venous,external,11.4591,0.000365154
hasan_R_ket,KET_R,Hasan 2021,venous,external,11.4791,0.000363949
hasan_R_ket,KET_R,Hasan 2021,venous,external,11.4992,0.000362748
hasan_R_ket,KET_R,Hasan 2021,venous,external,11.5192,0.00036155
hasan_R_ket,KET_R,Hasan 2021,venous,external,11.5392,0.000360357
hasan_R_ket,KET_R,Hasan 2021,venous,external,11.5593,0.000359167
hasan_R_ket,KET_R,Hasan 2021,venous,external,11.5793,0.000357981
hasan_R_ket,KET_R,Hasan 2021,venous,external,11.5993,0.0003568
hasan_R_ket,KET_R,Hasan 2021,venous,external,11.6194,0.000355622
hasan_R_ket,KET_R,Hasan 2021,venous,external,11.6394,0.000354448
hasan_R_ket,KET_R,Hasan 2021,venous,external,11.6594,0.000353278
hasan_R_ket,KET_R,Hasan 2021,venous,external,11.6795,0.000352112
hasan_R_ket,KET_R,Hasan 2021,venous,external,11.6995,0.000350949
hasan_R_ket,KET_R,Hasan 2021,venous,external,11.7195,0.000349791
hasan_R_ket,KET_R,Hasan 2021,venous,external,11.7396,0.000348636
hasan_R_ket,KET_R,Hasan 2021,venous,external,11.7596,0.000347485
hasan_R_ket,KET_R,Hasan 2021,venous,external,11.7796,0.000346338
hasan_R_ket,KET_R,Hasan 2021,venous,external,11.7997,0.000345195
hasan_R_ket,KET_R,Hasan 2021,venous,external,11.8197,0.000344055
hasan_R_ket,KET_R,Hasan 2021,venous,external,11.8397,0.00034292
hasan_R_ket,KET_R,Hasan 2021,venous,external,11.8598,0.000341788
hasan_R_ket,KET_R,Hasan 2021,venous,external,11.8798,0.000340659
hasan_R_ket,KET_R,Hasan 2021,venous,external,11.8998,0.000339535
hasan_R_ket,KET_R,Hasan 2021,venous,external,11.9199,0.000338414
hasan_R_ket,KET_R,Hasan 2021,venous,external,11.9399,0.000337297
hasan_R_ket,KET_R,Hasan 2021,venous,external,11.9599,0.000336183
hasan_R_ket,KET_R,Hasan 2021,venous,external,11.98,0.000335074
hasan_R_ket,KET_R,Hasan 2021,venous,external,12,0.000333968
kamp_S_ket_esk,KET_S,Kamp 2020,arterial,calibration,0,0
kamp_S_ket_esk,KET_S,Kamp 2020,arterial,calibration,0.0200334,0.00381568
kamp_S_ket_esk,KET_S,Kamp 2020,arterial,calibration,0.0400668,0.00737964
kamp_S_ket_esk,KET_S,Kamp 2020,arterial,calibration,0.0601002,0.0107102
kamp_S_ket_esk,KET_S,Kamp 2020,arterial,calibration,0.0801336,0.0138239
kamp_S_ket_esk,KET_S,Kamp 2020,arterial,calibration,0.100167,0.0167358
kamp_S_ket_esk,KET_S,Kamp 2020,arterial,calibration,0.1202,0.0194601
kamp_S_ket_esk,KET_S,Kamp 2020,arterial,calibration,0.140234,0.0220096
kamp_S_ket_esk,KET_S,Kamp 2020,arterial,calibration,0.160267,0.0243964
kamp_S_ket_esk,KET_S,Kamp 2020,arterial,calibration,0.180301,0.0266316
kamp_S_ket_esk,KET_S,Kamp 2020,arterial,calibration,0.200334,0.0287255
kamp_S_ket_esk,KET_S,Kamp 2020,arterial,calibration,0.220367,0.0306879
kamp_S_ket_esk,KET_S,Kamp 2020,arterial,calibration,0.240401,0.0325275
kamp_S_ket_esk,KET_S,Kamp 2020,arterial,calibration,0.260434,0.0342529
kamp_S_ket_esk,KET_S,Kamp 2020,arterial,calibration,0.280467,0.0358717
kamp_S_ket_esk,KET_S,Kamp 2020,arterial,calibration,0.300501,0.0373912
kamp_S_ket_esk,KET_S,Kamp 2020,arterial,calibration,0.320534,0.0388181
kamp_S_ket_esk,KET_S,Kamp 2020,arterial,calibration,0.340568,0.0401588
kamp_S_ket_esk,KET_S,Kamp 2020,arterial,calibration,0.360601,0.0414189
kamp_S_ket_esk,KET_S,Kamp 2020,arterial,calibration,0.380634,0.0426041
kamp_S_ket_esk,KET_S,Kamp 2020,arterial,calibration,0.400668,0.0437194
kamp_S_ket_esk,KET_S,Kamp 2020,arterial,calibration,0.420701,0.0447694
kamp_S_ket_esk,KET_S,Kamp 2020,arterial,calibration,0.440735,0.0457587
kamp_S_ket_esk,KET_S,Kamp 2020,arterial,calibration,0.460768,0.0466913
kamp_S_ket_esk,KET_S,Kamp 2020,arterial,calibration,0.480801,0.0475711
kamp_S_ket_esk,KET_S,Kamp 2020,arterial,calibration,0.500835,0.0484016
kamp_S_ket_esk,KET_S,Kamp 2020,arterial,calibration,0.520868,0.0491861
kamp_S_ket_esk,KET_S,Kamp 2020,arterial,calibration,0.540902,0.0499277
kamp_S_ket_esk,KET_S,Kamp 2020,arterial,calibration,0.560935,0.0506294
kamp_S_ket_esk,KET_S,Kamp 2020,arterial,calibration,0.580968,0.0512938
kamp_S_ket_esk,KET_S,Kamp 2020,arterial,calibration,0.601002,0.0519234
kamp_S_ket_esk,KET_S,Kamp 2020,arterial,calibration,0.621035,0.0525206
kamp_S_ket_esk,KET_S,Kamp 2020,arterial,calibration,0.641068,0.0530875
kamp_S_ket_esk,KET_S,Kamp 2020,arterial,calibration,0.661102,0.0536261
kamp_S_ket_esk,KET_S,Kamp 2020,arterial,calibration,0.681135,0.0541385
kamp_S_ket_esk,KET_S,Kamp 2020,arterial,calibration,0.701169,0.0546262
kamp_S_ket_esk,KET_S,Kamp 2020,arterial,calibration,0.721202,0.0550909
kamp_S_ket_esk,KET_S,Kamp 2020,arterial,calibration,0.741235,0.0555343
kamp_S_ket_esk,KET_S,Kamp 2020,arterial,calibration,0.761269,0.0559577
kamp_S_ket_esk,KET_S,Kamp 2020,arterial,calibration,0.781302,0.0563624
kamp_S_ket_esk,KET_S,Kamp 2020,arterial,calibration,0.801336,0.0567496
kamp_S_ket_esk,KET_S,Kamp 2020,arterial,calibration,0.821369,0.0571206
kamp_S_ket_esk,KET_S,Kamp 2020,arterial,calibration,0.841402,0.0574764
kamp_S_ket_esk,KET_S,Kamp 2020,arterial,calibration,0.861436,0.057818
kamp_S_ket_esk,KET_S,Kamp 2020,arterial,calibration,0.881469,0.0581464
kamp_S_ket_esk,KET_S,Kamp 2020,arterial,calibration,0.901503,0.0584623
kamp_S_ket_esk,KET_S,Kamp 2020,arterial,calibration,0.921536,0.0587667
kamp_S_ket_esk,KET_S,Kamp 2020,arterial,calibration,0.941569,0.0590602
kamp_S_ket_esk,KET_S,Kamp 2020,arterial,calibration,0.961603,0.0593436
kamp_S_ket_esk,KET_S,Kamp 2020,arterial,calibration,0.981636,0.0596176
kamp_S_ket_esk,KET_S,Kamp 2020,arterial,calibration,1.00167,0.0602108
kamp_S_ket_esk,KET_S,Kamp 2020,arterial,calibration,1.0217,0.0642615
kamp_S_ket_esk,KET_S,Kamp 2020,arterial,calibration,1.04174,0.0680544
kamp_S_ket_esk,KET_S,Kamp 2020,arterial,calibration,1.06177,0.0716081
kamp_S_ket_esk,KET_S,Kamp 2020,arterial,calibration,1.0818,0.0749394
kamp_S_ket_esk,KET_S,Kamp 2020,arterial,calibration,1.10184,0.0780639
kamp_S_ket_esk,KET_S,Kamp 2020,arterial,calibration,1.12187,0.0809958
kamp_S_ket_esk,KET_S,Kamp 2020,arterial,calibration,1.1419,0.0837484
kamp_S_ket_esk,KET_S,Kamp 2020,arterial,calibration,1.16194,0.086334
kamp_S_ket_esk,KET_S,Kamp 2020,arterial,calibration,1.18197,0.088764
kamp_S_ket_esk,KET_S,Kamp 2020,arterial,calibration,1.202,0.0910489
kamp_S_ket_esk,KET_S,Kamp 2020,arterial,calibration,1.22204,0.0931987
kamp_S_ket_esk,KET_S,Kamp 2020,arterial,calibration,1.24207,0.0952224
kamp_S_ket_esk,KET_S,Kamp 2020,arterial,calibration,1.2621,0.0971287
kamp_S_ket_esk,KET_S,Kamp 2020,arterial,calibration,1.28214,0.0989255
kamp_S_ket_esk,KET_S,Kamp 2020,arterial,calibration,1.30217,0.10062
kamp_S_ket_esk,KET_S,Kamp 2020,arterial,calibration,1.3222,0.10222
kamp_S_ket_esk,KET_S,Kamp 2020,arterial,calibration,1.34224,0.10373
kamp_S_ket_esk,KET_S,Kamp 2020,arterial,calibration,1.36227,0.105158
kamp_S_ket_esk,KET_S,Kamp 2020,arterial,calibration,1.3823,0.106509
kamp_S_ket_esk,KET_S,Kamp 2020,arterial,calibration,1.40234,0.107787
kamp_S_ket_esk,KET_S,Kamp 2020,arterial,calibration,1.42237,0.108999
kamp_S_ket_esk,KET_S,Kamp 2020,arterial,calibration,1.4424,0.110148
kamp_S_ket_esk,KET_S,Kamp 2020,arterial,calibration,1.46244,0.111238
kamp_S_ket_esk,KET_S,Kamp 2020,arterial,calibration,1.48247,0.112274
kamp_S_ket_esk,KET_S,Kamp 2020,arterial,calibration,1.5025,0.113258
kamp_S_ket_esk,KET_S,Kamp 2020,arterial,calibration,1.52254,0.114196
kamp_S_ket_esk,KET_S,Kamp 2020,arterial,calibration,1.54257,0.115089
kamp_S_ket_esk,KET_S,Kamp 2020,arterial,calibration,1.5626,0.11594
kamp_S_ket_esk,KET_S,Kamp 2020,arterial,calibration,1.58264,0.116753
kamp_S_ket_esk,KET_S,Kamp 2020,arterial,calibration,1.60267,0.11753
kamp_S_ket_esk,KET_S,Kamp 2020,arterial,calibration,1.6227,0.118274
kamp_S_ket_esk,KET_S,Kamp 2020,arterial,calibration,1.64274,0.118986
kamp_S_ket_esk,KET_S,Kamp 2020,arterial,calibration,1.66277,0.119668
kamp_S_ket_esk,KET_S,Kamp 2020,arterial,calibration,1.6828,0.120323
kamp_S_ket_esk,KET_S,Kamp 2020,arterial,calibration,1.70284,0.120953
kamp_S_ket_esk,KET_S,Kamp 2020,arterial,calibration,1.72287,0.121558
kamp_S_ket_esk,KET_S,Kamp 2020,arterial,calibration,1.7429,0.122142
kamp_S_ket_esk,KET_S,Kamp 2020,arterial,calibration,1.76294,0.122704
kamp_S_ket_esk,KET_S,Kamp 2020,arterial,calibration,1.78297,0.123247
kamp_S_ket_esk,KET_S,Kamp 2020,arterial,calibration,1.80301,0.123771
kamp_S_ket_esk,KET_S,Kamp 2020,arterial,calibration,1.82304,0.124279
kamp_S_ket_esk,KET_S,Kamp 2020,arterial,calibration,1.84307,0.12477
kamp_S_ket_esk,KET_S,Kamp 2020,arterial,calibration,1.86311,0.125247
kamp_S_ket_esk,KET_S,Kamp 2020,arterial,calibration,1.88314,0.125709
kamp_S_ket_esk,KET_S,Kamp 2020,arterial,calibration,1.90317,0.126159
kamp_S_ket_esk,KET_S,Kamp 2020,arterial,calibration,1.92321,0.126596
kamp_S_ket_esk,KET_S,Kamp 2020,arterial,calibration,1.94324,0.127021
kamp_S_ket_esk,KET_S,Kamp 2020,arterial,calibration,1.96327,0.127436
kamp_S_ket_esk,KET_S,Kamp 2020,arterial,calibration,1.98331,0.127841
kamp_S_ket_esk,KET_S,Kamp 2020,arterial,calibration,2.00334,0.129591
kamp_S_ket_esk,KET_S,Kamp 2020,arterial,calibration,2.02337,0.137792
kamp_S_ket_esk,KET_S,Kamp 2020,arterial,calibration,2.04341,0.145469
kamp_S_ket_esk,KET_S,Kamp 2020,arterial,calibration,2.06344,0.152661
kamp_S_ket_esk,KET_S,Kamp 2020,arterial,calibration,2.08347,0.159402
kamp_S_ket_esk,KET_S,Kamp 2020,arterial,calibration,2.10351,0.165723
kamp_S_ket_esk,KET_S,Kamp 2020,arterial,calibration,2.12354,0.171653
kamp_S_ket_esk,KET_S,Kamp 2020,arterial,calibration,2.14357,0.17722
kamp_S_ket_esk,KET_S,Kamp 2020,arterial,calibration,2.16361,0.182447
kamp_S_ket_esk,KET_S,Kamp 2020,arterial,calibration,2.18364,0.187359
kamp_S_ket_esk,KET_S,Kamp 2020,arterial,calibration,2.20367,0.191976
kamp_S_ket_esk,KET_S,Kamp 2020,arterial,calibration,2.22371,0.19632
kamp_S_ket_esk,KET_S,Kamp 2020,arterial,calibration,2.24374,0.200407
kamp_S_ket_esk,KET_S,Kamp 2020,arterial,calibration,2.26377,0.204256
kamp_S_ket_esk,KET_S,Kamp 2020,arterial,calibration,2.28381,0.207883
kamp_S_ket_esk,KET_S,Kamp 2020,arterial,calibration,2.30384,0.211303
kamp_S_ket_esk,KET_S,Kamp 2020,arterial,calibration,2.32387,0.21453
kamp_S_ket_esk,KET_S,Kamp 2020,arterial,calibration,2.34391,0.217576
kamp_S_ket_esk,KET_S,Kamp 2020,arterial,calibration,2.36394,0.220455
kamp_S_ket_esk,KET_S,Kamp 2020,arterial,calibration,2.38397,0.223176
kamp_S_ket_esk,KET_S,Kamp 2020,arterial,calibration,2.40401,0.225752
kamp_S_ket_esk,KET_S,Kamp 2020,arterial,calibration,2.42404,0.228191
kamp_S_ket_esk,KET_S,Kamp 2020,arterial,calibration,2.44407,0.230504
kamp_S_ket_esk,KET_S,Kamp 2020,arterial,calibration,2.46411,0.232697
kamp_S_ket_esk,KET_S,Kamp 2020,arterial,calibration,2.48414,0.23478
kamp_S_ket_esk,KET_S,Kamp 2020,arterial,calibration,2.50417,0.23676
kamp_S_ket_esk,KET_S,Kamp 2020,arterial,calibration,2.52421,0.238643
kamp_S_ket_esk,KET_S,Kamp 2020,arterial,calibration,2.54424,0.240437
kamp_S_ket_esk,KET_S,Kamp 2020,arterial,calibration,2.56427,0.242147
kamp_S_ket_esk,KET_S,Kamp 2020,arterial,calibration,2.58431,0.243778
kamp_S_ket_esk,KET_S,Kamp 2020,arterial,calibration,2.60434,0.245336
kamp_S_ket_esk,KET_S,Kamp 2020,arterial,calibration,2.62437,0.246826
kamp_S_ket_esk,KET_S,Kamp 2020,arterial,calibration,2.64441,0.248252
kamp_S_ket_esk,KET_S,Kamp 2020,arterial,calibration,2.66444,0.249619
kamp_S_ket_esk,KET_S,Kamp 2020,arterial,calibration,2.68447,0.25093
kamp_S_ket_esk,KET_S,Kamp 2020,arterial,calibration,2.70451,0.25219
kamp_S_ket_esk,KET_S,Kamp 2020,arterial,calibration,2.72454,0.2534
kamp_S_ket_esk,KET_S,Kamp 2020,arterial,calibration,2.74457,0.254566
kamp_S_ket_esk,KET_S,Kamp 2020,arterial,calibration,2.76461,0.255689
kamp_S_ket_esk,KET_S,Kamp 2020,arterial,calibration,2.78464,0.256772
kamp_S_ket_esk,KET_S,Kamp 2020,arterial,calibration,2.80467,0.257819
kamp_S_ket_esk,KET_S,Kamp 2020,arterial,calibration,2.82471,0.258831
kamp_S_ket_esk,KET_S,Kamp 2020,arterial,calibration,2.84474,0.25981
kamp_S_ket_esk,KET_S,Kamp 2020,arterial,calibration,2.86477,0.260759
kamp_S_ket_esk,KET_S,Kamp 2020,arterial,calibration,2.88481,0.26168
kamp_S_ket_esk,KET_S,Kamp 2020,arterial,calibration,2.90484,0.262574
kamp_S_ket_esk,KET_S,Kamp 2020,arterial,calibration,2.92487,0.263444
kamp_S_ket_esk,KET_S,Kamp 2020,arterial,calibration,2.94491,0.26429
kamp_S_ket_esk,KET_S,Kamp 2020,arterial,calibration,2.96494,0.265114
kamp_S_ket_esk,KET_S,Kamp 2020,arterial,calibration,2.98497,0.265918
kamp_S_ket_esk,KET_S,Kamp 2020,arterial,calibration,3.00501,0.262718
kamp_S_ket_esk,KET_S,Kamp 2020,arterial,calibration,3.02504,0.248213
kamp_S_ket_esk,KET_S,Kamp 2020,arterial,calibration,3.04508,0.234697
kamp_S_ket_esk,KET_S,Kamp 2020,arterial,calibration,3.06511,0.222097
kamp_S_ket_esk,KET_S,Kamp 2020,arterial,calibration,3.08514,0.21035
kamp_S_ket_esk,KET_S,Kamp 2020,arterial,calibration,3.10518,0.199395
kamp_S_ket_esk,KET_S,Kamp 2020,arterial,calibration,3.12521,0.189178
kamp_S_ket_esk,KET_S,Kamp 2020,arterial,calibration,3.14524,0.179647
kamp_S_ket_esk,KET_S,Kamp 2020,arterial,calibration,3.16528,0.170756
kamp_S_ket_esk,KET_S,Kamp 2020,arterial,calibration,3.18531,0.16246
kamp_S_ket_esk,KET_S,Kamp 2020,arterial,calibration,3.20534,0.154718
kamp_S_ket_esk,KET_S,Kamp 2020,arterial,calibration,3.22538,0.147494
kamp_S_ket_esk,KET_S,Kamp 2020,arterial,calibration,3.24541,0.14075
kamp_S_ket_esk,KET_S,Kamp 2020,arterial,calibration,3.26544,0.134456
kamp_S_ket_esk,KET_S,Kamp 2020,arterial,calibration,3.28548,0.128579
kamp_S_ket_esk,KET_S,Kamp 2020,arterial,calibration,3.30551,0.123092
kamp_S_ket_esk,KET_S,Kamp 2020,arterial,calibration,3.32554,0.117968
kamp_S_ket_esk,KET_S,Kamp 2020,arterial,calibration,3.34558,0.113182
kamp_S_ket_esk,KET_S,Kamp 2020,arterial,calibration,3.36561,0.108711
kamp_S_ket_esk,KET_S,Kamp 2020,arterial,calibration,3.38564,0.104534
kamp_S_ket_esk,KET_S,Kamp 2020,arterial,calibration,3.40568,0.100631
kamp_S_ket_esk,KET_S,Kamp 2020,arterial,calibration,3.42571,0.0969834
kamp_S_ket_esk,KET_S,Kamp 2020,arterial,calibration,3.44574,0.0935733
kamp_S_ket_esk,KET_S,Kamp 2020,arterial,calibration,3.46578,0.0903847
kamp_S_ket_esk,KET_S,Kamp 2020,arterial,calibration,3.48581,0.0874027
kamp_S_ket_esk,KET_S,Kamp 2020,arterial,calibration,3.50584,0.0846132
kamp_S_ket_esk,KET_S,Kamp 2020,arterial,calibration,3.52588,0.0820031
kamp_S_ket_esk,KET_S,Kamp 2020,arterial,calibration,3.54591,0.0795602
kamp_S_ket_esk,KET_S,Kamp 2020,arterial,calibration,3.56594,0.0772732
kamp_S_ket_esk,KET_S,Kamp 2020,arterial,calibration,3.58598,0.0751314
kamp_S_ket_esk,KET_S,Kamp 2020,arterial,calibration,3.60601,0.0731251
kamp_S_ket_esk,KET_S,Kamp 2020,arterial,calibration,3.62604,0.0712449
kamp_S_ket_esk,KET_S,Kamp 2020,arterial,calibration,3.64608,0.0694824
kamp_S_ket_esk,KET_S,Kamp 2020,arterial,calibration,3.66611,0.0678295
kamp_S_ket_esk,KET_S,Kamp 2020,arterial,calibration,3.68614,0.0662788
kamp_S_ket_esk,KET_S,Kamp 2020,arterial,calibration,3.70618,0.0648234
kamp_S_ket_esk,KET_S,Kamp 2020,arterial,calibration,3.72621,0.0634568
kamp_S_ket_esk,KET_S,Kamp 2020,arterial,calibration,3.74624,0.062173
kamp_S_ket_esk,KET_S,Kamp 2020,arterial,calibration,3.76628,0.0609664
kamp_S_ket_esk,KET_S,Kamp 2020,arterial,calibration,3.78631,0.0598317
kamp_S_ket_esk,KET_S,Kamp 2020,arterial,calibration,3.80634,0.0587642
kamp_S_ket_esk,KET_S,Kamp 2020,arterial,calibration,3.82638,0.0577592
kamp_S_ket_esk,KET_S,Kamp 2020,arterial,calibration,3.84641,0.0568125
kamp_S_ket_esk,KET_S,Kamp 2020,arterial,calibration,3.86644,0.0559202
kamp_S_ket_esk,KET_S,Kamp 2020,arterial,calibration,3.88648,0.0550786
kamp_S_ket_esk,KET_S,Kamp 2020,arterial,calibration,3.90651,0.0542842
kamp_S_ket_esk,KET_S,Kamp 2020,arterial,calibration,3.92654,0.053534
kamp_S_ket_esk,KET_S,Kamp 2020,arterial,calibration,3.94658,0.0528249
kamp_S_ket_esk,KET_S,Kamp 2020,arterial,calibration,3.96661,0.0521542
kamp_S_ket_esk,KET_S,Kamp 2020,arterial,calibration,3.98664,0.0515192
kamp_S_ket_esk,KET_S,Kamp 2020,arterial,calibration,4.00668,0.0509176
kamp_S_ket_esk,KET_S,Kamp 2020,arterial,calibration,4.02671,0.0503471
kamp_S_ket_esk,KET_S,Kamp 2020,arterial,calibration,4.04674,0.0498056
kamp_S_ket_esk,KET_S,Kamp 2020,arterial,calibration,4.06678,0.0492913
kamp_S_ket_esk,KET_S,Kamp 2020,arterial,calibration,4.08681,0.0488022
kamp_S_ket_esk,KET_S,Kamp 2020,arterial,calibration,4.10684,0.0483367
kamp_S_ket_esk,KET_S,Kamp 2020,arterial,calibration,4.12688,0.0478932
kamp_S_ket_esk,KET_S,Kamp 2020,arterial,calibration,4.14691,0.0474703
kamp_S_ket_esk,KET_S,Kamp 2020,arterial,calibration,4.16694,0.0470666
kamp_S_ket_esk,KET_S,Kamp 2020,arterial,calibration,4.18698,0.0466807
kamp_S_ket_esk,KET_S,Kamp 2020,arterial,calibration,4.20701,0.0463116
kamp_S_ket_esk,KET_S,Kamp 2020,arterial,calibration,4.22705,0.045958
kamp_S_ket_esk,KET_S,Kamp 2020,arterial,calibration,4.24708,0.0456191
kamp_S_ket_esk,KET_S,Kamp 2020,arterial,calibration,4.26711,0.0452938
kamp_S_ket_esk,KET_S,Kamp 2020,arterial,calibration,4.28715,0.0449811
kamp_S_ket_esk,KET_S,Kamp 2020,arterial,calibration,4.30718,0.0446804
kamp_S_ket_esk,KET_S,Kamp 2020,arterial,calibration,4.32721,0.0443908
kamp_S_ket_esk,KET_S,Kamp 2020,arterial,calibration,4.34725,0.0441115
kamp_S_ket_esk,KET_S,Kamp 2020,arterial,calibration,4.36728,0.043842
kamp_S_ket_esk,KET_S,Kamp 2020,arterial,calibration,4.38731,0.0435815
kamp_S_ket_esk,KET_S,Kamp 2020,arterial,calibration,4.40735,0.0433295
kamp_S_ket_esk,KET_S,Kamp 2020,arterial,calibration,4.42738,0.0430855
kamp_S_ket_esk,KET_S,Kamp 2020,arterial,calibration,4.44741,0.0428489
kamp_S_ket_esk,KET_S,Kamp 2020,arterial,calibration,4.46745,0.0426192
kamp_S_ket_esk,KET_S,Kamp 2020,arterial,calibration,4.48748,0.0423961
kamp_S_ket_esk,KET_S,Kamp 2020,arterial,calibration,4.50751,0.0421791
kamp_S_ket_esk,KET_S,Kamp 2020,arterial,calibration,4.52755,0.0419677
kamp_S_ket_esk,KET_S,Kamp 2020,arterial,calibration,4.54758,0.0417618
kamp_S_ket_esk,KET_S,Kamp 2020,arterial,calibration,4.56761,0.0415608
kamp_S_ket_esk,KET_S,Kamp 2020,arterial,calibration,4.58765,0.0413646
kamp_S_ket_esk,KET_S,Kamp 2020,arterial,calibration,4.60768,0.0411728
kamp_S_ket_esk,KET_S,Kamp 2020,arterial,calibration,4.62771,0.0409851
kamp_S_ket_esk,KET_S,Kamp 2020,arterial,calibration,4.64775,0.0408013
kamp_S_ket_esk,KET_S,Kamp 2020,arterial,calibration,4.66778,0.0406212
kamp_S_ket_esk,KET_S,Kamp 2020,arterial,calibration,4.68781,0.0404445
kamp_S_ket_esk,KET_S,Kamp 2020,arterial,calibration,4.70785,0.0402711
kamp_S_ket_esk,KET_S,Kamp 2020,arterial,calibration,4.72788,0.0401007
kamp_S_ket_esk,KET_S,Kamp 2020,arterial,calibration,4.74791,0.0399332
kamp_S_ket_esk,KET_S,Kamp 2020,arterial,calibration,4.76795,0.0397683
kamp_S_ket_esk,KET_S,Kamp 2020,arterial,calibration,4.78798,0.0396061
kamp_S_ket_esk,KET_S,Kamp 2020,arterial,calibration,4.80801,0.0394462
kamp_S_ket_esk,KET_S,Kamp 2020,arterial,calibration,4.82805,0.0392886
kamp_S_ket_esk,KET_S,Kamp 2020,arterial,calibration,4.84808,0.0391331
kamp_S_ket_esk,KET_S,Kamp 2020,arterial,calibration,4.86811,0.0389797
kamp_S_ket_esk,KET_S,Kamp 2020,arterial,calibration,4.88815,0.0388282
kamp_S_ket_esk,KET_S,Kamp 2020,arterial,calibration,4.90818,0.0386785
kamp_S_ket_esk,KET_S,Kamp 2020,arterial,calibration,4.92821,0.0385305
kamp_S_ket_esk,KET_S,Kamp 2020,arterial,calibration,4.94825,0.0383842
kamp_S_ket_esk,KET_S,Kamp 2020,arterial,calibration,4.96828,0.0382394
kamp_S_ket_esk,KET_S,Kamp 2020,arterial,calibration,4.98831,0.0380961
kamp_S_ket_esk,KET_S,Kamp 2020,arterial,calibration,5.00835,0.0379541
kamp_S_ket_esk,KET_S,Kamp 2020,arterial,calibration,5.02838,0.0378135
kamp_S_ket_esk,KET_S,Kamp 2020,arterial,calibration,5.04841,0.0376742
kamp_S_ket_esk,KET_S,Kamp 2020,arterial,calibration,5.06845,0.0375361
kamp_S_ket_esk,KET_S,Kamp 2020,arterial,calibration,5.08848,0.0373992
kamp_S_ket_esk,KET_S,Kamp 2020,arterial,calibration,5.10851,0.0372633
kamp_S_ket_esk,KET_S,Kamp 2020,arterial,calibration,5.12855,0.0371286
kamp_S_ket_esk,KET_S,Kamp 2020,arterial,calibration,5.14858,0.0369948
kamp_S_ket_esk,KET_S,Kamp 2020,arterial,calibration,5.16861,0.036862
kamp_S_ket_esk,KET_S,Kamp 2020,arterial,calibration,5.18865,0.0367302
kamp_S_ket_esk,KET_S,Kamp 2020,arterial,calibration,5.20868,0.0365992
kamp_S_ket_esk,KET_S,Kamp 2020,arterial,calibration,5.22871,0.0364691
kamp_S_ket_esk,KET_S,Kamp 2020,arterial,calibration,5.24875,0.0363399
kamp_S_ket_esk,KET_S,Kamp 2020,arterial,calibration,5.26878,0.0362114
kamp_S_ket_esk,KET_S,Kamp 2020,arterial,calibration,5.28881,0.0360837
kamp_S_ket_esk,KET_S,Kamp 2020,arterial,calibration,5.30885,0.0359568
kamp_S_ket_esk,KET_S,Kamp 2020,arterial,calibration,5.32888,0.0358306
kamp_S_ket_esk,KET_S,Kamp 2020,arterial,calibration,5.34891,0.0357051
kamp_S_ket_esk,KET_S,Kamp 2020,arterial,calibration,5.36895,0.0355803
kamp_S_ket_esk,KET_S,Kamp 2020,arterial,calibration,5.38898,0.0354562
kamp_S_ket_esk,KET_S,Kamp 2020,arterial,calibration,5.40902,0.0353327
kamp_S_ket_esk,KET_S,Kamp 2020,arterial,calibration,5.42905,0.0352098
kamp_S_ket_esk,KET_S,Kamp 2020,arterial,calibration,5.44908,0.0350875
kamp_S_ket_esk,KET_S,Kamp 2020,arterial,calibration,5.46912,0.0349659
kamp_S_ket_esk,KET_S,Kamp 2020,arterial,calibration,5.48915,0.0348448
kamp_S_ket_esk,KET_S,Kamp 2020,arterial,calibration,5.50918,0.0347243
kamp_S_ket_esk,KET_S,Kamp 2020,arterial,calibration,5.52922,0.0346043
kamp_S_ket_esk,KET_S,Kamp 2020,arterial,calibration,5.54925,0.0344849
kamp_S_ket_esk,KET_S,Kamp 2020,arterial,calibration,5.56928,0.034366
kamp_S_ket_esk,KET_S,Kamp 2020,arterial,calibration,5.58932,0.0342476
kamp_S_ket_esk,KET_S,Kamp 2020,arterial,calibration,5.60935,0.0341298
kamp_S_ket_esk,KET_S,Kamp 2020,arterial,calibration,5.62938,0.0340124
kamp_S_ket_esk,KET_S,Kamp 2020,arterial,calibration,5.64942,0.0338956
kamp_S_ket_esk,KET_S,Kamp 2020,arterial,calibration,5.66945,0.0337792
kamp_S_ket_esk,KET_S,Kamp 2020,arterial,calibration,5.68948,0.0336633
kamp_S_ket_esk,KET_S,Kamp 2020,arterial,calibration,5.70952,0.0335479
kamp_S_ket_esk,KET_S,Kamp 2020,arterial,calibration,5.72955,0.0334329
kamp_S_ket_esk,KET_S,Kamp 2020,arterial,calibration,5.74958,0.0333184
kamp_S_ket_esk,KET_S,Kamp 2020,arterial,calibration,5.76962,0.0332044
kamp_S_ket_esk,KET_S,Kamp 2020,arterial,calibration,5.78965,0.0330908
kamp_S_ket_esk,KET_S,Kamp 2020,arterial,calibration,5.80968,0.0329776
kamp_S_ket_esk,KET_S,Kamp 2020,arterial,calibration,5.82972,0.0328649
kamp_S_ket_esk,KET_S,Kamp 2020,arterial,calibration,5.84975,0.0327526
kamp_S_ket_esk,KET_S,Kamp 2020,arterial,calibration,5.86978,0.0326407
kamp_S_ket_esk,KET_S,Kamp 2020,arterial,calibration,5.88982,0.0325293
kamp_S_ket_esk,KET_S,Kamp 2020,arterial,calibration,5.90985,0.0324182
kamp_S_ket_esk,KET_S,Kamp 2020,arterial,calibration,5.92988,0.0323076
kamp_S_ket_esk,KET_S,Kamp 2020,arterial,calibration,5.94992,0.0321974
kamp_S_ket_esk,KET_S,Kamp 2020,arterial,calibration,5.96995,0.0320876
kamp_S_ket_esk,KET_S,Kamp 2020,arterial,calibration,5.98998,0.0319782
kamp_S_ket_esk,KET_S,Kamp 2020,arterial,calibration,6.01002,0.0318692
kamp_S_ket_esk,KET_S,Kamp 2020,arterial,calibration,6.03005,0.0317605
kamp_S_ket_esk,KET_S,Kamp 2020,arterial,calibration,6.05008,0.0316523
kamp_S_ket_esk,KET_S,Kamp 2020,arterial,calibration,6.07012,0.0315445
kamp_S_ket_esk,KET_S,Kamp 2020,arterial,calibration,6.09015,0.0314371
kamp_S_ket_esk,KET_S,Kamp 2020,arterial,calibration,6.11018,0.03133
kamp_S_ket_esk,KET_S,Kamp 2020,arterial,calibration,6.13022,0.0312233
kamp_S_ket_esk,KET_S,Kamp 2020,arterial,calibration,6.15025,0.031117
kamp_S_ket_esk,KET_S,Kamp 2020,arterial,calibration,6.17028,0.0310111
kamp_S_ket_esk,KET_S,Kamp 2020,arterial,calibration,6.19032,0.0309055
kamp_S_ket_esk,KET_S,Kamp 2020,arterial,calibration,6.21035,0.0308004
kamp_S_ket_esk,KET_S,Kamp 2020,arterial,calibration,6.23038,0.0306955
kamp_S_ket_esk,KET_S,Kamp 2020,arterial,calibration,6.25042,0.0305911
kamp_S_ket_esk,KET_S,Kamp 2020,arterial,calibration,6.27045,0.030487
kamp_S_ket_esk,KET_S,Kamp 2020,arterial,calibration,6.29048,0.0303833
kamp_S_ket_esk,KET_S,Kamp 2020,arterial,calibration,6.31052,0.03028
kamp_S_ket_esk,KET_S,Kamp 2020,arterial,calibration,6.33055,0.030177
kamp_S_ket_esk,KET_S,Kamp 2020,arterial,calibration,6.35058,0.0300743
kamp_S_ket_esk,KET_S,Kamp 2020,arterial,calibration,6.37062,0.0299721
kamp_S_ket_esk,KET_S,Kamp 2020,arterial,calibration,6.39065,0.0298701
kamp_S_ket_esk,KET_S,Kamp 2020,arterial,calibration,6.41068,0.0297686
kamp_S_ket_esk,KET_S,Kamp 2020,arterial,calibration,6.43072,0.0296674
kamp_S_ket_esk,KET_S,Kamp 2020,arterial,calibration,6.45075,0.0295665
kamp_S_ket_esk,KET_S,Kamp 2020,arterial,calibration,6.47078,0.029466
kamp_S_ket_esk,KET_S,Kamp 2020,arterial,calibration,6.49082,0.0293658
kamp_S_ket_esk,KET_S,Kamp 2020,arterial,calibration,6.51085,0.029266
kamp_S_ket_esk,KET_S,Kamp 2020,arterial,calibration,6.53088,0.0291665
kamp_S_ket_esk,KET_S,Kamp 2020,arterial,calibration,6.55092,0.0290673
kamp_S_ket_esk,KET_S,Kamp 2020,arterial,calibration,6.57095,0.0289685
kamp_S_ket_esk,KET_S,Kamp 2020,arterial,calibration,6.59098,0.0288701
kamp_S_ket_esk,KET_S,Kamp 2020,arterial,calibration,6.61102,0.0287719
kamp_S_ket_esk,KET_S,Kamp 2020,arterial,calibration,6.63105,0.0286742
kamp_S_ket_esk,KET_S,Kamp 2020,arterial,calibration,6.65109,0.0285767
kamp_S_ket_esk,KET_S,Kamp 2020,arterial,calibration,6.67112,0.0284796
kamp_S_ket_esk,KET_S,Kamp 2020,arterial,calibration,6.69115,0.0283828
kamp_S_ket_esk,KET_S,Kamp 2020,arterial,calibration,6.71119,0.0282863
kamp_S_ket_esk,KET_S,Kamp 2020,arterial,calibration,6.73122,0.0281902
kamp_S_ket_esk,KET_S,Kamp 2020,arterial,calibration,6.75125,0.0280944
kamp_S_ket_esk,KET_S,Kamp 2020,arterial,calibration,6.77129,0.0279989
kamp_S_ket_esk,KET_S,Kamp 2020,arterial,calibration,6.79132,0.0279038
kamp_S_ket_esk,KET_S,Kamp 2020,arterial,calibration,6.81135,0.027809
kamp_S_ket_esk,KET_S,Kamp 2020,arterial,calibration,6.83139,0.0277145
kamp_S_ket_esk,KET_S,Kamp 2020,arterial,calibration,6.85142,0.0276203
kamp_S_ket_esk,KET_S,Kamp 2020,arterial,calibration,6.87145,0.0275264
kamp_S_ket_esk,KET_S,Kamp 2020,arterial,calibration,6.89149,0.0274329
kamp_S_ket_esk,KET_S,Kamp 2020,arterial,calibration,6.91152,0.0273397
kamp_S_ket_esk,KET_S,Kamp 2020,arterial,calibration,6.93155,0.0272468
kamp_S_ket_esk,KET_S,Kamp 2020,arterial,calibration,6.95159,0.0271542
kamp_S_ket_esk,KET_S,Kamp 2020,arterial,calibration,6.97162,0.0270619
kamp_S_ket_esk,KET_S,Kamp 2020,arterial,calibration,6.99165,0.02697
kamp_S_ket_esk,KET_S,Kamp 2020,arterial,calibration,7.01169,0.0268783
kamp_S_ket_esk,KET_S,Kamp 2020,arterial,calibration,7.03172,0.026787
kamp_S_ket_esk,KET_S,Kamp 2020,arterial,calibration,7.05175,0.026696
kamp_S_ket_esk,KET_S,Kamp 2020,arterial,calibration,7.07179,0.0266053
kamp_S_ket_esk,KET_S,Kamp 2020,arterial,calibration,7.09182,0.0265149
kamp_S_ket_esk,KET_S,Kamp 2020,arterial,calibration,7.11185,0.0264248
kamp_S_ket_esk,KET_S,Kamp 2020,arterial,calibration,7.13189,0.026335
kamp_S_ket_esk,KET_S,Kamp 2020,arterial,calibration,7.15192,0.0262456
kamp_S_ket_esk,KET_S,Kamp 2020,arterial,calibration,7.17195,0.0261564
kamp_S_ket_esk,KET_S,Kamp 2020,arterial,calibration,7.19199,0.0260675
kamp_S_ket_esk,KET_S,Kamp 2020,arterial,calibration,7.21202,0.025979
kamp_S_ket_esk,KET_S,Kamp 2020,arterial,calibration,7.23205,0.0258907
kamp_S_ket_esk,KET_S,Kamp 2020,arterial,calibration,7.25209,0.0258027
kamp_S_ket_esk,KET_S,Kamp 2020,arterial,calibration,7.27212,0.0257151
kamp_S_ket_esk,KET_S,Kamp 2020,arterial,calibration,7.29215,0.0256277
kamp_S_ket_esk,KET_S,Kamp 2020,arterial,calibration,7.31219,0.0255406
kamp_S_ket_esk,KET_S,Kamp 2020,arterial,calibration,7.33222,0.0254538
kamp_S_ket_esk,KET_S,Kamp 2020,arterial,calibration,7.35225,0.0253674
kamp_S_ket_esk,KET_S,Kamp 2020,arterial,calibration,7.37229,0.0252812
kamp_S_ket_esk,KET_S,Kamp 2020,arterial,calibration,7.39232,0.0251953
kamp_S_ket_esk,KET_S,Kamp 2020,arterial,calibration,7.41235,0.0251097
kamp_S_ket_esk,KET_S,Kamp 2020,arterial,calibration,7.43239,0.0250244
kamp_S_ket_esk,KET_S,Kamp 2020,arterial,calibration,7.45242,0.0249394
kamp_S_ket_esk,KET_S,Kamp 2020,arterial,calibration,7.47245,0.0248546
kamp_S_ket_esk,KET_S,Kamp 2020,arterial,calibration,7.49249,0.0247702
kamp_S_ket_esk,KET_S,Kamp 2020,arterial,calibration,7.51252,0.024686
kamp_S_ket_esk,KET_S,Kamp 2020,arterial,calibration,7.53255,0.0246022
kamp_S_ket_esk,KET_S,Kamp 2020,arterial,calibration,7.55259,0.0245186
kamp_S_ket_esk,KET_S,Kamp 2020,arterial,calibration,7.57262,0.0244353
kamp_S_ket_esk,KET_S,Kamp 2020,arterial,calibration,7.59265,0.0243523
kamp_S_ket_esk,KET_S,Kamp 2020,arterial,calibration,7.61269,0.0242695
kamp_S_ket_esk,KET_S,Kamp 2020,arterial,calibration,7.63272,0.0241871
kamp_S_ket_esk,KET_S,Kamp 2020,arterial,calibration,7.65275,0.0241049
kamp_S_ket_esk,KET_S,Kamp 2020,arterial,calibration,7.67279,0.024023
kamp_S_ket_esk,KET_S,Kamp 2020,arterial,calibration,7.69282,0.0239414
kamp_S_ket_esk,KET_S,Kamp 2020,arterial,calibration,7.71285,0.02386
kamp_S_ket_esk,KET_S,Kamp 2020,arterial,calibration,7.73289,0.023779
kamp_S_ket_esk,KET_S,Kamp 2020,arterial,calibration,7.75292,0.0236982
kamp_S_ket_esk,KET_S,Kamp 2020,arterial,calibration,7.77295,0.0236177
kamp_S_ket_esk,KET_S,Kamp 2020,arterial,calibration,7.79299,0.0235374
kamp_S_ket_esk,KET_S,Kamp 2020,arterial,calibration,7.81302,0.0234575
kamp_S_ket_esk,KET_S,Kamp 2020,arterial,calibration,7.83306,0.0233778
kamp_S_ket_esk,KET_S,Kamp 2020,arterial,calibration,7.85309,0.0232984
kamp_S_ket_esk,KET_S,Kamp 2020,arterial,calibration,7.87312,0.0232192
kamp_S_ket_esk,KET_S,Kamp 2020,arterial,calibration,7.89316,0.0231403
kamp_S_ket_esk,KET_S,Kamp 2020,arterial,calibration,7.91319,0.0230617
kamp_S_ket_esk,KET_S,Kamp 2020,arterial,calibration,7.93322,0.0229834
kamp_S_ket_esk,KET_S,Kamp 2020,arterial,calibration,7.95326,0.0229053
kamp_S_ket_esk,KET_S,Kamp 2020,arterial,calibration,7.97329,0.0228274
kamp_S_ket_esk,KET_S,Kamp 2020,arterial,calibration,7.99332,0.0227499
kamp_S_ket_esk,KET_S,Kamp 2020,arterial,calibration,8.01336,0.0226726
kamp_S_ket_esk,KET_S,Kamp 2020,arterial,calibration,8.03339,0.0225956
kamp_S_ket_esk,KET_S,Kamp 2020,arterial,calibration,8.05342,0.0225188
kamp_S_ket_esk,KET_S,Kamp 2020,arterial,calibration,8.07346,0.0224423
kamp_S_ket_esk,KET_S,Kamp 2020,arterial,calibration,8.09349,0.0223661
kamp_S_ket_esk,KET_S,Kamp 2020,arterial,calibration,8.11352,0.0222901
kamp_S_ket_esk,KET_S,Kamp 2020,arterial,calibration,8.13356,0.0222143
kamp_S_ket_esk,KET_S,Kamp 2020,arterial,calibration,8.15359,0.0221389
kamp_S_ket_esk,KET_S,Kamp 2020,arterial,calibration,8.17362,0.0220637
kamp_S_ket_esk,KET_S,Kamp 2020,arterial,calibration,8.19366,0.0219887
kamp_S_ket_esk,KET_S,Kamp 2020,arterial,calibration,8.21369,0.021914
kamp_S_ket_esk,KET_S,Kamp 2020,arterial,calibration,8.23372,0.0218395
kamp_S_ket_esk,KET_S,Kamp 2020,arterial,calibration,8.25376,0.0217654
kamp_S_ket_esk,KET_S,Kamp 2020,arterial,calibration,8.27379,0.0216914
kamp_S_ket_esk,KET_S,Kamp 2020,arterial,calibration,8.29382,0.0216177
kamp_S_ket_esk,KET_S,Kamp 2020,arterial,calibration,8.31386,0.0215443
kamp_S_ket_esk,KET_S,Kamp 2020,arterial,calibration,8.33389,0.0214711
kamp_S_ket_esk,KET_S,Kamp 2020,arterial,calibration,8.35392,0.0213981
kamp_S_ket_esk,KET_S,Kamp 2020,arterial,calibration,8.37396,0.0213254
kamp_S_ket_esk,KET_S,Kamp 2020,arterial,calibration,8.39399,0.021253
kamp_S_ket_esk,KET_S,Kamp 2020,arterial,calibration,8.41402,0.0211808
kamp_S_ket_esk,KET_S,Kamp 2020,arterial,calibration,8.43406,0.0211088
kamp_S_ket_esk,KET_S,Kamp 2020,arterial,calibration,8.45409,0.0210371
kamp_S_ket_esk,KET_S,Kamp 2020,arterial,calibration,8.47412,0.0209656
kamp_S_ket_esk,KET_S,Kamp 2020,arterial,calibration,8.49416,0.0208944
kamp_S_ket_esk,KET_S,Kamp 2020,arterial,calibration,8.51419,0.0208234
kamp_S_ket_esk,KET_S,Kamp 2020,arterial,calibration,8.53422,0.0207527
kamp_S_ket_esk,KET_S,Kamp 2020,arterial,calibration,8.55426,0.0206822
kamp_S_ket_esk,KET_S,Kamp 2020,arterial,calibration,8.57429,0.0206119
kamp_S_ket_esk,KET_S,Kamp 2020,arterial,calibration,8.59432,0.0205419
kamp_S_ket_esk,KET_S,Kamp 2020,arterial,calibration,8.61436,0.0204721
kamp_S_ket_esk,KET_S,Kamp 2020,arterial,calibration,8.63439,0.0204025
kamp_S_ket_esk,KET_S,Kamp 2020,arterial,calibration,8.65442,0.0203332
kamp_S_ket_esk,KET_S,Kamp 2020,arterial,calibration,8.67446,0.0202641
kamp_S_ket_esk,KET_S,Kamp 2020,arterial,calibration,8.69449,0.0201953
kamp_S_ket_esk,KET_S,Kamp 2020,arterial,calibration,8.71452,0.0201267
kamp_S_ket_esk,KET_S,Kamp 2020,arterial,calibration,8.73456,0.0200583
kamp_S_ket_esk,KET_S,Kamp 2020,arterial,calibration,8.75459,0.0199902
kamp_S_ket_esk,KET_S,Kamp 2020,arterial,calibration,8.77462,0.0199222
kamp_S_ket_esk,KET_S,Kamp 2020,arterial,calibration,8.79466,0.0198546
kamp_S_ket_esk,KET_S,Kamp 2020,arterial,calibration,8.81469,0.0197871
kamp_S_ket_esk,KET_S,Kamp 2020,arterial,calibration,8.83472,0.0197199
kamp_S_ket_esk,KET_S,Kamp 2020,arterial,calibration,8.85476,0.0196529
kamp_S_ket_esk,KET_S,Kamp 2020,arterial,calibration,8.87479,0.0195861
kamp_S_ket_esk,KET_S,Kamp 2020,arterial,calibration,8.89482,0.0195196
kamp_S_ket_esk,KET_S,Kamp 2020,arterial,calibration,8.91486,0.0194533
kamp_S_ket_esk,KET_S,Kamp 2020,arterial,calibration,8.93489,0.0193872
kamp_S_ket_esk,KET_S,Kamp 2020,arterial,calibration,8.95492,0.0193213
kamp_S_ket_esk,KET_S,Kamp 2020,arterial,calibration,8.97496,0.0192557
kamp_S_ket_esk,KET_S,Kamp 2020,arterial,calibration,8.99499,0.0191902
kamp_S_ket_esk,KET_S,Kamp 2020,arterial,calibration,9.01503,0.019125
kamp_S_ket_esk,KET_S,Kamp 2020,arterial,calibration,9.03506,0.0190601
kamp_S_ket_esk,KET_S,Kamp 2020,arterial,calibration,9.05509,0.0189953
kamp_S_ket_esk,KET_S,Kamp 2020,arterial,calibration,9.07513,0.0189308
kamp_S_ket_esk,KET_S,Kamp 2020,arterial,calibration,9.09516,0.0188665
kamp_S_ket_esk,KET_S,Kamp 2020,arterial,calibration,9.11519,0.0188024
kamp_S_ket_esk,KET_S,Kamp 2020,arterial,calibration,9.13523,0.0187385
kamp_S_ket_esk,KET_S,Kamp 2020,arterial,calibration,9.15526,0.0186748
kamp_S_ket_esk,KET_S,Kamp 2020,arterial,calibration,9.17529,0.0186114
kamp_S_ket_esk,KET_S,Kamp 2020,arterial,calibration,9.19533,0.0185482
kamp_S_ket_esk,KET_S,Kamp 2020,arterial,calibration,9.21536,0.0184851
kamp_S_ket_esk,KET_S,Kamp 2020,arterial,calibration,9.23539,0.0184223
kamp_S_ket_esk,KET_S,Kamp 2020,arterial,calibration,9.25543,0.0183598
kamp_S_ket_esk,KET_S,Kamp 2020,arterial,calibration,9.27546,0.0182974
kamp_S_ket_esk,KET_S,Kamp 2020,arterial,calibration,9.29549,0.0182352
kamp_S_ket_esk,KET_S,Kamp 2020,arterial,calibration,9.31553,0.0181733
kamp_S_ket_esk,KET_S,Kamp 2020,arterial,calibration,9.33556,0.0181115
kamp_S_ket_esk,KET_S,Kamp 2020,arterial,calibration,9.35559,0.01805
kamp_S_ket_esk,KET_S,Kamp 2020,arterial,calibration,9.37563,0.0179887
kamp_S_ket_esk,KET_S,Kamp 2020,arterial,calibration,9.39566,0.0179276
kamp_S_ket_esk,KET_S,Kamp 2020,arterial,calibration,9.41569,0.0178666
kamp_S_ket_esk,KET_S,Kamp 2020,arterial,calibration,9.43573,0.0178059
kamp_S_ket_esk,KET_S,Kamp 2020,arterial,calibration,9.45576,0.0177455
kamp_S_ket_esk,KET_S,Kamp 2020,arterial,calibration,9.47579,0.0176852
kamp_S_ket_esk,KET_S,Kamp 2020,arterial,calibration,9.49583,0.0176251
kamp_S_ket_esk,KET_S,Kamp 2020,arterial,calibration,9.51586,0.0175652
kamp_S_ket_esk,KET_S,Kamp 2020,arterial,calibration,9.53589,0.0175055
kamp_S_ket_esk,KET_S,Kamp 2020,arterial,calibration,9.55593,0.0174461
kamp_S_ket_esk,KET_S,Kamp 2020,arterial,calibration,9.57596,0.0173868
kamp_S_ket_esk,KET_S,Kamp 2020,arterial,calibration,9.59599,0.0173277
kamp_S_ket_esk,KET_S,Kamp 2020,arterial,calibration,9.61603,0.0172688
kamp_S_ket_esk,KET_S,Kamp 2020,arterial,calibration,9.63606,0.0172102
kamp_S_ket_esk,KET_S,Kamp 2020,arterial,calibration,9.65609,0.0171517
kamp_S_ket_esk,KET_S,Kamp 2020,arterial,calibration,9.67613,0.0170934
kamp_S_ket_esk,KET_S,Kamp 2020,arterial,calibration,9.69616,0.0170354
kamp_S_ket_esk,KET_S,Kamp 2020,arterial,calibration,9.71619,0.0169775
kamp_S_ket_esk,KET_S,Kamp 2020,arterial,calibration,9.73623,0.0169198
kamp_S_ket_esk,KET_S,Kamp 2020,arterial,calibration,9.75626,0.0168623
kamp_S_ket_esk,KET_S,Kamp 2020,arterial,calibration,9.77629,0.016805
kamp_S_ket_esk,KET_S,Kamp 2020,arterial,calibration,9.79633,0.0167479
kamp_S_ket_esk,KET_S,Kamp 2020,arterial,calibration,9.81636,0.016691
kamp_S_ket_esk,KET_S,Kamp 2020,arterial,calibration,9.83639,0.0166343
kamp_S_ket_esk,KET_S,Kamp 2020,arterial,calibration,9.85643,0.0165778
kamp_S_ket_esk,KET_S,Kamp 2020,arterial,calibration,9.87646,0.0165215
kamp_S_ket_esk,KET_S,Kamp 2020,arterial,calibration,9.89649,0.0164654
kamp_S_ket_esk,KET_S,Kamp 2020,arterial,calibration,9.91653,0.0164094
kamp_S_ket_esk,KET_S,Kamp 2020,arterial,calibration,9.93656,0.0163537
kamp_S_ket_esk,KET_S,Kamp 2020,arterial,calibration,9.95659,0.0162981
kamp_S_ket_esk,KET_S,Kamp 2020,arterial,calibration,9.97663,0.0162428
kamp_S_ket_esk,KET_S,Kamp 2020,arterial,calibration,9.99666,0.0161876
kamp_S_ket_esk,KET_S,Kamp 2020,arterial,calibration,10.0167,0.0161326
kamp_S_ket_esk,KET_S,Kamp 2020,arterial,calibration,10.0367,0.0160778
kamp_S_ket_esk,KET_S,Kamp 2020,arterial,calibration,10.0568,0.0160231
kamp_S_ket_esk,KET_S,Kamp 2020,arterial,calibration,10.0768,0.0159687
kamp_S_ket_esk,KET_S,Kamp 2020,arterial,calibration,10.0968,0.0159145
kamp_S_ket_esk,KET_S,Kamp 2020,arterial,calibration,10.1169,0.0158604
kamp_S_ket_esk,KET_S,Kamp 2020,arterial,calibration,10.1369,0.0158065
kamp_S_ket_esk,KET_S,Kamp 2020,arterial,calibration,10.1569,0.0157528
kamp_S_ket_esk,KET_S,Kamp 2020,arterial,calibration,10.177,0.0156993
kamp_S_ket_esk,KET_S,Kamp 2020,arterial,calibration,10.197,0.015646
kamp_S_ket_esk,KET_S,Kamp 2020,arterial,calibration,10.217,0.0155928
kamp_S_ket_esk,KET_S,Kamp 2020,arterial,calibration,10.2371,0.0155398
kamp_S_ket_esk,KET_S,Kamp 2020,arterial,calibration,10.2571,0.015487
kamp_S_ket_esk,KET_S,Kamp 2020,arterial,calibration,10.2771,0.0154344
kamp_S_ket_esk,KET_S,Kamp 2020,arterial,calibration,10.2972,0.015382
kamp_S_ket_esk,KET_S,Kamp 2020,arterial,calibration,10.3172,0.0153297
kamp_S_ket_esk,KET_S,Kamp 2020,arterial,calibration,10.3372,0.0152776
kamp_S_ket_esk,KET_S,Kamp 2020,arterial,calibration,10.3573,0.0152257
kamp_S_ket_esk,KET_S,Kamp 2020,arterial,calibration,10.3773,0.015174
kamp_S_ket_esk,KET_S,Kamp 2020,arterial,calibration,10.3973,0.0151225
kamp_S_ket_esk,KET_S,Kamp 2020,arterial,calibration,10.4174,0.0150711
kamp_S_ket_esk,KET_S,Kamp 2020,arterial,calibration,10.4374,0.0150199
kamp_S_ket_esk,KET_S,Kamp 2020,arterial,calibration,10.4574,0.0149688
kamp_S_ket_esk,KET_S,Kamp 2020,arterial,calibration,10.4775,0.014918
kamp_S_ket_esk,KET_S,Kamp 2020,arterial,calibration,10.4975,0.0148673
kamp_S_ket_esk,KET_S,Kamp 2020,arterial,calibration,10.5175,0.0148168
kamp_S_ket_esk,KET_S,Kamp 2020,arterial,calibration,10.5376,0.0147665
kamp_S_ket_esk,KET_S,Kamp 2020,arterial,calibration,10.5576,0.0147163
kamp_S_ket_esk,KET_S,Kamp 2020,arterial,calibration,10.5776,0.0146663
kamp_S_ket_esk,KET_S,Kamp 2020,arterial,calibration,10.5977,0.0146165
kamp_S_ket_esk,KET_S,Kamp 2020,arterial,calibration,10.6177,0.0145668
kamp_S_ket_esk,KET_S,Kamp 2020,arterial,calibration,10.6377,0.0145173
kamp_S_ket_esk,KET_S,Kamp 2020,arterial,calibration,10.6578,0.014468
kamp_S_ket_esk,KET_S,Kamp 2020,arterial,calibration,10.6778,0.0144189
kamp_S_ket_esk,KET_S,Kamp 2020,arterial,calibration,10.6978,0.0143699
kamp_S_ket_esk,KET_S,Kamp 2020,arterial,calibration,10.7179,0.014321
kamp_S_ket_esk,KET_S,Kamp 2020,arterial,calibration,10.7379,0.0142724
kamp_S_ket_esk,KET_S,Kamp 2020,arterial,calibration,10.7579,0.0142239
kamp_S_ket_esk,KET_S,Kamp 2020,arterial,calibration,10.778,0.0141756
kamp_S_ket_esk,KET_S,Kamp 2020,arterial,calibration,10.798,0.0141274
kamp_S_ket_esk,KET_S,Kamp 2020,arterial,calibration,10.818,0.0140794
kamp_S_ket_esk,KET_S,Kamp 2020,arterial,calibration,10.8381,0.0140316
kamp_S_ket_esk,KET_S,Kamp 2020,arterial,calibration,10.8581,0.0139839
kamp_S_ket_esk,KET_S,Kamp 2020,arterial,calibration,10.8781,0.0139364
kamp_S_ket_esk,KET_S,Kamp 2020,arterial,calibration,10.8982,0.0138891
kamp_S_ket_esk,KET_S,Kamp 2020,arterial,calibration,10.9182,0.0138419
kamp_S_ket_esk,KET_S,Kamp 2020,arterial,calibration,10.9382,0.0137948
kamp_S_ket_esk,KET_S,Kamp 2020,arterial,calibration,10.9583,0.013748
kamp_S_ket_esk,KET_S,Kamp 2020,arterial,calibration,10.9783,0.0137013
kamp_S_ket_esk,KET_S,Kamp 2020,arterial,calibration,10.9983,0.0136547
kamp_S_ket_esk,KET_S,Kamp 2020,arterial,calibration,11.0184,0.0136083
kamp_S_ket_esk,KET_S,Kamp 2020,arterial,calibration,11.0384,0.0135621
kamp_S_ket_esk,KET_S,Kamp 2020,arterial,calibration,11.0584,0.013516
kamp_S_ket_esk,KET_S,Kamp 2020,arterial,calibration,11.0785,0.0134701
kamp_S_ket_esk,KET_S,Kamp 2020,arterial,calibration,11.0985,0.0134243
kamp_S_ket_esk,KET_S,Kamp 2020,arterial,calibration,11.1185,0.0133787
kamp_S_ket_esk,KET_S,Kamp 2020,arterial,calibration,11.1386,0.0133333
kamp_S_ket_esk,KET_S,Kamp 2020,arterial,calibration,11.1586,0.013288
kamp_S_ket_esk,KET_S,Kamp 2020,arterial,calibration,11.1786,0.0132428
kamp_S_ket_esk,KET_S,Kamp 2020,arterial,calibration,11.1987,0.0131979
kamp_S_ket_esk,KET_S,Kamp 2020,arterial,calibration,11.2187,0.013153
kamp_S_ket_esk,KET_S,Kamp 2020,arterial,calibration,11.2387,0.0131083
kamp_S_ket_esk,KET_S,Kamp 2020,arterial,calibration,11.2588,0.0130638
kamp_S_ket_esk,KET_S,Kamp 2020,arterial,calibration,11.2788,0.0130194
kamp_S_ket_esk,KET_S,Kamp 2020,arterial,calibration,11.2988,0.0129752
kamp_S_ket_esk,KET_S,Kamp 2020,arterial,calibration,11.3189,0.0129311
kamp_S_ket_esk,KET_S,Kamp 2020,arterial,calibration,11.3389,0.0128872
kamp_S_ket_esk,KET_S,Kamp 2020,arterial,calibration,11.3589,0.0128434
kamp_S_ket_esk,KET_S,Kamp 2020,arterial,calibration,11.379,0.0127998
kamp_S_ket_esk,KET_S,Kamp 2020,arterial,calibration,11.399,0.0127563
kamp_S_ket_esk,KET_S,Kamp 2020,arterial,calibration,11.419,0.0127129
kamp_S_ket_esk,KET_S,Kamp 2020,arterial,calibration,11.4391,0.0126697
kamp_S_ket_esk,KET_S,Kamp 2020,arterial,calibration,11.4591,0.0126267
kamp_S_ket_esk,KET_S,Kamp 2020,arterial,calibration,11.4791,0.0125838
kamp_S_ket_esk,KET_S,Kamp 2020,arterial,calibration,11.4992,0.012541
kamp_S_ket_esk,KET_S,Kamp 2020,arterial,calibration,11.5192,0.0124984
kamp_S_ket_esk,KET_S,Kamp 2020,arterial,calibration,11.5392,0.012456
kamp_S_ket_esk,KET_S,Kamp 2020,arterial,calibration,11.5593,0.0124137
kamp_S_ket_esk,KET_S,Kamp 2020,arterial,calibration,11.5793,0.0123715
kamp_S_ket_esk,KET_S,Kamp 2020,arterial,calibration,11.5993,0.0123295
kamp_S_ket_esk,KET_S,Kamp 2020,arterial,calibration,11.6194,0.0122876
kamp_S_ket_esk,KET_S,Kamp 2020,arterial,calibration,11.6394,0.0122458
kamp_S_ket_esk,KET_S,Kamp 2020,arterial,calibration,11.6594,0.0122042
kamp_S_ket_esk,KET_S,Kamp 2020,arterial,calibration,11.6795,0.0121628
kamp_S_ket_esk,KET_S,Kamp 2020,arterial,calibration,11.6995,0.0121214
kamp_S_ket_esk,KET_S,Kamp 2020,arterial,calibration,11.7195,0.0120803
kamp_S_ket_esk,KET_S,Kamp 2020,arterial,calibration,11.7396,0.0120392
kamp_S_ket_esk,KET_S,Kamp 2020,arterial,calibration,11.7596,0.0119983
kamp_S_ket_esk,KET_S,Kamp 2020,arterial,calibration,11.7796,0.0119575
kamp_S_ket_esk,KET_S,Kamp 2020,arterial,calibration,11.7997,0.0119169
kamp_S_ket_esk,KET_S,Kamp 2020,arterial,calibration,11.8197,0.0118764
kamp_S_ket_esk,KET_S,Kamp 2020,arterial,calibration,11.8397,0.0118361
kamp_S_ket_esk,KET_S,Kamp 2020,arterial,calibration,11.8598,0.0117959
kamp_S_ket_esk,KET_S,Kamp 2020,arterial,calibration,11.8798,0.0117558
kamp_S_ket_esk,KET_S,Kamp 2020,arterial,calibration,11.8998,0.0117159
kamp_S_ket_esk,KET_S,Kamp 2020,arterial,calibration,11.9199,0.0116761
kamp_S_ket_esk,KET_S,Kamp 2020,arterial,calibration,11.9399,0.0116364
kamp_S_ket_esk,KET_S,Kamp 2020,arterial,calibration,11.9599,0.0115969
kamp_S_ket_esk,KET_S,Kamp 2020,arterial,calibration,11.98,0.0115575
kamp_S_ket_esk,KET_S,Kamp 2020,arterial,calibration,12,0.0115182
kamp_S_ket_rac,KET_S,Kamp 2020,arterial,calibration,0,0
kamp_S_ket_rac,KET_S,Kamp 2020,arterial,calibration,0.0200334,0.00381568
kamp_S_ket_rac,KET_S,Kamp 2020,arterial,calibration,0.0400668,0.00737964
kamp_S_ket_rac,KET_S,Kamp 2020,arterial,calibration,0.0601002,0.0107102
kamp_S_ket_rac,KET_S,Kamp 2020,arterial,calibration,0.0801336,0.0138239
kamp_S_ket_rac,KET_S,Kamp 2020,arterial,calibration,0.100167,0.0167358
kamp_S_ket_rac,KET_S,Kamp 2020,arterial,calibration,0.1202,0.0194601
kamp_S_ket_rac,KET_S,Kamp 2020,arterial,calibration,0.140234,0.0220096
kamp_S_ket_rac,KET_S,Kamp 2020,arterial,calibration,0.160267,0.0243964
kamp_S_ket_rac,KET_S,Kamp 2020,arterial,calibration,0.180301,0.0266316
kamp_S_ket_rac,KET_S,Kamp 2020,arterial,calibration,0.200334,0.0287255
kamp_S_ket_rac,KET_S,Kamp 2020,arterial,calibration,0.220367,0.0306879
kamp_S_ket_rac,KET_S,Kamp 2020,arterial,calibration,0.240401,0.0325275
kamp_S_ket_rac,KET_S,Kamp 2020,arterial,calibration,0.260434,0.0342529
kamp_S_ket_rac,KET_S,Kamp 2020,arterial,calibration,0.280467,0.0358717
kamp_S_ket_rac,KET_S,Kamp 2020,arterial,calibration,0.300501,0.0373912
kamp_S_ket_rac,KET_S,Kamp 2020,arterial,calibration,0.320534,0.0388181
kamp_S_ket_rac,KET_S,Kamp 2020,arterial,calibration,0.340568,0.0401588
kamp_S_ket_rac,KET_S,Kamp 2020,arterial,calibration,0.360601,0.0414189
kamp_S_ket_rac,KET_S,Kamp 2020,arterial,calibration,0.380634,0.0426041
kamp_S_ket_rac,KET_S,Kamp 2020,arterial,calibration,0.400668,0.0437194
kamp_S_ket_rac,KET_S,Kamp 2020,arterial,calibration,0.420701,0.0447694
kamp_S_ket_rac,KET_S,Kamp 2020,arterial,calibration,0.440735,0.0457587
kamp_S_ket_rac,KET_S,Kamp 2020,arterial,calibration,0.460768,0.0466913
kamp_S_ket_rac,KET_S,Kamp 2020,arterial,calibration,0.480801,0.0475711
kamp_S_ket_rac,KET_S,Kamp 2020,arterial,calibration,0.500835,0.0484016
kamp_S_ket_rac,KET_S,Kamp 2020,arterial,calibration,0.520868,0.0491861
kamp_S_ket_rac,KET_S,Kamp 2020,arterial,calibration,0.540902,0.0499277
kamp_S_ket_rac,KET_S,Kamp 2020,arterial,calibration,0.560935,0.0506294
kamp_S_ket_rac,KET_S,Kamp 2020,arterial,calibration,0.580968,0.0512938
kamp_S_ket_rac,KET_S,Kamp 2020,arterial,calibration,0.601002,0.0519234
kamp_S_ket_rac,KET_S,Kamp 2020,arterial,calibration,0.621035,0.0525206
kamp_S_ket_rac,KET_S,Kamp 2020,arterial,calibration,0.641068,0.0530875
kamp_S_ket_rac,KET_S,Kamp 2020,arterial,calibration,0.661102,0.0536261
kamp_S_ket_rac,KET_S,Kamp 2020,arterial,calibration,0.681135,0.0541385
kamp_S_ket_rac,KET_S,Kamp 2020,arterial,calibration,0.701169,0.0546262
kamp_S_ket_rac,KET_S,Kamp 2020,arterial,calibration,0.721202,0.0550909
kamp_S_ket_rac,KET_S,Kamp 2020,arterial,calibration,0.741235,0.0555343
kamp_S_ket_rac,KET_S,Kamp 2020,arterial,calibration,0.761269,0.0559577
kamp_S_ket_rac,KET_S,Kamp 2020,arterial,calibration,0.781302,0.0563624
kamp_S_ket_rac,KET_S,Kamp 2020,arterial,calibration,0.801336,0.0567496
kamp_S_ket_rac,KET_S,Kamp 2020,arterial,calibration,0.821369,0.0571206
kamp_S_ket_rac,KET_S,Kamp 2020,arterial,calibration,0.841402,0.0574764
kamp_S_ket_rac,KET_S,Kamp 2020,arterial,calibration,0.861436,0.057818
kamp_S_ket_rac,KET_S,Kamp 2020,arterial,calibration,0.881469,0.0581464
kamp_S_ket_rac,KET_S,Kamp 2020,arterial,calibration,0.901503,0.0584623
kamp_S_ket_rac,KET_S,Kamp 2020,arterial,calibration,0.921536,0.0587667
kamp_S_ket_rac,KET_S,Kamp 2020,arterial,calibration,0.941569,0.0590602
kamp_S_ket_rac,KET_S,Kamp 2020,arterial,calibration,0.961603,0.0593436
kamp_S_ket_rac,KET_S,Kamp 2020,arterial,calibration,0.981636,0.0596176
kamp_S_ket_rac,KET_S,Kamp 2020,arterial,calibration,1.00167,0.0602225
kamp_S_ket_rac,KET_S,Kamp 2020,arterial,calibration,1.0217,0.0644087
kamp_S_ket_rac,KET_S,Kamp 2020,arterial,calibration,1.04174,0.0683282
kamp_S_ket_rac,KET_S,Kamp 2020,arterial,calibration,1.06177,0.0720002
kamp_S_ket_rac,KET_S,Kamp 2020,arterial,calibration,1.0818,0.0754421
kamp_S_ket_rac,KET_S,Kamp 2020,arterial,calibration,1.10184,0.0786699
kamp_S_ket_rac,KET_S,Kamp 2020,arterial,calibration,1.12187,0.0816986
kamp_S_ket_rac,KET_S,Kamp 2020,arterial,calibration,1.1419,0.0845418
kamp_S_ket_rac,KET_S,Kamp 2020,arterial,calibration,1.16194,0.0872121
kamp_S_ket_rac,KET_S,Kamp 2020,arterial,calibration,1.18197,0.0897215
kamp_S_ket_rac,KET_S,Kamp 2020,arterial,calibration,1.202,0.0920808
kamp_S_ket_rac,KET_S,Kamp 2020,arterial,calibration,1.22204,0.0943003
kamp_S_ket_rac,KET_S,Kamp 2020,arterial,calibration,1.24207,0.0963894
kamp_S_ket_rac,KET_S,Kamp 2020,arterial,calibration,1.2621,0.098357
kamp_S_ket_rac,KET_S,Kamp 2020,arterial,calibration,1.28214,0.100211
kamp_S_ket_rac,KET_S,Kamp 2020,arterial,calibration,1.30217,0.10196
kamp_S_ket_rac,KET_S,Kamp 2020,arterial,calibration,1.3222,0.10361
kamp_S_ket_rac,KET_S,Kamp 2020,arterial,calibration,1.34224,0.105168
kamp_S_ket_rac,KET_S,Kamp 2020,arterial,calibration,1.36227,0.106641
kamp_S_ket_rac,KET_S,Kamp 2020,arterial,calibration,1.3823,0.108034
kamp_S_ket_rac,KET_S,Kamp 2020,arterial,calibration,1.40234,0.109352
kamp_S_ket_rac,KET_S,Kamp 2020,arterial,calibration,1.42237,0.110601
kamp_S_ket_rac,KET_S,Kamp 2020,arterial,calibration,1.4424,0.111785
kamp_S_ket_rac,KET_S,Kamp 2020,arterial,calibration,1.46244,0.112908
kamp_S_ket_rac,KET_S,Kamp 2020,arterial,calibration,1.48247,0.113975
kamp_S_ket_rac,KET_S,Kamp 2020,arterial,calibration,1.5025,0.114989
kamp_S_ket_rac,KET_S,Kamp 2020,arterial,calibration,1.52254,0.115955
kamp_S_ket_rac,KET_S,Kamp 2020,arterial,calibration,1.54257,0.116874
kamp_S_ket_rac,KET_S,Kamp 2020,arterial,calibration,1.5626,0.117751
kamp_S_ket_rac,KET_S,Kamp 2020,arterial,calibration,1.58264,0.118587
kamp_S_ket_rac,KET_S,Kamp 2020,arterial,calibration,1.60267,0.119387
kamp_S_ket_rac,KET_S,Kamp 2020,arterial,calibration,1.6227,0.120151
kamp_S_ket_rac,KET_S,Kamp 2020,arterial,calibration,1.64274,0.120883
kamp_S_ket_rac,KET_S,Kamp 2020,arterial,calibration,1.66277,0.121585
kamp_S_ket_rac,KET_S,Kamp 2020,arterial,calibration,1.6828,0.122258
kamp_S_ket_rac,KET_S,Kamp 2020,arterial,calibration,1.70284,0.122905
kamp_S_ket_rac,KET_S,Kamp 2020,arterial,calibration,1.72287,0.123527
kamp_S_ket_rac,KET_S,Kamp 2020,arterial,calibration,1.7429,0.124126
kamp_S_ket_rac,KET_S,Kamp 2020,arterial,calibration,1.76294,0.124704
kamp_S_ket_rac,KET_S,Kamp 2020,arterial,calibration,1.78297,0.125261
kamp_S_ket_rac,KET_S,Kamp 2020,arterial,calibration,1.80301,0.125799
kamp_S_ket_rac,KET_S,Kamp 2020,arterial,calibration,1.82304,0.12632
kamp_S_ket_rac,KET_S,Kamp 2020,arterial,calibration,1.84307,0.126824
kamp_S_ket_rac,KET_S,Kamp 2020,arterial,calibration,1.86311,0.127313
kamp_S_ket_rac,KET_S,Kamp 2020,arterial,calibration,1.88314,0.127787
kamp_S_ket_rac,KET_S,Kamp 2020,arterial,calibration,1.90317,0.128248
kamp_S_ket_rac,KET_S,Kamp 2020,arterial,calibration,1.92321,0.128695
kamp_S_ket_rac,KET_S,Kamp 2020,arterial,calibration,1.94324,0.129131
kamp_S_ket_rac,KET_S,Kamp 2020,arterial,calibration,1.96327,0.129556
kamp_S_ket_rac,KET_S,Kamp 2020,arterial,calibration,1.98331,0.129971
kamp_S_ket_rac,KET_S,Kamp 2020,arterial,calibration,2.00334,0.131707
kamp_S_ket_rac,KET_S,Kamp 2020,arterial,calibration,2.02337,0.139782
kamp_S_ket_rac,KET_S,Kamp 2020,arterial,calibration,2.04341,0.147343
kamp_S_ket_rac,KET_S,Kamp 2020,arterial,calibration,2.06344,0.154426
kamp_S_ket_rac,KET_S,Kamp 2020,arterial,calibration,2.08347,0.161065
kamp_S_ket_rac,KET_S,Kamp 2020,arterial,calibration,2.10351,0.167291
kamp_S_ket_rac,KET_S,Kamp 2020,arterial,calibration,2.12354,0.173133
kamp_S_ket_rac,KET_S,Kamp 2020,arterial,calibration,2.14357,0.178617
kamp_S_ket_rac,KET_S,Kamp 2020,arterial,calibration,2.16361,0.183768
kamp_S_ket_rac,KET_S,Kamp 2020,arterial,calibration,2.18364,0.188608
kamp_S_ket_rac,KET_S,Kamp 2020,arterial,calibration,2.20367,0.193159
kamp_S_ket_rac,KET_S,Kamp 2020,arterial,calibration,2.22371,0.19744
kamp_S_ket_rac,KET_S,Kamp 2020,arterial,calibration,2.24374,0.201469
kamp_S_ket_rac,KET_S,Kamp 2020,arterial,calibration,2.26377,0.205264
kamp_S_ket_rac,KET_S,Kamp 2020,arterial,calibration,2.28381,0.208841
kamp_S_ket_rac,KET_S,Kamp 2020,arterial,calibration,2.30384,0.212213
kamp_S_ket_rac,KET_S,Kamp 2020,arterial,calibration,2.32387,0.215396
kamp_S_ket_rac,KET_S,Kamp 2020,arterial,calibration,2.34391,0.218401
kamp_S_ket_rac,KET_S,Kamp 2020,arterial,calibration,2.36394,0.221241
kamp_S_ket_rac,KET_S,Kamp 2020,arterial,calibration,2.38397,0.223927
kamp_S_ket_rac,KET_S,Kamp 2020,arterial,calibration,2.40401,0.22647
kamp_S_ket_rac,KET_S,Kamp 2020,arterial,calibration,2.42404,0.228878
kamp_S_ket_rac,KET_S,Kamp 2020,arterial,calibration,2.44407,0.231161
kamp_S_ket_rac,KET_S,Kamp 2020,arterial,calibration,2.46411,0.233327
kamp_S_ket_rac,KET_S,Kamp 2020,arterial,calibration,2.48414,0.235385
kamp_S_ket_rac,KET_S,Kamp 2020,arterial,calibration,2.50417,0.237341
kamp_S_ket_rac,KET_S,Kamp 2020,arterial,calibration,2.52421,0.239202
kamp_S_ket_rac,KET_S,Kamp 2020,arterial,calibration,2.54424,0.240975
kamp_S_ket_rac,KET_S,Kamp 2020,arterial,calibration,2.56427,0.242665
kamp_S_ket_rac,KET_S,Kamp 2020,arterial,calibration,2.58431,0.244279
kamp_S_ket_rac,KET_S,Kamp 2020,arterial,calibration,2.60434,0.24582
kamp_S_ket_rac,KET_S,Kamp 2020,arterial,calibration,2.62437,0.247294
kamp_S_ket_rac,KET_S,Kamp 2020,arterial,calibration,2.64441,0.248706
kamp_S_ket_rac,KET_S,Kamp 2020,arterial,calibration,2.66444,0.250058
kamp_S_ket_rac,KET_S,Kamp 2020,arterial,calibration,2.68447,0.251357
kamp_S_ket_rac,KET_S,Kamp 2020,arterial,calibration,2.70451,0.252604
kamp_S_ket_rac,KET_S,Kamp 2020,arterial,calibration,2.72454,0.253803
kamp_S_ket_rac,KET_S,Kamp 2020,arterial,calibration,2.74457,0.254958
kamp_S_ket_rac,KET_S,Kamp 2020,arterial,calibration,2.76461,0.256071
kamp_S_ket_rac,KET_S,Kamp 2020,arterial,calibration,2.78464,0.257145
kamp_S_ket_rac,KET_S,Kamp 2020,arterial,calibration,2.80467,0.258183
kamp_S_ket_rac,KET_S,Kamp 2020,arterial,calibration,2.82471,0.259186
kamp_S_ket_rac,KET_S,Kamp 2020,arterial,calibration,2.84474,0.260158
kamp_S_ket_rac,KET_S,Kamp 2020,arterial,calibration,2.86477,0.2611
kamp_S_ket_rac,KET_S,Kamp 2020,arterial,calibration,2.88481,0.262014
kamp_S_ket_rac,KET_S,Kamp 2020,arterial,calibration,2.90484,0.262902
kamp_S_ket_rac,KET_S,Kamp 2020,arterial,calibration,2.92487,0.263765
kamp_S_ket_rac,KET_S,Kamp 2020,arterial,calibration,2.94491,0.264606
kamp_S_ket_rac,KET_S,Kamp 2020,arterial,calibration,2.96494,0.265424
kamp_S_ket_rac,KET_S,Kamp 2020,arterial,calibration,2.98497,0.266223
kamp_S_ket_rac,KET_S,Kamp 2020,arterial,calibration,3.00501,0.263019
kamp_S_ket_rac,KET_S,Kamp 2020,arterial,calibration,3.02504,0.248509
kamp_S_ket_rac,KET_S,Kamp 2020,arterial,calibration,3.04508,0.234989
kamp_S_ket_rac,KET_S,Kamp 2020,arterial,calibration,3.06511,0.222385
kamp_S_ket_rac,KET_S,Kamp 2020,arterial,calibration,3.08514,0.210634
kamp_S_ket_rac,KET_S,Kamp 2020,arterial,calibration,3.10518,0.199676
kamp_S_ket_rac,KET_S,Kamp 2020,arterial,calibration,3.12521,0.189455
kamp_S_ket_rac,KET_S,Kamp 2020,arterial,calibration,3.14524,0.179921
kamp_S_ket_rac,KET_S,Kamp 2020,arterial,calibration,3.16528,0.171027
kamp_S_ket_rac,KET_S,Kamp 2020,arterial,calibration,3.18531,0.162728
kamp_S_ket_rac,KET_S,Kamp 2020,arterial,calibration,3.20534,0.154984
kamp_S_ket_rac,KET_S,Kamp 2020,arterial,calibration,3.22538,0.147756
kamp_S_ket_rac,KET_S,Kamp 2020,arterial,calibration,3.24541,0.141011
kamp_S_ket_rac,KET_S,Kamp 2020,arterial,calibration,3.26544,0.134714
kamp_S_ket_rac,KET_S,Kamp 2020,arterial,calibration,3.28548,0.128835
kamp_S_ket_rac,KET_S,Kamp 2020,arterial,calibration,3.30551,0.123345
kamp_S_ket_rac,KET_S,Kamp 2020,arterial,calibration,3.32554,0.118219
kamp_S_ket_rac,KET_S,Kamp 2020,arterial,calibration,3.34558,0.113431
kamp_S_ket_rac,KET_S,Kamp 2020,arterial,calibration,3.36561,0.108959
kamp_S_ket_rac,KET_S,Kamp 2020,arterial,calibration,3.38564,0.10478
kamp_S_ket_rac,KET_S,Kamp 2020,arterial,calibration,3.40568,0.100875
kamp_S_ket_rac,KET_S,Kamp 2020,arterial,calibration,3.42571,0.0972257
kamp_S_ket_rac,KET_S,Kamp 2020,arterial,calibration,3.44574,0.093814
kamp_S_ket_rac,KET_S,Kamp 2020,arterial,calibration,3.46578,0.0906239
kamp_S_ket_rac,KET_S,Kamp 2020,arterial,calibration,3.48581,0.0876404
kamp_S_ket_rac,KET_S,Kamp 2020,arterial,calibration,3.50584,0.0848494
kamp_S_ket_rac,KET_S,Kamp 2020,arterial,calibration,3.52588,0.0822379
kamp_S_ket_rac,KET_S,Kamp 2020,arterial,calibration,3.54591,0.0797937
kamp_S_ket_rac,KET_S,Kamp 2020,arterial,calibration,3.56594,0.0775054
kamp_S_ket_rac,KET_S,Kamp 2020,arterial,calibration,3.58598,0.0753623
kamp_S_ket_rac,KET_S,Kamp 2020,arterial,calibration,3.60601,0.0733547
kamp_S_ket_rac,KET_S,Kamp 2020,arterial,calibration,3.62604,0.0714733
kamp_S_ket_rac,KET_S,Kamp 2020,arterial,calibration,3.64608,0.0697096
kamp_S_ket_rac,KET_S,Kamp 2020,arterial,calibration,3.66611,0.0680556
kamp_S_ket_rac,KET_S,Kamp 2020,arterial,calibration,3.68614,0.0665038
kamp_S_ket_rac,KET_S,Kamp 2020,arterial,calibration,3.70618,0.0650473
kamp_S_ket_rac,KET_S,Kamp 2020,arterial,calibration,3.72621,0.0636797
kamp_S_ket_rac,KET_S,Kamp 2020,arterial,calibration,3.74624,0.0623949
kamp_S_ket_rac,KET_S,Kamp 2020,arterial,calibration,3.76628,0.0611873
kamp_S_ket_rac,KET_S,Kamp 2020,arterial,calibration,3.78631,0.0600516
kamp_S_ket_rac,KET_S,Kamp 2020,arterial,calibration,3.80634,0.0589831
kamp_S_ket_rac,KET_S,Kamp 2020,arterial,calibration,3.82638,0.0579771
kamp_S_ket_rac,KET_S,Kamp 2020,arterial,calibration,3.84641,0.0570295
kamp_S_ket_rac,KET_S,Kamp 2020,arterial,calibration,3.86644,0.0561363
kamp_S_ket_rac,KET_S,Kamp 2020,arterial,calibration,3.88648,0.0552938
kamp_S_ket_rac,KET_S,Kamp 2020,arterial,calibration,3.90651,0.0544986
kamp_S_ket_rac,KET_S,Kamp 2020,arterial,calibration,3.92654,0.0537475
kamp_S_ket_rac,KET_S,Kamp 2020,arterial,calibration,3.94658,0.0530375
kamp_S_ket_rac,KET_S,Kamp 2020,arterial,calibration,3.96661,0.0523659
kamp_S_ket_rac,KET_S,Kamp 2020,arterial,calibration,3.98664,0.0517301
kamp_S_ket_rac,KET_S,Kamp 2020,arterial,calibration,4.00668,0.0511277
kamp_S_ket_rac,KET_S,Kamp 2020,arterial,calibration,4.02671,0.0505564
kamp_S_ket_rac,KET_S,Kamp 2020,arterial,calibration,4.04674,0.0500141
kamp_S_ket_rac,KET_S,Kamp 2020,arterial,calibration,4.06678,0.049499
kamp_S_ket_rac,KET_S,Kamp 2020,arterial,calibration,4.08681,0.0490091
kamp_S_ket_rac,KET_S,Kamp 2020,arterial,calibration,4.10684,0.0485428
kamp_S_ket_rac,KET_S,Kamp 2020,arterial,calibration,4.12688,0.0480986
kamp_S_ket_rac,KET_S,Kamp 2020,arterial,calibration,4.14691,0.0476749
kamp_S_ket_rac,KET_S,Kamp 2020,arterial,calibration,4.16694,0.0472704
kamp_S_ket_rac,KET_S,Kamp 2020,arterial,calibration,4.18698,0.0468838
kamp_S_ket_rac,KET_S,Kamp 2020,arterial,calibration,4.20701,0.0465139
kamp_S_ket_rac,KET_S,Kamp 2020,arterial,calibration,4.22705,0.0461596
kamp_S_ket_rac,KET_S,Kamp 2020,arterial,calibration,4.24708,0.04582
kamp_S_ket_rac,KET_S,Kamp 2020,arterial,calibration,4.26711,0.0454939
kamp_S_ket_rac,KET_S,Kamp 2020,arterial,calibration,4.28715,0.0451806
kamp_S_ket_rac,KET_S,Kamp 2020,arterial,calibration,4.30718,0.0448791
kamp_S_ket_rac,KET_S,Kamp 2020,arterial,calibration,4.32721,0.0445888
kamp_S_ket_rac,KET_S,Kamp 2020,arterial,calibration,4.34725,0.0443088
kamp_S_ket_rac,KET_S,Kamp 2020,arterial,calibration,4.36728,0.0440386
kamp_S_ket_rac,KET_S,Kamp 2020,arterial,calibration,4.38731,0.0437774
kamp_S_ket_rac,KET_S,Kamp 2020,arterial,calibration,4.40735,0.0435247
kamp_S_ket_rac,KET_S,Kamp 2020,arterial,calibration,4.42738,0.04328
kamp_S_ket_rac,KET_S,Kamp 2020,arterial,calibration,4.44741,0.0430427
kamp_S_ket_rac,KET_S,Kamp 2020,arterial,calibration,4.46745,0.0428124
kamp_S_ket_rac,KET_S,Kamp 2020,arterial,calibration,4.48748,0.0425886
kamp_S_ket_rac,KET_S,Kamp 2020,arterial,calibration,4.50751,0.0423709
kamp_S_ket_rac,KET_S,Kamp 2020,arterial,calibration,4.52755,0.0421589
kamp_S_ket_rac,KET_S,Kamp 2020,arterial,calibration,4.54758,0.0419522
kamp_S_ket_rac,KET_S,Kamp 2020,arterial,calibration,4.56761,0.0417506
kamp_S_ket_rac,KET_S,Kamp 2020,arterial,calibration,4.58765,0.0415537
kamp_S_ket_rac,KET_S,Kamp 2020,arterial,calibration,4.60768,0.0413612
kamp_S_ket_rac,KET_S,Kamp 2020,arterial,calibration,4.62771,0.0411729
kamp_S_ket_rac,KET_S,Kamp 2020,arterial,calibration,4.64775,0.0409885
kamp_S_ket_rac,KET_S,Kamp 2020,arterial,calibration,4.66778,0.0408077
kamp_S_ket_rac,KET_S,Kamp 2020,arterial,calibration,4.68781,0.0406304
kamp_S_ket_rac,KET_S,Kamp 2020,arterial,calibration,4.70785,0.0404563
kamp_S_ket_rac,KET_S,Kamp 2020,arterial,calibration,4.72788,0.0402853
kamp_S_ket_rac,KET_S,Kamp 2020,arterial,calibration,4.74791,0.0401172
kamp_S_ket_rac,KET_S,Kamp 2020,arterial,calibration,4.76795,0.0399517
kamp_S_ket_rac,KET_S,Kamp 2020,arterial,calibration,4.78798,0.0397888
kamp_S_ket_rac,KET_S,Kamp 2020,arterial,calibration,4.80801,0.0396283
kamp_S_ket_rac,KET_S,Kamp 2020,arterial,calibration,4.82805,0.0394701
kamp_S_ket_rac,KET_S,Kamp 2020,arterial,calibration,4.84808,0.039314
kamp_S_ket_rac,KET_S,Kamp 2020,arterial,calibration,4.86811,0.0391599
kamp_S_ket_rac,KET_S,Kamp 2020,arterial,calibration,4.88815,0.0390078
kamp_S_ket_rac,KET_S,Kamp 2020,arterial,calibration,4.90818,0.0388575
kamp_S_ket_rac,KET_S,Kamp 2020,arterial,calibration,4.92821,0.0387089
kamp_S_ket_rac,KET_S,Kamp 2020,arterial,calibration,4.94825,0.0385619
kamp_S_ket_rac,KET_S,Kamp 2020,arterial,calibration,4.96828,0.0384165
kamp_S_ket_rac,KET_S,Kamp 2020,arterial,calibration,4.98831,0.0382726
kamp_S_ket_rac,KET_S,Kamp 2020,arterial,calibration,5.00835,0.0381301
kamp_S_ket_rac,KET_S,Kamp 2020,arterial,calibration,5.02838,0.0379889
kamp_S_ket_rac,KET_S,Kamp 2020,arterial,calibration,5.04841,0.037849
kamp_S_ket_rac,KET_S,Kamp 2020,arterial,calibration,5.06845,0.0377103
kamp_S_ket_rac,KET_S,Kamp 2020,arterial,calibration,5.08848,0.0375728
kamp_S_ket_rac,KET_S,Kamp 2020,arterial,calibration,5.10851,0.0374363
kamp_S_ket_rac,KET_S,Kamp 2020,arterial,calibration,5.12855,0.037301
kamp_S_ket_rac,KET_S,Kamp 2020,arterial,calibration,5.14858,0.0371666
kamp_S_ket_rac,KET_S,Kamp 2020,arterial,calibration,5.16861,0.0370332
kamp_S_ket_rac,KET_S,Kamp 2020,arterial,calibration,5.18865,0.0369008
kamp_S_ket_rac,KET_S,Kamp 2020,arterial,calibration,5.20868,0.0367693
kamp_S_ket_rac,KET_S,Kamp 2020,arterial,calibration,5.22871,0.0366386
kamp_S_ket_rac,KET_S,Kamp 2020,arterial,calibration,5.24875,0.0365088
kamp_S_ket_rac,KET_S,Kamp 2020,arterial,calibration,5.26878,0.0363797
kamp_S_ket_rac,KET_S,Kamp 2020,arterial,calibration,5.28881,0.0362515
kamp_S_ket_rac,KET_S,Kamp 2020,arterial,calibration,5.30885,0.036124
kamp_S_ket_rac,KET_S,Kamp 2020,arterial,calibration,5.32888,0.0359972
kamp_S_ket_rac,KET_S,Kamp 2020,arterial,calibration,5.34891,0.0358712
kamp_S_ket_rac,KET_S,Kamp 2020,arterial,calibration,5.36895,0.0357458
kamp_S_ket_rac,KET_S,Kamp 2020,arterial,calibration,5.38898,0.0356211
kamp_S_ket_rac,KET_S,Kamp 2020,arterial,calibration,5.40902,0.035497
kamp_S_ket_rac,KET_S,Kamp 2020,arterial,calibration,5.42905,0.0353736
kamp_S_ket_rac,KET_S,Kamp 2020,arterial,calibration,5.44908,0.0352508
kamp_S_ket_rac,KET_S,Kamp 2020,arterial,calibration,5.46912,0.0351286
kamp_S_ket_rac,KET_S,Kamp 2020,arterial,calibration,5.48915,0.0350069
kamp_S_ket_rac,KET_S,Kamp 2020,arterial,calibration,5.50918,0.0348858
kamp_S_ket_rac,KET_S,Kamp 2020,arterial,calibration,5.52922,0.0347653
kamp_S_ket_rac,KET_S,Kamp 2020,arterial,calibration,5.54925,0.0346454
kamp_S_ket_rac,KET_S,Kamp 2020,arterial,calibration,5.56928,0.0345259
kamp_S_ket_rac,KET_S,Kamp 2020,arterial,calibration,5.58932,0.034407
kamp_S_ket_rac,KET_S,Kamp 2020,arterial,calibration,5.60935,0.0342886
kamp_S_ket_rac,KET_S,Kamp 2020,arterial,calibration,5.62938,0.0341707
kamp_S_ket_rac,KET_S,Kamp 2020,arterial,calibration,5.64942,0.0340533
kamp_S_ket_rac,KET_S,Kamp 2020,arterial,calibration,5.66945,0.0339364
kamp_S_ket_rac,KET_S,Kamp 2020,arterial,calibration,5.68948,0.03382
kamp_S_ket_rac,KET_S,Kamp 2020,arterial,calibration,5.70952,0.033704
kamp_S_ket_rac,KET_S,Kamp 2020,arterial,calibration,5.72955,0.0335886
kamp_S_ket_rac,KET_S,Kamp 2020,arterial,calibration,5.74958,0.0334735
kamp_S_ket_rac,KET_S,Kamp 2020,arterial,calibration,5.76962,0.0333589
kamp_S_ket_rac,KET_S,Kamp 2020,arterial,calibration,5.78965,0.0332448
kamp_S_ket_rac,KET_S,Kamp 2020,arterial,calibration,5.80968,0.0331311
kamp_S_ket_rac,KET_S,Kamp 2020,arterial,calibration,5.82972,0.0330179
kamp_S_ket_rac,KET_S,Kamp 2020,arterial,calibration,5.84975,0.0329051
kamp_S_ket_rac,KET_S,Kamp 2020,arterial,calibration,5.86978,0.0327927
kamp_S_ket_rac,KET_S,Kamp 2020,arterial,calibration,5.88982,0.0326807
kamp_S_ket_rac,KET_S,Kamp 2020,arterial,calibration,5.90985,0.0325692
kamp_S_ket_rac,KET_S,Kamp 2020,arterial,calibration,5.92988,0.032458
kamp_S_ket_rac,KET_S,Kamp 2020,arterial,calibration,5.94992,0.0323473
kamp_S_ket_rac,KET_S,Kamp 2020,arterial,calibration,5.96995,0.032237
kamp_S_ket_rac,KET_S,Kamp 2020,arterial,calibration,5.98998,0.0321271
kamp_S_ket_rac,KET_S,Kamp 2020,arterial,calibration,6.01002,0.0320175
kamp_S_ket_rac,KET_S,Kamp 2020,arterial,calibration,6.03005,0.0319084
kamp_S_ket_rac,KET_S,Kamp 2020,arterial,calibration,6.05008,0.0317997
kamp_S_ket_rac,KET_S,Kamp 2020,arterial,calibration,6.07012,0.0316914
kamp_S_ket_rac,KET_S,Kamp 2020,arterial,calibration,6.09015,0.0315834
kamp_S_ket_rac,KET_S,Kamp 2020,arterial,calibration,6.11018,0.0314759
kamp_S_ket_rac,KET_S,Kamp 2020,arterial,calibration,6.13022,0.0313687
kamp_S_ket_rac,KET_S,Kamp 2020,arterial,calibration,6.15025,0.0312619
kamp_S_ket_rac,KET_S,Kamp 2020,arterial,calibration,6.17028,0.0311555
kamp_S_ket_rac,KET_S,Kamp 2020,arterial,calibration,6.19032,0.0310494
kamp_S_ket_rac,KET_S,Kamp 2020,arterial,calibration,6.21035,0.0309438
kamp_S_ket_rac,KET_S,Kamp 2020,arterial,calibration,6.23038,0.0308385
kamp_S_ket_rac,KET_S,Kamp 2020,arterial,calibration,6.25042,0.0307336
kamp_S_ket_rac,KET_S,Kamp 2020,arterial,calibration,6.27045,0.030629
kamp_S_ket_rac,KET_S,Kamp 2020,arterial,calibration,6.29048,0.0305248
kamp_S_ket_rac,KET_S,Kamp 2020,arterial,calibration,6.31052,0.030421
kamp_S_ket_rac,KET_S,Kamp 2020,arterial,calibration,6.33055,0.0303175
kamp_S_ket_rac,KET_S,Kamp 2020,arterial,calibration,6.35058,0.0302144
kamp_S_ket_rac,KET_S,Kamp 2020,arterial,calibration,6.37062,0.0301116
kamp_S_ket_rac,KET_S,Kamp 2020,arterial,calibration,6.39065,0.0300092
kamp_S_ket_rac,KET_S,Kamp 2020,arterial,calibration,6.41068,0.0299072
kamp_S_ket_rac,KET_S,Kamp 2020,arterial,calibration,6.43072,0.0298055
kamp_S_ket_rac,KET_S,Kamp 2020,arterial,calibration,6.45075,0.0297042
kamp_S_ket_rac,KET_S,Kamp 2020,arterial,calibration,6.47078,0.0296032
kamp_S_ket_rac,KET_S,Kamp 2020,arterial,calibration,6.49082,0.0295025
kamp_S_ket_rac,KET_S,Kamp 2020,arterial,calibration,6.51085,0.0294023
kamp_S_ket_rac,KET_S,Kamp 2020,arterial,calibration,6.53088,0.0293023
kamp_S_ket_rac,KET_S,Kamp 2020,arterial,calibration,6.55092,0.0292027
kamp_S_ket_rac,KET_S,Kamp 2020,arterial,calibration,6.57095,0.0291034
kamp_S_ket_rac,KET_S,Kamp 2020,arterial,calibration,6.59098,0.0290045
kamp_S_ket_rac,KET_S,Kamp 2020,arterial,calibration,6.61102,0.0289059
kamp_S_ket_rac,KET_S,Kamp 2020,arterial,calibration,6.63105,0.0288077
kamp_S_ket_rac,KET_S,Kamp 2020,arterial,calibration,6.65109,0.0287098
kamp_S_ket_rac,KET_S,Kamp 2020,arterial,calibration,6.67112,0.0286122
kamp_S_ket_rac,KET_S,Kamp 2020,arterial,calibration,6.69115,0.028515
kamp_S_ket_rac,KET_S,Kamp 2020,arterial,calibration,6.71119,0.0284181
kamp_S_ket_rac,KET_S,Kamp 2020,arterial,calibration,6.73122,0.0283215
kamp_S_ket_rac,KET_S,Kamp 2020,arterial,calibration,6.75125,0.0282252
kamp_S_ket_rac,KET_S,Kamp 2020,arterial,calibration,6.77129,0.0281293
kamp_S_ket_rac,KET_S,Kamp 2020,arterial,calibration,6.79132,0.0280337
kamp_S_ket_rac,KET_S,Kamp 2020,arterial,calibration,6.81135,0.0279385
kamp_S_ket_rac,KET_S,Kamp 2020,arterial,calibration,6.83139,0.0278435
kamp_S_ket_rac,KET_S,Kamp 2020,arterial,calibration,6.85142,0.0277489
kamp_S_ket_rac,KET_S,Kamp 2020,arterial,calibration,6.87145,0.0276546
kamp_S_ket_rac,KET_S,Kamp 2020,arterial,calibration,6.89149,0.0275606
kamp_S_ket_rac,KET_S,Kamp 2020,arterial,calibration,6.91152,0.027467
kamp_S_ket_rac,KET_S,Kamp 2020,arterial,calibration,6.93155,0.0273737
kamp_S_ket_rac,KET_S,Kamp 2020,arterial,calibration,6.95159,0.0272807
kamp_S_ket_rac,KET_S,Kamp 2020,arterial,calibration,6.97162,0.027188
kamp_S_ket_rac,KET_S,Kamp 2020,arterial,calibration,6.99165,0.0270956
kamp_S_ket_rac,KET_S,Kamp 2020,arterial,calibration,7.01169,0.0270035
kamp_S_ket_rac,KET_S,Kamp 2020,arterial,calibration,7.03172,0.0269118
kamp_S_ket_rac,KET_S,Kamp 2020,arterial,calibration,7.05175,0.0268203
kamp_S_ket_rac,KET_S,Kamp 2020,arterial,calibration,7.07179,0.0267292
kamp_S_ket_rac,KET_S,Kamp 2020,arterial,calibration,7.09182,0.0266384
kamp_S_ket_rac,KET_S,Kamp 2020,arterial,calibration,7.11185,0.0265479
kamp_S_ket_rac,KET_S,Kamp 2020,arterial,calibration,7.13189,0.0264577
kamp_S_ket_rac,KET_S,Kamp 2020,arterial,calibration,7.15192,0.0263678
kamp_S_ket_rac,KET_S,Kamp 2020,arterial,calibration,7.17195,0.0262782
kamp_S_ket_rac,KET_S,Kamp 2020,arterial,calibration,7.19199,0.0261889
kamp_S_ket_rac,KET_S,Kamp 2020,arterial,calibration,7.21202,0.0260999
kamp_S_ket_rac,KET_S,Kamp 2020,arterial,calibration,7.23205,0.0260113
kamp_S_ket_rac,KET_S,Kamp 2020,arterial,calibration,7.25209,0.0259229
kamp_S_ket_rac,KET_S,Kamp 2020,arterial,calibration,7.27212,0.0258348
kamp_S_ket_rac,KET_S,Kamp 2020,arterial,calibration,7.29215,0.025747
kamp_S_ket_rac,KET_S,Kamp 2020,arterial,calibration,7.31219,0.0256596
kamp_S_ket_rac,KET_S,Kamp 2020,arterial,calibration,7.33222,0.0255724
kamp_S_ket_rac,KET_S,Kamp 2020,arterial,calibration,7.35225,0.0254855
kamp_S_ket_rac,KET_S,Kamp 2020,arterial,calibration,7.37229,0.0253989
kamp_S_ket_rac,KET_S,Kamp 2020,arterial,calibration,7.39232,0.0253126
kamp_S_ket_rac,KET_S,Kamp 2020,arterial,calibration,7.41235,0.0252266
kamp_S_ket_rac,KET_S,Kamp 2020,arterial,calibration,7.43239,0.0251409
kamp_S_ket_rac,KET_S,Kamp 2020,arterial,calibration,7.45242,0.0250555
kamp_S_ket_rac,KET_S,Kamp 2020,arterial,calibration,7.47245,0.0249704
kamp_S_ket_rac,KET_S,Kamp 2020,arterial,calibration,7.49249,0.0248855
kamp_S_ket_rac,KET_S,Kamp 2020,arterial,calibration,7.51252,0.024801
kamp_S_ket_rac,KET_S,Kamp 2020,arterial,calibration,7.53255,0.0247167
kamp_S_ket_rac,KET_S,Kamp 2020,arterial,calibration,7.55259,0.0246328
kamp_S_ket_rac,KET_S,Kamp 2020,arterial,calibration,7.57262,0.0245491
kamp_S_ket_rac,KET_S,Kamp 2020,arterial,calibration,7.59265,0.0244657
kamp_S_ket_rac,KET_S,Kamp 2020,arterial,calibration,7.61269,0.0243825
kamp_S_ket_rac,KET_S,Kamp 2020,arterial,calibration,7.63272,0.0242997
kamp_S_ket_rac,KET_S,Kamp 2020,arterial,calibration,7.65275,0.0242171
kamp_S_ket_rac,KET_S,Kamp 2020,arterial,calibration,7.67279,0.0241349
kamp_S_ket_rac,KET_S,Kamp 2020,arterial,calibration,7.69282,0.0240529
kamp_S_ket_rac,KET_S,Kamp 2020,arterial,calibration,7.71285,0.0239712
kamp_S_ket_rac,KET_S,Kamp 2020,arterial,calibration,7.73289,0.0238897
kamp_S_ket_rac,KET_S,Kamp 2020,arterial,calibration,7.75292,0.0238086
kamp_S_ket_rac,KET_S,Kamp 2020,arterial,calibration,7.77295,0.0237277
kamp_S_ket_rac,KET_S,Kamp 2020,arterial,calibration,7.79299,0.0236471
kamp_S_ket_rac,KET_S,Kamp 2020,arterial,calibration,7.81302,0.0235667
kamp_S_ket_rac,KET_S,Kamp 2020,arterial,calibration,7.83306,0.0234866
kamp_S_ket_rac,KET_S,Kamp 2020,arterial,calibration,7.85309,0.0234069
kamp_S_ket_rac,KET_S,Kamp 2020,arterial,calibration,7.87312,0.0233273
kamp_S_ket_rac,KET_S,Kamp 2020,arterial,calibration,7.89316,0.0232481
kamp_S_ket_rac,KET_S,Kamp 2020,arterial,calibration,7.91319,0.0231691
kamp_S_ket_rac,KET_S,Kamp 2020,arterial,calibration,7.93322,0.0230904
kamp_S_ket_rac,KET_S,Kamp 2020,arterial,calibration,7.95326,0.0230119
kamp_S_ket_rac,KET_S,Kamp 2020,arterial,calibration,7.97329,0.0229338
kamp_S_ket_rac,KET_S,Kamp 2020,arterial,calibration,7.99332,0.0228558
kamp_S_ket_rac,KET_S,Kamp 2020,arterial,calibration,8.01336,0.0227782
kamp_S_ket_rac,KET_S,Kamp 2020,arterial,calibration,8.03339,0.0227008
kamp_S_ket_rac,KET_S,Kamp 2020,arterial,calibration,8.05342,0.0226237
kamp_S_ket_rac,KET_S,Kamp 2020,arterial,calibration,8.07346,0.0225468
kamp_S_ket_rac,KET_S,Kamp 2020,arterial,calibration,8.09349,0.0224702
kamp_S_ket_rac,KET_S,Kamp 2020,arterial,calibration,8.11352,0.0223939
kamp_S_ket_rac,KET_S,Kamp 2020,arterial,calibration,8.13356,0.0223178
kamp_S_ket_rac,KET_S,Kamp 2020,arterial,calibration,8.15359,0.022242
kamp_S_ket_rac,KET_S,Kamp 2020,arterial,calibration,8.17362,0.0221664
kamp_S_ket_rac,KET_S,Kamp 2020,arterial,calibration,8.19366,0.0220911
kamp_S_ket_rac,KET_S,Kamp 2020,arterial,calibration,8.21369,0.0220161
kamp_S_ket_rac,KET_S,Kamp 2020,arterial,calibration,8.23372,0.0219413
kamp_S_ket_rac,KET_S,Kamp 2020,arterial,calibration,8.25376,0.0218667
kamp_S_ket_rac,KET_S,Kamp 2020,arterial,calibration,8.27379,0.0217924
kamp_S_ket_rac,KET_S,Kamp 2020,arterial,calibration,8.29382,0.0217184
kamp_S_ket_rac,KET_S,Kamp 2020,arterial,calibration,8.31386,0.0216446
kamp_S_ket_rac,KET_S,Kamp 2020,arterial,calibration,8.33389,0.0215711
kamp_S_ket_rac,KET_S,Kamp 2020,arterial,calibration,8.35392,0.0214978
kamp_S_ket_rac,KET_S,Kamp 2020,arterial,calibration,8.37396,0.0214247
kamp_S_ket_rac,KET_S,Kamp 2020,arterial,calibration,8.39399,0.021352
kamp_S_ket_rac,KET_S,Kamp 2020,arterial,calibration,8.41402,0.0212794
kamp_S_ket_rac,KET_S,Kamp 2020,arterial,calibration,8.43406,0.0212071
kamp_S_ket_rac,KET_S,Kamp 2020,arterial,calibration,8.45409,0.0211351
kamp_S_ket_rac,KET_S,Kamp 2020,arterial,calibration,8.47412,0.0210633
kamp_S_ket_rac,KET_S,Kamp 2020,arterial,calibration,8.49416,0.0209917
kamp_S_ket_rac,KET_S,Kamp 2020,arterial,calibration,8.51419,0.0209204
kamp_S_ket_rac,KET_S,Kamp 2020,arterial,calibration,8.53422,0.0208493
kamp_S_ket_rac,KET_S,Kamp 2020,arterial,calibration,8.55426,0.0207785
kamp_S_ket_rac,KET_S,Kamp 2020,arterial,calibration,8.57429,0.0207079
kamp_S_ket_rac,KET_S,Kamp 2020,arterial,calibration,8.59432,0.0206375
kamp_S_ket_rac,KET_S,Kamp 2020,arterial,calibration,8.61436,0.0205674
kamp_S_ket_rac,KET_S,Kamp 2020,arterial,calibration,8.63439,0.0204975
kamp_S_ket_rac,KET_S,Kamp 2020,arterial,calibration,8.65442,0.0204279
kamp_S_ket_rac,KET_S,Kamp 2020,arterial,calibration,8.67446,0.0203585
kamp_S_ket_rac,KET_S,Kamp 2020,arterial,calibration,8.69449,0.0202893
kamp_S_ket_rac,KET_S,Kamp 2020,arterial,calibration,8.71452,0.0202204
kamp_S_ket_rac,KET_S,Kamp 2020,arterial,calibration,8.73456,0.0201517
kamp_S_ket_rac,KET_S,Kamp 2020,arterial,calibration,8.75459,0.0200833
kamp_S_ket_rac,KET_S,Kamp 2020,arterial,calibration,8.77462,0.020015
kamp_S_ket_rac,KET_S,Kamp 2020,arterial,calibration,8.79466,0.019947
kamp_S_ket_rac,KET_S,Kamp 2020,arterial,calibration,8.81469,0.0198793
kamp_S_ket_rac,KET_S,Kamp 2020,arterial,calibration,8.83472,0.0198117
kamp_S_ket_rac,KET_S,Kamp 2020,arterial,calibration,8.85476,0.0197444
kamp_S_ket_rac,KET_S,Kamp 2020,arterial,calibration,8.87479,0.0196773
kamp_S_ket_rac,KET_S,Kamp 2020,arterial,calibration,8.89482,0.0196105
kamp_S_ket_rac,KET_S,Kamp 2020,arterial,calibration,8.91486,0.0195439
kamp_S_ket_rac,KET_S,Kamp 2020,arterial,calibration,8.93489,0.0194775
kamp_S_ket_rac,KET_S,Kamp 2020,arterial,calibration,8.95492,0.0194113
kamp_S_ket_rac,KET_S,Kamp 2020,arterial,calibration,8.97496,0.0193453
kamp_S_ket_rac,KET_S,Kamp 2020,arterial,calibration,8.99499,0.0192796
kamp_S_ket_rac,KET_S,Kamp 2020,arterial,calibration,9.01503,0.0192141
kamp_S_ket_rac,KET_S,Kamp 2020,arterial,calibration,9.03506,0.0191488
kamp_S_ket_rac,KET_S,Kamp 2020,arterial,calibration,9.05509,0.0190838
kamp_S_ket_rac,KET_S,Kamp 2020,arterial,calibration,9.07513,0.0190189
kamp_S_ket_rac,KET_S,Kamp 2020,arterial,calibration,9.09516,0.0189543
kamp_S_ket_rac,KET_S,Kamp 2020,arterial,calibration,9.11519,0.0188899
kamp_S_ket_rac,KET_S,Kamp 2020,arterial,calibration,9.13523,0.0188258
kamp_S_ket_rac,KET_S,Kamp 2020,arterial,calibration,9.15526,0.0187618
kamp_S_ket_rac,KET_S,Kamp 2020,arterial,calibration,9.17529,0.0186981
kamp_S_ket_rac,KET_S,Kamp 2020,arterial,calibration,9.19533,0.0186345
kamp_S_ket_rac,KET_S,Kamp 2020,arterial,calibration,9.21536,0.0185712
kamp_S_ket_rac,KET_S,Kamp 2020,arterial,calibration,9.23539,0.0185081
kamp_S_ket_rac,KET_S,Kamp 2020,arterial,calibration,9.25543,0.0184453
kamp_S_ket_rac,KET_S,Kamp 2020,arterial,calibration,9.27546,0.0183826
kamp_S_ket_rac,KET_S,Kamp 2020,arterial,calibration,9.29549,0.0183201
kamp_S_ket_rac,KET_S,Kamp 2020,arterial,calibration,9.31553,0.0182579
kamp_S_ket_rac,KET_S,Kamp 2020,arterial,calibration,9.33556,0.0181959
kamp_S_ket_rac,KET_S,Kamp 2020,arterial,calibration,9.35559,0.018134
kamp_S_ket_rac,KET_S,Kamp 2020,arterial,calibration,9.37563,0.0180724
kamp_S_ket_rac,KET_S,Kamp 2020,arterial,calibration,9.39566,0.018011
kamp_S_ket_rac,KET_S,Kamp 2020,arterial,calibration,9.41569,0.0179499
kamp_S_ket_rac,KET_S,Kamp 2020,arterial,calibration,9.43573,0.0178889
kamp_S_ket_rac,KET_S,Kamp 2020,arterial,calibration,9.45576,0.0178281
kamp_S_ket_rac,KET_S,Kamp 2020,arterial,calibration,9.47579,0.0177675
kamp_S_ket_rac,KET_S,Kamp 2020,arterial,calibration,9.49583,0.0177072
kamp_S_ket_rac,KET_S,Kamp 2020,arterial,calibration,9.51586,0.017647
kamp_S_ket_rac,KET_S,Kamp 2020,arterial,calibration,9.53589,0.0175871
kamp_S_ket_rac,KET_S,Kamp 2020,arterial,calibration,9.55593,0.0175273
kamp_S_ket_rac,KET_S,Kamp 2020,arterial,calibration,9.57596,0.0174678
kamp_S_ket_rac,KET_S,Kamp 2020,arterial,calibration,9.59599,0.0174084
kamp_S_ket_rac,KET_S,Kamp 2020,arterial,calibration,9.61603,0.0173493
kamp_S_ket_rac,KET_S,Kamp 2020,arterial,calibration,9.63606,0.0172903
kamp_S_ket_rac,KET_S,Kamp 2020,arterial,calibration,9.65609,0.0172316
kamp_S_ket_rac,KET_S,Kamp 2020,arterial,calibration,9.67613,0.017173
kamp_S_ket_rac,KET_S,Kamp 2020,arterial,calibration,9.69616,0.0171147
kamp_S_ket_rac,KET_S,Kamp 2020,arterial,calibration,9.71619,0.0170566
kamp_S_ket_rac,KET_S,Kamp 2020,arterial,calibration,9.73623,0.0169986
kamp_S_ket_rac,KET_S,Kamp 2020,arterial,calibration,9.75626,0.0169409
kamp_S_ket_rac,KET_S,Kamp 2020,arterial,calibration,9.77629,0.0168833
kamp_S_ket_rac,KET_S,Kamp 2020,arterial,calibration,9.79633,0.0168259
kamp_S_ket_rac,KET_S,Kamp 2020,arterial,calibration,9.81636,0.0167688
kamp_S_ket_rac,KET_S,Kamp 2020,arterial,calibration,9.83639,0.0167118
kamp_S_ket_rac,KET_S,Kamp 2020,arterial,calibration,9.85643,0.016655
kamp_S_ket_rac,KET_S,Kamp 2020,arterial,calibration,9.87646,0.0165984
kamp_S_ket_rac,KET_S,Kamp 2020,arterial,calibration,9.89649,0.0165421
kamp_S_ket_rac,KET_S,Kamp 2020,arterial,calibration,9.91653,0.0164859
kamp_S_ket_rac,KET_S,Kamp 2020,arterial,calibration,9.93656,0.0164298
kamp_S_ket_rac,KET_S,Kamp 2020,arterial,calibration,9.95659,0.016374
kamp_S_ket_rac,KET_S,Kamp 2020,arterial,calibration,9.97663,0.0163184
kamp_S_ket_rac,KET_S,Kamp 2020,arterial,calibration,9.99666,0.016263
kamp_S_ket_rac,KET_S,Kamp 2020,arterial,calibration,10.0167,0.0162077
kamp_S_ket_rac,KET_S,Kamp 2020,arterial,calibration,10.0367,0.0161526
kamp_S_ket_rac,KET_S,Kamp 2020,arterial,calibration,10.0568,0.0160978
kamp_S_ket_rac,KET_S,Kamp 2020,arterial,calibration,10.0768,0.0160431
kamp_S_ket_rac,KET_S,Kamp 2020,arterial,calibration,10.0968,0.0159886
kamp_S_ket_rac,KET_S,Kamp 2020,arterial,calibration,10.1169,0.0159343
kamp_S_ket_rac,KET_S,Kamp 2020,arterial,calibration,10.1369,0.0158801
kamp_S_ket_rac,KET_S,Kamp 2020,arterial,calibration,10.1569,0.0158262
kamp_S_ket_rac,KET_S,Kamp 2020,arterial,calibration,10.177,0.0157724
kamp_S_ket_rac,KET_S,Kamp 2020,arterial,calibration,10.197,0.0157188
kamp_S_ket_rac,KET_S,Kamp 2020,arterial,calibration,10.217,0.0156654
kamp_S_ket_rac,KET_S,Kamp 2020,arterial,calibration,10.2371,0.0156122
kamp_S_ket_rac,KET_S,Kamp 2020,arterial,calibration,10.2571,0.0155592
kamp_S_ket_rac,KET_S,Kamp 2020,arterial,calibration,10.2771,0.0155063
kamp_S_ket_rac,KET_S,Kamp 2020,arterial,calibration,10.2972,0.0154536
kamp_S_ket_rac,KET_S,Kamp 2020,arterial,calibration,10.3172,0.0154011
kamp_S_ket_rac,KET_S,Kamp 2020,arterial,calibration,10.3372,0.0153488
kamp_S_ket_rac,KET_S,Kamp 2020,arterial,calibration,10.3573,0.0152966
kamp_S_ket_rac,KET_S,Kamp 2020,arterial,calibration,10.3773,0.0152447
kamp_S_ket_rac,KET_S,Kamp 2020,arterial,calibration,10.3973,0.0151929
kamp_S_ket_rac,KET_S,Kamp 2020,arterial,calibration,10.4174,0.0151413
kamp_S_ket_rac,KET_S,Kamp 2020,arterial,calibration,10.4374,0.0150898
kamp_S_ket_rac,KET_S,Kamp 2020,arterial,calibration,10.4574,0.0150386
kamp_S_ket_rac,KET_S,Kamp 2020,arterial,calibration,10.4775,0.0149875
kamp_S_ket_rac,KET_S,Kamp 2020,arterial,calibration,10.4975,0.0149365
kamp_S_ket_rac,KET_S,Kamp 2020,arterial,calibration,10.5175,0.0148858
kamp_S_ket_rac,KET_S,Kamp 2020,arterial,calibration,10.5376,0.0148352
kamp_S_ket_rac,KET_S,Kamp 2020,arterial,calibration,10.5576,0.0147848
kamp_S_ket_rac,KET_S,Kamp 2020,arterial,calibration,10.5776,0.0147346
kamp_S_ket_rac,KET_S,Kamp 2020,arterial,calibration,10.5977,0.0146845
kamp_S_ket_rac,KET_S,Kamp 2020,arterial,calibration,10.6177,0.0146347
kamp_S_ket_rac,KET_S,Kamp 2020,arterial,calibration,10.6377,0.0145849
kamp_S_ket_rac,KET_S,Kamp 2020,arterial,calibration,10.6578,0.0145354
kamp_S_ket_rac,KET_S,Kamp 2020,arterial,calibration,10.6778,0.014486
kamp_S_ket_rac,KET_S,Kamp 2020,arterial,calibration,10.6978,0.0144368
kamp_S_ket_rac,KET_S,Kamp 2020,arterial,calibration,10.7179,0.0143877
kamp_S_ket_rac,KET_S,Kamp 2020,arterial,calibration,10.7379,0.0143389
kamp_S_ket_rac,KET_S,Kamp 2020,arterial,calibration,10.7579,0.0142901
kamp_S_ket_rac,KET_S,Kamp 2020,arterial,calibration,10.778,0.0142416
kamp_S_ket_rac,KET_S,Kamp 2020,arterial,calibration,10.798,0.0141932
kamp_S_ket_rac,KET_S,Kamp 2020,arterial,calibration,10.818,0.014145
kamp_S_ket_rac,KET_S,Kamp 2020,arterial,calibration,10.8381,0.0140969
kamp_S_ket_rac,KET_S,Kamp 2020,arterial,calibration,10.8581,0.014049
kamp_S_ket_rac,KET_S,Kamp 2020,arterial,calibration,10.8781,0.0140013
kamp_S_ket_rac,KET_S,Kamp 2020,arterial,calibration,10.8982,0.0139537
kamp_S_ket_rac,KET_S,Kamp 2020,arterial,calibration,10.9182,0.0139063
kamp_S_ket_rac,KET_S,Kamp 2020,arterial,calibration,10.9382,0.0138591
kamp_S_ket_rac,KET_S,Kamp 2020,arterial,calibration,10.9583,0.013812
kamp_S_ket_rac,KET_S,Kamp 2020,arterial,calibration,10.9783,0.0137651
kamp_S_ket_rac,KET_S,Kamp 2020,arterial,calibration,10.9983,0.0137183
kamp_S_ket_rac,KET_S,Kamp 2020,arterial,calibration,11.0184,0.0136717
kamp_S_ket_rac,KET_S,Kamp 2020,arterial,calibration,11.0384,0.0136253
kamp_S_ket_rac,KET_S,Kamp 2020,arterial,calibration,11.0584,0.013579
kamp_S_ket_rac,KET_S,Kamp 2020,arterial,calibration,11.0785,0.0135328
kamp_S_ket_rac,KET_S,Kamp 2020,arterial,calibration,11.0985,0.0134869
kamp_S_ket_rac,KET_S,Kamp 2020,arterial,calibration,11.1185,0.013441
kamp_S_ket_rac,KET_S,Kamp 2020,arterial,calibration,11.1386,0.0133954
kamp_S_ket_rac,KET_S,Kamp 2020,arterial,calibration,11.1586,0.0133499
kamp_S_ket_rac,KET_S,Kamp 2020,arterial,calibration,11.1786,0.0133045
kamp_S_ket_rac,KET_S,Kamp 2020,arterial,calibration,11.1987,0.0132593
kamp_S_ket_rac,KET_S,Kamp 2020,arterial,calibration,11.2187,0.0132143
kamp_S_ket_rac,KET_S,Kamp 2020,arterial,calibration,11.2387,0.0131694
kamp_S_ket_rac,KET_S,Kamp 2020,arterial,calibration,11.2588,0.0131246
kamp_S_ket_rac,KET_S,Kamp 2020,arterial,calibration,11.2788,0.01308
kamp_S_ket_rac,KET_S,Kamp 2020,arterial,calibration,11.2988,0.0130356
kamp_S_ket_rac,KET_S,Kamp 2020,arterial,calibration,11.3189,0.0129913
kamp_S_ket_rac,KET_S,Kamp 2020,arterial,calibration,11.3389,0.0129472
kamp_S_ket_rac,KET_S,Kamp 2020,arterial,calibration,11.3589,0.0129032
kamp_S_ket_rac,KET_S,Kamp 2020,arterial,calibration,11.379,0.0128594
kamp_S_ket_rac,KET_S,Kamp 2020,arterial,calibration,11.399,0.0128157
kamp_S_ket_rac,KET_S,Kamp 2020,arterial,calibration,11.419,0.0127721
kamp_S_ket_rac,KET_S,Kamp 2020,arterial,calibration,11.4391,0.0127287
kamp_S_ket_rac,KET_S,Kamp 2020,arterial,calibration,11.4591,0.0126855
kamp_S_ket_rac,KET_S,Kamp 2020,arterial,calibration,11.4791,0.0126424
kamp_S_ket_rac,KET_S,Kamp 2020,arterial,calibration,11.4992,0.0125994
kamp_S_ket_rac,KET_S,Kamp 2020,arterial,calibration,11.5192,0.0125566
kamp_S_ket_rac,KET_S,Kamp 2020,arterial,calibration,11.5392,0.012514
kamp_S_ket_rac,KET_S,Kamp 2020,arterial,calibration,11.5593,0.0124715
kamp_S_ket_rac,KET_S,Kamp 2020,arterial,calibration,11.5793,0.0124291
kamp_S_ket_rac,KET_S,Kamp 2020,arterial,calibration,11.5993,0.0123869
kamp_S_ket_rac,KET_S,Kamp 2020,arterial,calibration,11.6194,0.0123448
kamp_S_ket_rac,KET_S,Kamp 2020,arterial,calibration,11.6394,0.0123028
kamp_S_ket_rac,KET_S,Kamp 2020,arterial,calibration,11.6594,0.012261
kamp_S_ket_rac,KET_S,Kamp 2020,arterial,calibration,11.6795,0.0122194
kamp_S_ket_rac,KET_S,Kamp 2020,arterial,calibration,11.6995,0.0121779
kamp_S_ket_rac,KET_S,Kamp 2020,arterial,calibration,11.7195,0.0121365
kamp_S_ket_rac,KET_S,Kamp 2020,arterial,calibration,11.7396,0.0120953
kamp_S_ket_rac,KET_S,Kamp 2020,arterial,calibration,11.7596,0.0120542
kamp_S_ket_rac,KET_S,Kamp 2020,arterial,calibration,11.7796,0.0120132
kamp_S_ket_rac,KET_S,Kamp 2020,arterial,calibration,11.7997,0.0119724
kamp_S_ket_rac,KET_S,Kamp 2020,arterial,calibration,11.8197,0.0119317
kamp_S_ket_rac,KET_S,Kamp 2020,arterial,calibration,11.8397,0.0118912
kamp_S_ket_rac,KET_S,Kamp 2020,arterial,calibration,11.8598,0.0118508
kamp_S_ket_rac,KET_S,Kamp 2020,arterial,calibration,11.8798,0.0118105
kamp_S_ket_rac,KET_S,Kamp 2020,arterial,calibration,11.8998,0.0117704
kamp_S_ket_rac,KET_S,Kamp 2020,arterial,calibration,11.9199,0.0117304
kamp_S_ket_rac,KET_S,Kamp 2020,arterial,calibration,11.9399,0.0116906
kamp_S_ket_rac,KET_S,Kamp 2020,arterial,calibration,11.9599,0.0116509
kamp_S_ket_rac,KET_S,Kamp 2020,arterial,calibration,11.98,0.0116113
kamp_S_ket_rac,KET_S,Kamp 2020,arterial,calibration,12,0.0115718
kamp_R_ket_rac,KET_R,Kamp 2020,arterial,calibration,0,0
kamp_R_ket_rac,KET_R,Kamp 2020,arterial,calibration,0.0200334,0.00381959
kamp_R_ket_rac,KET_R,Kamp 2020,arterial,calibration,0.0400668,0.0073946
kamp_R_ket_rac,KET_R,Kamp 2020,arterial,calibration,0.0601002,0.0107424
kamp_R_ket_rac,KET_R,Kamp 2020,arterial,calibration,0.0801336,0.0138786
kamp_R_ket_rac,KET_R,Kamp 2020,arterial,calibration,0.100167,0.0168178
kamp_R_ket_rac,KET_R,Kamp 2020,arterial,calibration,0.1202,0.0195732
kamp_R_ket_rac,KET_R,Kamp 2020,arterial,calibration,0.140234,0.0221571
kamp_R_ket_rac,KET_R,Kamp 2020,arterial,calibration,0.160267,0.0245811
kamp_R_ket_rac,KET_R,Kamp 2020,arterial,calibration,0.180301,0.0268558
kamp_R_ket_rac,KET_R,Kamp 2020,arterial,calibration,0.200334,0.0289911
kamp_R_ket_rac,KET_R,Kamp 2020,arterial,calibration,0.220367,0.0309962
kamp_R_ket_rac,KET_R,Kamp 2020,arterial,calibration,0.240401,0.0328798
kamp_R_ket_rac,KET_R,Kamp 2020,arterial,calibration,0.260434,0.03465
kamp_R_ket_rac,KET_R,Kamp 2020,arterial,calibration,0.280467,0.0363142
kamp_R_ket_rac,KET_R,Kamp 2020,arterial,calibration,0.300501,0.0378794
kamp_R_ket_rac,KET_R,Kamp 2020,arterial,calibration,0.320534,0.0393521
kamp_R_ket_rac,KET_R,Kamp 2020,arterial,calibration,0.340568,0.0407385
kamp_R_ket_rac,KET_R,Kamp 2020,arterial,calibration,0.360601,0.0420443
kamp_R_ket_rac,KET_R,Kamp 2020,arterial,calibration,0.380634,0.0432747
kamp_R_ket_rac,KET_R,Kamp 2020,arterial,calibration,0.400668,0.0444348
kamp_R_ket_rac,KET_R,Kamp 2020,arterial,calibration,0.420701,0.0455291
kamp_R_ket_rac,KET_R,Kamp 2020,arterial,calibration,0.440735,0.046562
kamp_R_ket_rac,KET_R,Kamp 2020,arterial,calibration,0.460768,0.0475375
kamp_R_ket_rac,KET_R,Kamp 2020,arterial,calibration,0.480801,0.0484594
kamp_R_ket_rac,KET_R,Kamp 2020,arterial,calibration,0.500835,0.0493313
kamp_R_ket_rac,KET_R,Kamp 2020,arterial,calibration,0.520868,0.0501563
kamp_R_ket_rac,KET_R,Kamp 2020,arterial,calibration,0.540902,0.0509376
kamp_R_ket_rac,KET_R,Kamp 2020,arterial,calibration,0.560935,0.051678
kamp_R_ket_rac,KET_R,Kamp 2020,arterial,calibration,0.580968,0.0523802
kamp_R_ket_rac,KET_R,Kamp 2020,arterial,calibration,0.601002,0.0530467
kamp_R_ket_rac,KET_R,Kamp 2020,arterial,calibration,0.621035,0.0536799
kamp_R_ket_rac,KET_R,Kamp 2020,arterial,calibration,0.641068,0.0542818
kamp_R_ket_rac,KET_R,Kamp 2020,arterial,calibration,0.661102,0.0548547
kamp_R_ket_rac,KET_R,Kamp 2020,arterial,calibration,0.681135,0.0554002
kamp_R_ket_rac,KET_R,Kamp 2020,arterial,calibration,0.701169,0.0559203
kamp_R_ket_rac,KET_R,Kamp 2020,arterial,calibration,0.721202,0.0564165
kamp_R_ket_rac,KET_R,Kamp 2020,arterial,calibration,0.741235,0.0568905
kamp_R_ket_rac,KET_R,Kamp 2020,arterial,calibration,0.761269,0.0573437
kamp_R_ket_rac,KET_R,Kamp 2020,arterial,calibration,0.781302,0.0577773
kamp_R_ket_rac,KET_R,Kamp 2020,arterial,calibration,0.801336,0.0581927
kamp_R_ket_rac,KET_R,Kamp 2020,arterial,calibration,0.821369,0.0585911
kamp_R_ket_rac,KET_R,Kamp 2020,arterial,calibration,0.841402,0.0589734
kamp_R_ket_rac,KET_R,Kamp 2020,arterial,calibration,0.861436,0.0593409
kamp_R_ket_rac,KET_R,Kamp 2020,arterial,calibration,0.881469,0.0596944
kamp_R_ket_rac,KET_R,Kamp 2020,arterial,calibration,0.901503,0.0600348
kamp_R_ket_rac,KET_R,Kamp 2020,arterial,calibration,0.921536,0.0603629
kamp_R_ket_rac,KET_R,Kamp 2020,arterial,calibration,0.941569,0.0606795
kamp_R_ket_rac,KET_R,Kamp 2020,arterial,calibration,0.961603,0.0609854
kamp_R_ket_rac,KET_R,Kamp 2020,arterial,calibration,0.981636,0.0612813
kamp_R_ket_rac,KET_R,Kamp 2020,arterial,calibration,1.00167,0.0619075
kamp_R_ket_rac,KET_R,Kamp 2020,arterial,calibration,1.0217,0.0661192
kamp_R_ket_rac,KET_R,Kamp 2020,arterial,calibration,1.04174,0.0700709
kamp_R_ket_rac,KET_R,Kamp 2020,arterial,calibration,1.06177,0.0737809
kamp_R_ket_rac,KET_R,Kamp 2020,arterial,calibration,1.0818,0.0772659
kamp_R_ket_rac,KET_R,Kamp 2020,arterial,calibration,1.10184,0.080541
kamp_R_ket_rac,KET_R,Kamp 2020,arterial,calibration,1.12187,0.0836204
kamp_R_ket_rac,KET_R,Kamp 2020,arterial,calibration,1.1419,0.0865174
kamp_R_ket_rac,KET_R,Kamp 2020,arterial,calibration,1.16194,0.0892439
kamp_R_ket_rac,KET_R,Kamp 2020,arterial,calibration,1.18197,0.0918113
kamp_R_ket_rac,KET_R,Kamp 2020,arterial,calibration,1.202,0.0942303
kamp_R_ket_rac,KET_R,Kamp 2020,arterial,calibration,1.22204,0.0965105
kamp_R_ket_rac,KET_R,Kamp 2020,arterial,calibration,1.24207,0.0986611
kamp_R_ket_rac,KET_R,Kamp 2020,arterial,calibration,1.2621,0.100691
kamp_R_ket_rac,KET_R,Kamp 2020,arterial,calibration,1.28214,0.102607
kamp_R_ket_rac,KET_R,Kamp 2020,arterial,calibration,1.30217,0.104418
kamp_R_ket_rac,KET_R,Kamp 2020,arterial,calibration,1.3222,0.106131
kamp_R_ket_rac,KET_R,Kamp 2020,arterial,calibration,1.34224,0.107751
kamp_R_ket_rac,KET_R,Kamp 2020,arterial,calibration,1.36227,0.109285
kamp_R_ket_rac,KET_R,Kamp 2020,arterial,calibration,1.3823,0.110738
kamp_R_ket_rac,KET_R,Kamp 2020,arterial,calibration,1.40234,0.112116
kamp_R_ket_rac,KET_R,Kamp 2020,arterial,calibration,1.42237,0.113424
kamp_R_ket_rac,KET_R,Kamp 2020,arterial,calibration,1.4424,0.114666
kamp_R_ket_rac,KET_R,Kamp 2020,arterial,calibration,1.46244,0.115847
kamp_R_ket_rac,KET_R,Kamp 2020,arterial,calibration,1.48247,0.11697
kamp_R_ket_rac,KET_R,Kamp 2020,arterial,calibration,1.5025,0.11804
kamp_R_ket_rac,KET_R,Kamp 2020,arterial,calibration,1.52254,0.11906
kamp_R_ket_rac,KET_R,Kamp 2020,arterial,calibration,1.54257,0.120032
kamp_R_ket_rac,KET_R,Kamp 2020,arterial,calibration,1.5626,0.120961
kamp_R_ket_rac,KET_R,Kamp 2020,arterial,calibration,1.58264,0.121848
kamp_R_ket_rac,KET_R,Kamp 2020,arterial,calibration,1.60267,0.122698
kamp_R_ket_rac,KET_R,Kamp 2020,arterial,calibration,1.6227,0.123511
kamp_R_ket_rac,KET_R,Kamp 2020,arterial,calibration,1.64274,0.124291
kamp_R_ket_rac,KET_R,Kamp 2020,arterial,calibration,1.66277,0.125039
kamp_R_ket_rac,KET_R,Kamp 2020,arterial,calibration,1.6828,0.125758
kamp_R_ket_rac,KET_R,Kamp 2020,arterial,calibration,1.70284,0.12645
kamp_R_ket_rac,KET_R,Kamp 2020,arterial,calibration,1.72287,0.127115
kamp_R_ket_rac,KET_R,Kamp 2020,arterial,calibration,1.7429,0.127757
kamp_R_ket_rac,KET_R,Kamp 2020,arterial,calibration,1.76294,0.128376
kamp_R_ket_rac,KET_R,Kamp 2020,arterial,calibration,1.78297,0.128973
kamp_R_ket_rac,KET_R,Kamp 2020,arterial,calibration,1.80301,0.129551
kamp_R_ket_rac,KET_R,Kamp 2020,arterial,calibration,1.82304,0.130111
kamp_R_ket_rac,KET_R,Kamp 2020,arterial,calibration,1.84307,0.130653
kamp_R_ket_rac,KET_R,Kamp 2020,arterial,calibration,1.86311,0.131178
kamp_R_ket_rac,KET_R,Kamp 2020,arterial,calibration,1.88314,0.131689
kamp_R_ket_rac,KET_R,Kamp 2020,arterial,calibration,1.90317,0.132185
kamp_R_ket_rac,KET_R,Kamp 2020,arterial,calibration,1.92321,0.132667
kamp_R_ket_rac,KET_R,Kamp 2020,arterial,calibration,1.94324,0.133137
kamp_R_ket_rac,KET_R,Kamp 2020,arterial,calibration,1.96327,0.133595
kamp_R_ket_rac,KET_R,Kamp 2020,arterial,calibration,1.98331,0.134042
kamp_R_ket_rac,KET_R,Kamp 2020,arterial,calibration,2.00334,0.135811
kamp_R_ket_rac,KET_R,Kamp 2020,arterial,calibration,2.02337,0.143928
kamp_R_ket_rac,KET_R,Kamp 2020,arterial,calibration,2.04341,0.151543
kamp_R_ket_rac,KET_R,Kamp 2020,arterial,calibration,2.06344,0.158693
kamp_R_ket_rac,KET_R,Kamp 2020,arterial,calibration,2.08347,0.16541
kamp_R_ket_rac,KET_R,Kamp 2020,arterial,calibration,2.10351,0.171721
kamp_R_ket_rac,KET_R,Kamp 2020,arterial,calibration,2.12354,0.177656
kamp_R_ket_rac,KET_R,Kamp 2020,arterial,calibration,2.14357,0.18324
kamp_R_ket_rac,KET_R,Kamp 2020,arterial,calibration,2.16361,0.188494
kamp_R_ket_rac,KET_R,Kamp 2020,arterial,calibration,2.18364,0.193442
kamp_R_ket_rac,KET_R,Kamp 2020,arterial,calibration,2.20367,0.198104
kamp_R_ket_rac,KET_R,Kamp 2020,arterial,calibration,2.22371,0.202499
kamp_R_ket_rac,KET_R,Kamp 2020,arterial,calibration,2.24374,0.206644
kamp_R_ket_rac,KET_R,Kamp 2020,arterial,calibration,2.26377,0.210556
kamp_R_ket_rac,KET_R,Kamp 2020,arterial,calibration,2.28381,0.21425
kamp_R_ket_rac,KET_R,Kamp 2020,arterial,calibration,2.30384,0.21774
kamp_R_ket_rac,KET_R,Kamp 2020,arterial,calibration,2.32387,0.22104
kamp_R_ket_rac,KET_R,Kamp 2020,arterial,calibration,2.34391,0.224163
kamp_R_ket_rac,KET_R,Kamp 2020,arterial,calibration,2.36394,0.227119
kamp_R_ket_rac,KET_R,Kamp 2020,arterial,calibration,2.38397,0.22992
kamp_R_ket_rac,KET_R,Kamp 2020,arterial,calibration,2.40401,0.232577
kamp_R_ket_rac,KET_R,Kamp 2020,arterial,calibration,2.42404,0.235098
kamp_R_ket_rac,KET_R,Kamp 2020,arterial,calibration,2.44407,0.237492
kamp_R_ket_rac,KET_R,Kamp 2020,arterial,calibration,2.46411,0.239768
kamp_R_ket_rac,KET_R,Kamp 2020,arterial,calibration,2.48414,0.241933
kamp_R_ket_rac,KET_R,Kamp 2020,arterial,calibration,2.50417,0.243995
kamp_R_ket_rac,KET_R,Kamp 2020,arterial,calibration,2.52421,0.24596
kamp_R_ket_rac,KET_R,Kamp 2020,arterial,calibration,2.54424,0.247834
kamp_R_ket_rac,KET_R,Kamp 2020,arterial,calibration,2.56427,0.249624
kamp_R_ket_rac,KET_R,Kamp 2020,arterial,calibration,2.58431,0.251335
kamp_R_ket_rac,KET_R,Kamp 2020,arterial,calibration,2.60434,0.252972
kamp_R_ket_rac,KET_R,Kamp 2020,arterial,calibration,2.62437,0.25454
kamp_R_ket_rac,KET_R,Kamp 2020,arterial,calibration,2.64441,0.256043
kamp_R_ket_rac,KET_R,Kamp 2020,arterial,calibration,2.66444,0.257485
kamp_R_ket_rac,KET_R,Kamp 2020,arterial,calibration,2.68447,0.258871
kamp_R_ket_rac,KET_R,Kamp 2020,arterial,calibration,2.70451,0.260204
kamp_R_ket_rac,KET_R,Kamp 2020,arterial,calibration,2.72454,0.261487
kamp_R_ket_rac,KET_R,Kamp 2020,arterial,calibration,2.74457,0.262724
kamp_R_ket_rac,KET_R,Kamp 2020,arterial,calibration,2.76461,0.263917
kamp_R_ket_rac,KET_R,Kamp 2020,arterial,calibration,2.78464,0.265069
kamp_R_ket_rac,KET_R,Kamp 2020,arterial,calibration,2.80467,0.266183
kamp_R_ket_rac,KET_R,Kamp 2020,arterial,calibration,2.82471,0.267261
kamp_R_ket_rac,KET_R,Kamp 2020,arterial,calibration,2.84474,0.268306
kamp_R_ket_rac,KET_R,Kamp 2020,arterial,calibration,2.86477,0.26932
kamp_R_ket_rac,KET_R,Kamp 2020,arterial,calibration,2.88481,0.270303
kamp_R_ket_rac,KET_R,Kamp 2020,arterial,calibration,2.90484,0.27126
kamp_R_ket_rac,KET_R,Kamp 2020,arterial,calibration,2.92487,0.27219
kamp_R_ket_rac,KET_R,Kamp 2020,arterial,calibration,2.94491,0.273096
kamp_R_ket_rac,KET_R,Kamp 2020,arterial,calibration,2.96494,0.273979
kamp_R_ket_rac,KET_R,Kamp 2020,arterial,calibration,2.98497,0.274841
kamp_R_ket_rac,KET_R,Kamp 2020,arterial,calibration,3.00501,0.271697
kamp_R_ket_rac,KET_R,Kamp 2020,arterial,calibration,3.02504,0.257224
kamp_R_ket_rac,KET_R,Kamp 2020,arterial,calibration,3.04508,0.243711
kamp_R_ket_rac,KET_R,Kamp 2020,arterial,calibration,3.06511,0.23109
kamp_R_ket_rac,KET_R,Kamp 2020,arterial,calibration,3.08514,0.219299
kamp_R_ket_rac,KET_R,Kamp 2020,arterial,calibration,3.10518,0.208282
kamp_R_ket_rac,KET_R,Kamp 2020,arterial,calibration,3.12521,0.197986
kamp_R_ket_rac,KET_R,Kamp 2020,arterial,calibration,3.14524,0.188363
kamp_R_ket_rac,KET_R,Kamp 2020,arterial,calibration,3.16528,0.179368
kamp_R_ket_rac,KET_R,Kamp 2020,arterial,calibration,3.18531,0.170958
kamp_R_ket_rac,KET_R,Kamp 2020,arterial,calibration,3.20534,0.163096
kamp_R_ket_rac,KET_R,Kamp 2020,arterial,calibration,3.22538,0.155743
kamp_R_ket_rac,KET_R,Kamp 2020,arterial,calibration,3.24541,0.148868
kamp_R_ket_rac,KET_R,Kamp 2020,arterial,calibration,3.26544,0.142437
kamp_R_ket_rac,KET_R,Kamp 2020,arterial,calibration,3.28548,0.136421
kamp_R_ket_rac,KET_R,Kamp 2020,arterial,calibration,3.30551,0.130793
kamp_R_ket_rac,KET_R,Kamp 2020,arterial,calibration,3.32554,0.125528
kamp_R_ket_rac,KET_R,Kamp 2020,arterial,calibration,3.34558,0.1206
kamp_R_ket_rac,KET_R,Kamp 2020,arterial,calibration,3.36561,0.115988
kamp_R_ket_rac,KET_R,Kamp 2020,arterial,calibration,3.38564,0.111671
kamp_R_ket_rac,KET_R,Kamp 2020,arterial,calibration,3.40568,0.107629
kamp_R_ket_rac,KET_R,Kamp 2020,arterial,calibration,3.42571,0.103844
kamp_R_ket_rac,KET_R,Kamp 2020,arterial,calibration,3.44574,0.1003
kamp_R_ket_rac,KET_R,Kamp 2020,arterial,calibration,3.46578,0.096979
kamp_R_ket_rac,KET_R,Kamp 2020,arterial,calibration,3.48581,0.0938676
kamp_R_ket_rac,KET_R,Kamp 2020,arterial,calibration,3.50584,0.0909517
kamp_R_ket_rac,KET_R,Kamp 2020,arterial,calibration,3.52588,0.0882183
kamp_R_ket_rac,KET_R,Kamp 2020,arterial,calibration,3.54591,0.0856553
kamp_R_ket_rac,KET_R,Kamp 2020,arterial,calibration,3.56594,0.0832515
kamp_R_ket_rac,KET_R,Kamp 2020,arterial,calibration,3.58598,0.0809963
kamp_R_ket_rac,KET_R,Kamp 2020,arterial,calibration,3.60601,0.07888
kamp_R_ket_rac,KET_R,Kamp 2020,arterial,calibration,3.62604,0.0768933
kamp_R_ket_rac,KET_R,Kamp 2020,arterial,calibration,3.64608,0.0750277
kamp_R_ket_rac,KET_R,Kamp 2020,arterial,calibration,3.66611,0.0732752
kamp_R_ket_rac,KET_R,Kamp 2020,arterial,calibration,3.68614,0.0716283
kamp_R_ket_rac,KET_R,Kamp 2020,arterial,calibration,3.70618,0.07008
kamp_R_ket_rac,KET_R,Kamp 2020,arterial,calibration,3.72621,0.0686239
kamp_R_ket_rac,KET_R,Kamp 2020,arterial,calibration,3.74624,0.0672539
kamp_R_ket_rac,KET_R,Kamp 2020,arterial,calibration,3.76628,0.0659642
kamp_R_ket_rac,KET_R,Kamp 2020,arterial,calibration,3.78631,0.0647496
kamp_R_ket_rac,KET_R,Kamp 2020,arterial,calibration,3.80634,0.0636052
kamp_R_ket_rac,KET_R,Kamp 2020,arterial,calibration,3.82638,0.0625263
kamp_R_ket_rac,KET_R,Kamp 2020,arterial,calibration,3.84641,0.0615085
kamp_R_ket_rac,KET_R,Kamp 2020,arterial,calibration,3.86644,0.060548
kamp_R_ket_rac,KET_R,Kamp 2020,arterial,calibration,3.88648,0.0596409
kamp_R_ket_rac,KET_R,Kamp 2020,arterial,calibration,3.90651,0.0587837
kamp_R_ket_rac,KET_R,Kamp 2020,arterial,calibration,3.92654,0.0579731
kamp_R_ket_rac,KET_R,Kamp 2020,arterial,calibration,3.94658,0.0572062
kamp_R_ket_rac,KET_R,Kamp 2020,arterial,calibration,3.96661,0.0564799
kamp_R_ket_rac,KET_R,Kamp 2020,arterial,calibration,3.98664,0.0557917
kamp_R_ket_rac,KET_R,Kamp 2020,arterial,calibration,4.00668,0.055139
kamp_R_ket_rac,KET_R,Kamp 2020,arterial,calibration,4.02671,0.0545196
kamp_R_ket_rac,KET_R,Kamp 2020,arterial,calibration,4.04674,0.0539312
kamp_R_ket_rac,KET_R,Kamp 2020,arterial,calibration,4.06678,0.0533719
kamp_R_ket_rac,KET_R,Kamp 2020,arterial,calibration,4.08681,0.0528397
kamp_R_ket_rac,KET_R,Kamp 2020,arterial,calibration,4.10684,0.0523329
kamp_R_ket_rac,KET_R,Kamp 2020,arterial,calibration,4.12688,0.0518498
kamp_R_ket_rac,KET_R,Kamp 2020,arterial,calibration,4.14691,0.0513889
kamp_R_ket_rac,KET_R,Kamp 2020,arterial,calibration,4.16694,0.0509488
kamp_R_ket_rac,KET_R,Kamp 2020,arterial,calibration,4.18698,0.050528
kamp_R_ket_rac,KET_R,Kamp 2020,arterial,calibration,4.20701,0.0501254
kamp_R_ket_rac,KET_R,Kamp 2020,arterial,calibration,4.22705,0.0497398
kamp_R_ket_rac,KET_R,Kamp 2020,arterial,calibration,4.24708,0.04937
kamp_R_ket_rac,KET_R,Kamp 2020,arterial,calibration,4.26711,0.0490151
kamp_R_ket_rac,KET_R,Kamp 2020,arterial,calibration,4.28715,0.0486741
kamp_R_ket_rac,KET_R,Kamp 2020,arterial,calibration,4.30718,0.0483461
kamp_R_ket_rac,KET_R,Kamp 2020,arterial,calibration,4.32721,0.0480303
kamp_R_ket_rac,KET_R,Kamp 2020,arterial,calibration,4.34725,0.0477259
kamp_R_ket_rac,KET_R,Kamp 2020,arterial,calibration,4.36728,0.0474322
kamp_R_ket_rac,KET_R,Kamp 2020,arterial,calibration,4.38731,0.0471485
kamp_R_ket_rac,KET_R,Kamp 2020,arterial,calibration,4.40735,0.0468741
kamp_R_ket_rac,KET_R,Kamp 2020,arterial,calibration,4.42738,0.0466086
kamp_R_ket_rac,KET_R,Kamp 2020,arterial,calibration,4.44741,0.0463513
kamp_R_ket_rac,KET_R,Kamp 2020,arterial,calibration,4.46745,0.0461016
kamp_R_ket_rac,KET_R,Kamp 2020,arterial,calibration,4.48748,0.0458592
kamp_R_ket_rac,KET_R,Kamp 2020,arterial,calibration,4.50751,0.0456236
kamp_R_ket_rac,KET_R,Kamp 2020,arterial,calibration,4.52755,0.0453944
kamp_R_ket_rac,KET_R,Kamp 2020,arterial,calibration,4.54758,0.0451711
kamp_R_ket_rac,KET_R,Kamp 2020,arterial,calibration,4.56761,0.0449535
kamp_R_ket_rac,KET_R,Kamp 2020,arterial,calibration,4.58765,0.0447411
kamp_R_ket_rac,KET_R,Kamp 2020,arterial,calibration,4.60768,0.0445337
kamp_R_ket_rac,KET_R,Kamp 2020,arterial,calibration,4.62771,0.0443309
kamp_R_ket_rac,KET_R,Kamp 2020,arterial,calibration,4.64775,0.0441324
kamp_R_ket_rac,KET_R,Kamp 2020,arterial,calibration,4.66778,0.0439381
kamp_R_ket_rac,KET_R,Kamp 2020,arterial,calibration,4.68781,0.0437477
kamp_R_ket_rac,KET_R,Kamp 2020,arterial,calibration,4.70785,0.0435609
kamp_R_ket_rac,KET_R,Kamp 2020,arterial,calibration,4.72788,0.0433775
kamp_R_ket_rac,KET_R,Kamp 2020,arterial,calibration,4.74791,0.0431973
kamp_R_ket_rac,KET_R,Kamp 2020,arterial,calibration,4.76795,0.0430202
kamp_R_ket_rac,KET_R,Kamp 2020,arterial,calibration,4.78798,0.042846
kamp_R_ket_rac,KET_R,Kamp 2020,arterial,calibration,4.80801,0.0426745
kamp_R_ket_rac,KET_R,Kamp 2020,arterial,calibration,4.82805,0.0425055
kamp_R_ket_rac,KET_R,Kamp 2020,arterial,calibration,4.84808,0.042339
kamp_R_ket_rac,KET_R,Kamp 2020,arterial,calibration,4.86811,0.0421748
kamp_R_ket_rac,KET_R,Kamp 2020,arterial,calibration,4.88815,0.0420127
kamp_R_ket_rac,KET_R,Kamp 2020,arterial,calibration,4.90818,0.0418527
kamp_R_ket_rac,KET_R,Kamp 2020,arterial,calibration,4.92821,0.0416946
kamp_R_ket_rac,KET_R,Kamp 2020,arterial,calibration,4.94825,0.0415384
kamp_R_ket_rac,KET_R,Kamp 2020,arterial,calibration,4.96828,0.0413839
kamp_R_ket_rac,KET_R,Kamp 2020,arterial,calibration,4.98831,0.041231
kamp_R_ket_rac,KET_R,Kamp 2020,arterial,calibration,5.00835,0.0410798
kamp_R_ket_rac,KET_R,Kamp 2020,arterial,calibration,5.02838,0.0409301
kamp_R_ket_rac,KET_R,Kamp 2020,arterial,calibration,5.04841,0.0407817
kamp_R_ket_rac,KET_R,Kamp 2020,arterial,calibration,5.06845,0.0406348
kamp_R_ket_rac,KET_R,Kamp 2020,arterial,calibration,5.08848,0.0404892
kamp_R_ket_rac,KET_R,Kamp 2020,arterial,calibration,5.10851,0.0403448
kamp_R_ket_rac,KET_R,Kamp 2020,arterial,calibration,5.12855,0.0402015
kamp_R_ket_rac,KET_R,Kamp 2020,arterial,calibration,5.14858,0.0400595
kamp_R_ket_rac,KET_R,Kamp 2020,arterial,calibration,5.16861,0.0399185
kamp_R_ket_rac,KET_R,Kamp 2020,arterial,calibration,5.18865,0.0397786
kamp_R_ket_rac,KET_R,Kamp 2020,arterial,calibration,5.20868,0.0396396
kamp_R_ket_rac,KET_R,Kamp 2020,arterial,calibration,5.22871,0.0395017
kamp_R_ket_rac,KET_R,Kamp 2020,arterial,calibration,5.24875,0.0393646
kamp_R_ket_rac,KET_R,Kamp 2020,arterial,calibration,5.26878,0.0392285
kamp_R_ket_rac,KET_R,Kamp 2020,arterial,calibration,5.28881,0.0390932
kamp_R_ket_rac,KET_R,Kamp 2020,arterial,calibration,5.30885,0.0389587
kamp_R_ket_rac,KET_R,Kamp 2020,arterial,calibration,5.32888,0.0388251
kamp_R_ket_rac,KET_R,Kamp 2020,arterial,calibration,5.34891,0.0386922
kamp_R_ket_rac,KET_R,Kamp 2020,arterial,calibration,5.36895,0.0385601
kamp_R_ket_rac,KET_R,Kamp 2020,arterial,calibration,5.38898,0.0384287
kamp_R_ket_rac,KET_R,Kamp 2020,arterial,calibration,5.40902,0.038298
kamp_R_ket_rac,KET_R,Kamp 2020,arterial,calibration,5.42905,0.038168
kamp_R_ket_rac,KET_R,Kamp 2020,arterial,calibration,5.44908,0.0380386
kamp_R_ket_rac,KET_R,Kamp 2020,arterial,calibration,5.46912,0.0379099
kamp_R_ket_rac,KET_R,Kamp 2020,arterial,calibration,5.48915,0.0377819
kamp_R_ket_rac,KET_R,Kamp 2020,arterial,calibration,5.50918,0.0376544
kamp_R_ket_rac,KET_R,Kamp 2020,arterial,calibration,5.52922,0.0375276
kamp_R_ket_rac,KET_R,Kamp 2020,arterial,calibration,5.54925,0.0374014
kamp_R_ket_rac,KET_R,Kamp 2020,arterial,calibration,5.56928,0.0372757
kamp_R_ket_rac,KET_R,Kamp 2020,arterial,calibration,5.58932,0.0371506
kamp_R_ket_rac,KET_R,Kamp 2020,arterial,calibration,5.60935,0.037026
kamp_R_ket_rac,KET_R,Kamp 2020,arterial,calibration,5.62938,0.036902
kamp_R_ket_rac,KET_R,Kamp 2020,arterial,calibration,5.64942,0.0367785
kamp_R_ket_rac,KET_R,Kamp 2020,arterial,calibration,5.66945,0.0366555
kamp_R_ket_rac,KET_R,Kamp 2020,arterial,calibration,5.68948,0.036533
kamp_R_ket_rac,KET_R,Kamp 2020,arterial,calibration,5.70952,0.036411
kamp_R_ket_rac,KET_R,Kamp 2020,arterial,calibration,5.72955,0.0362896
kamp_R_ket_rac,KET_R,Kamp 2020,arterial,calibration,5.74958,0.0361686
kamp_R_ket_rac,KET_R,Kamp 2020,arterial,calibration,5.76962,0.0360481
kamp_R_ket_rac,KET_R,Kamp 2020,arterial,calibration,5.78965,0.035928
kamp_R_ket_rac,KET_R,Kamp 2020,arterial,calibration,5.80968,0.0358085
kamp_R_ket_rac,KET_R,Kamp 2020,arterial,calibration,5.82972,0.0356894
kamp_R_ket_rac,KET_R,Kamp 2020,arterial,calibration,5.84975,0.0355707
kamp_R_ket_rac,KET_R,Kamp 2020,arterial,calibration,5.86978,0.0354525
kamp_R_ket_rac,KET_R,Kamp 2020,arterial,calibration,5.88982,0.0353347
kamp_R_ket_rac,KET_R,Kamp 2020,arterial,calibration,5.90985,0.0352174
kamp_R_ket_rac,KET_R,Kamp 2020,arterial,calibration,5.92988,0.0351005
kamp_R_ket_rac,KET_R,Kamp 2020,arterial,calibration,5.94992,0.034984
kamp_R_ket_rac,KET_R,Kamp 2020,arterial,calibration,5.96995,0.034868
kamp_R_ket_rac,KET_R,Kamp 2020,arterial,calibration,5.98998,0.0347523
kamp_R_ket_rac,KET_R,Kamp 2020,arterial,calibration,6.01002,0.0346371
kamp_R_ket_rac,KET_R,Kamp 2020,arterial,calibration,6.03005,0.0345223
kamp_R_ket_rac,KET_R,Kamp 2020,arterial,calibration,6.05008,0.0344079
kamp_R_ket_rac,KET_R,Kamp 2020,arterial,calibration,6.07012,0.034294
kamp_R_ket_rac,KET_R,Kamp 2020,arterial,calibration,6.09015,0.0341804
kamp_R_ket_rac,KET_R,Kamp 2020,arterial,calibration,6.11018,0.0340672
kamp_R_ket_rac,KET_R,Kamp 2020,arterial,calibration,6.13022,0.0339544
kamp_R_ket_rac,KET_R,Kamp 2020,arterial,calibration,6.15025,0.033842
kamp_R_ket_rac,KET_R,Kamp 2020,arterial,calibration,6.17028,0.03373
kamp_R_ket_rac,KET_R,Kamp 2020,arterial,calibration,6.19032,0.0336184
kamp_R_ket_rac,KET_R,Kamp 2020,arterial,calibration,6.21035,0.0335072
kamp_R_ket_rac,KET_R,Kamp 2020,arterial,calibration,6.23038,0.0333964
kamp_R_ket_rac,KET_R,Kamp 2020,arterial,calibration,6.25042,0.0332859
kamp_R_ket_rac,KET_R,Kamp 2020,arterial,calibration,6.27045,0.0331758
kamp_R_ket_rac,KET_R,Kamp 2020,arterial,calibration,6.29048,0.0330661
kamp_R_ket_rac,KET_R,Kamp 2020,arterial,calibration,6.31052,0.0329568
kamp_R_ket_rac,KET_R,Kamp 2020,arterial,calibration,6.33055,0.0328478
kamp_R_ket_rac,KET_R,Kamp 2020,arterial,calibration,6.35058,0.0327393
kamp_R_ket_rac,KET_R,Kamp 2020,arterial,calibration,6.37062,0.032631
kamp_R_ket_rac,KET_R,Kamp 2020,arterial,calibration,6.39065,0.0325232
kamp_R_ket_rac,KET_R,Kamp 2020,arterial,calibration,6.41068,0.0324157
kamp_R_ket_rac,KET_R,Kamp 2020,arterial,calibration,6.43072,0.0323086
kamp_R_ket_rac,KET_R,Kamp 2020,arterial,calibration,6.45075,0.0322018
kamp_R_ket_rac,KET_R,Kamp 2020,arterial,calibration,6.47078,0.0320954
kamp_R_ket_rac,KET_R,Kamp 2020,arterial,calibration,6.49082,0.0319894
kamp_R_ket_rac,KET_R,Kamp 2020,arterial,calibration,6.51085,0.0318837
kamp_R_ket_rac,KET_R,Kamp 2020,arterial,calibration,6.53088,0.0317784
kamp_R_ket_rac,KET_R,Kamp 2020,arterial,calibration,6.55092,0.0316734
kamp_R_ket_rac,KET_R,Kamp 2020,arterial,calibration,6.57095,0.0315688
kamp_R_ket_rac,KET_R,Kamp 2020,arterial,calibration,6.59098,0.0314645
kamp_R_ket_rac,KET_R,Kamp 2020,arterial,calibration,6.61102,0.0313606
kamp_R_ket_rac,KET_R,Kamp 2020,arterial,calibration,6.63105,0.031257
kamp_R_ket_rac,KET_R,Kamp 2020,arterial,calibration,6.65109,0.0311537
kamp_R_ket_rac,KET_R,Kamp 2020,arterial,calibration,6.67112,0.0310508
kamp_R_ket_rac,KET_R,Kamp 2020,arterial,calibration,6.69115,0.0309483
kamp_R_ket_rac,KET_R,Kamp 2020,arterial,calibration,6.71119,0.0308461
kamp_R_ket_rac,KET_R,Kamp 2020,arterial,calibration,6.73122,0.0307442
kamp_R_ket_rac,KET_R,Kamp 2020,arterial,calibration,6.75125,0.0306427
kamp_R_ket_rac,KET_R,Kamp 2020,arterial,calibration,6.77129,0.0305415
kamp_R_ket_rac,KET_R,Kamp 2020,arterial,calibration,6.79132,0.0304407
kamp_R_ket_rac,KET_R,Kamp 2020,arterial,calibration,6.81135,0.0303401
kamp_R_ket_rac,KET_R,Kamp 2020,arterial,calibration,6.83139,0.03024
kamp_R_ket_rac,KET_R,Kamp 2020,arterial,calibration,6.85142,0.0301401
kamp_R_ket_rac,KET_R,Kamp 2020,arterial,calibration,6.87145,0.0300406
kamp_R_ket_rac,KET_R,Kamp 2020,arterial,calibration,6.89149,0.0299414
kamp_R_ket_rac,KET_R,Kamp 2020,arterial,calibration,6.91152,0.0298425
kamp_R_ket_rac,KET_R,Kamp 2020,arterial,calibration,6.93155,0.029744
kamp_R_ket_rac,KET_R,Kamp 2020,arterial,calibration,6.95159,0.0296458
kamp_R_ket_rac,KET_R,Kamp 2020,arterial,calibration,6.97162,0.0295479
kamp_R_ket_rac,KET_R,Kamp 2020,arterial,calibration,6.99165,0.0294504
kamp_R_ket_rac,KET_R,Kamp 2020,arterial,calibration,7.01169,0.0293531
kamp_R_ket_rac,KET_R,Kamp 2020,arterial,calibration,7.03172,0.0292562
kamp_R_ket_rac,KET_R,Kamp 2020,arterial,calibration,7.05175,0.0291596
kamp_R_ket_rac,KET_R,Kamp 2020,arterial,calibration,7.07179,0.0290633
kamp_R_ket_rac,KET_R,Kamp 2020,arterial,calibration,7.09182,0.0289674
kamp_R_ket_rac,KET_R,Kamp 2020,arterial,calibration,7.11185,0.0288718
kamp_R_ket_rac,KET_R,Kamp 2020,arterial,calibration,7.13189,0.0287764
kamp_R_ket_rac,KET_R,Kamp 2020,arterial,calibration,7.15192,0.0286814
kamp_R_ket_rac,KET_R,Kamp 2020,arterial,calibration,7.17195,0.0285868
kamp_R_ket_rac,KET_R,Kamp 2020,arterial,calibration,7.19199,0.0284924
kamp_R_ket_rac,KET_R,Kamp 2020,arterial,calibration,7.21202,0.0283983
kamp_R_ket_rac,KET_R,Kamp 2020,arterial,calibration,7.23205,0.0283046
kamp_R_ket_rac,KET_R,Kamp 2020,arterial,calibration,7.25209,0.0282111
kamp_R_ket_rac,KET_R,Kamp 2020,arterial,calibration,7.27212,0.028118
kamp_R_ket_rac,KET_R,Kamp 2020,arterial,calibration,7.29215,0.0280252
kamp_R_ket_rac,KET_R,Kamp 2020,arterial,calibration,7.31219,0.0279326
kamp_R_ket_rac,KET_R,Kamp 2020,arterial,calibration,7.33222,0.0278404
kamp_R_ket_rac,KET_R,Kamp 2020,arterial,calibration,7.35225,0.0277485
kamp_R_ket_rac,KET_R,Kamp 2020,arterial,calibration,7.37229,0.0276569
kamp_R_ket_rac,KET_R,Kamp 2020,arterial,calibration,7.39232,0.0275656
kamp_R_ket_rac,KET_R,Kamp 2020,arterial,calibration,7.41235,0.0274746
kamp_R_ket_rac,KET_R,Kamp 2020,arterial,calibration,7.43239,0.0273839
kamp_R_ket_rac,KET_R,Kamp 2020,arterial,calibration,7.45242,0.0272935
kamp_R_ket_rac,KET_R,Kamp 2020,arterial,calibration,7.47245,0.0272034
kamp_R_ket_rac,KET_R,Kamp 2020,arterial,calibration,7.49249,0.0271136
kamp_R_ket_rac,KET_R,Kamp 2020,arterial,calibration,7.51252,0.0270241
kamp_R_ket_rac,KET_R,Kamp 2020,arterial,calibration,7.53255,0.0269349
kamp_R_ket_rac,KET_R,Kamp 2020,arterial,calibration,7.55259,0.026846
kamp_R_ket_rac,KET_R,Kamp 2020,arterial,calibration,7.57262,0.0267574
kamp_R_ket_rac,KET_R,Kamp 2020,arterial,calibration,7.59265,0.026669
kamp_R_ket_rac,KET_R,Kamp 2020,arterial,calibration,7.61269,0.026581
kamp_R_ket_rac,KET_R,Kamp 2020,arterial,calibration,7.63272,0.0264932
kamp_R_ket_rac,KET_R,Kamp 2020,arterial,calibration,7.65275,0.0264058
kamp_R_ket_rac,KET_R,Kamp 2020,arterial,calibration,7.67279,0.0263186
kamp_R_ket_rac,KET_R,Kamp 2020,arterial,calibration,7.69282,0.0262317
kamp_R_ket_rac,KET_R,Kamp 2020,arterial,calibration,7.71285,0.0261451
kamp_R_ket_rac,KET_R,Kamp 2020,arterial,calibration,7.73289,0.0260588
kamp_R_ket_rac,KET_R,Kamp 2020,arterial,calibration,7.75292,0.0259728
kamp_R_ket_rac,KET_R,Kamp 2020,arterial,calibration,7.77295,0.0258871
kamp_R_ket_rac,KET_R,Kamp 2020,arterial,calibration,7.79299,0.0258016
kamp_R_ket_rac,KET_R,Kamp 2020,arterial,calibration,7.81302,0.0257164
kamp_R_ket_rac,KET_R,Kamp 2020,arterial,calibration,7.83306,0.0256315
kamp_R_ket_rac,KET_R,Kamp 2020,arterial,calibration,7.85309,0.0255469
kamp_R_ket_rac,KET_R,Kamp 2020,arterial,calibration,7.87312,0.0254626
kamp_R_ket_rac,KET_R,Kamp 2020,arterial,calibration,7.89316,0.0253785
kamp_R_ket_rac,KET_R,Kamp 2020,arterial,calibration,7.91319,0.0252948
kamp_R_ket_rac,KET_R,Kamp 2020,arterial,calibration,7.93322,0.0252113
kamp_R_ket_rac,KET_R,Kamp 2020,arterial,calibration,7.95326,0.025128
kamp_R_ket_rac,KET_R,Kamp 2020,arterial,calibration,7.97329,0.0250451
kamp_R_ket_rac,KET_R,Kamp 2020,arterial,calibration,7.99332,0.0249624
kamp_R_ket_rac,KET_R,Kamp 2020,arterial,calibration,8.01336,0.02488
kamp_R_ket_rac,KET_R,Kamp 2020,arterial,calibration,8.03339,0.0247979
kamp_R_ket_rac,KET_R,Kamp 2020,arterial,calibration,8.05342,0.024716
kamp_R_ket_rac,KET_R,Kamp 2020,arterial,calibration,8.07346,0.0246344
kamp_R_ket_rac,KET_R,Kamp 2020,arterial,calibration,8.09349,0.0245531
kamp_R_ket_rac,KET_R,Kamp 2020,arterial,calibration,8.11352,0.0244721
kamp_R_ket_rac,KET_R,Kamp 2020,arterial,calibration,8.13356,0.0243913
kamp_R_ket_rac,KET_R,Kamp 2020,arterial,calibration,8.15359,0.0243108
kamp_R_ket_rac,KET_R,Kamp 2020,arterial,calibration,8.17362,0.0242305
kamp_R_ket_rac,KET_R,Kamp 2020,arterial,calibration,8.19366,0.0241505
kamp_R_ket_rac,KET_R,Kamp 2020,arterial,calibration,8.21369,0.0240708
kamp_R_ket_rac,KET_R,Kamp 2020,arterial,calibration,8.23372,0.0239913
kamp_R_ket_rac,KET_R,Kamp 2020,arterial,calibration,8.25376,0.0239121
kamp_R_ket_rac,KET_R,Kamp 2020,arterial,calibration,8.27379,0.0238332
kamp_R_ket_rac,KET_R,Kamp 2020,arterial,calibration,8.29382,0.0237545
kamp_R_ket_rac,KET_R,Kamp 2020,arterial,calibration,8.31386,0.0236761
kamp_R_ket_rac,KET_R,Kamp 2020,arterial,calibration,8.33389,0.023598
kamp_R_ket_rac,KET_R,Kamp 2020,arterial,calibration,8.35392,0.0235201
kamp_R_ket_rac,KET_R,Kamp 2020,arterial,calibration,8.37396,0.0234424
kamp_R_ket_rac,KET_R,Kamp 2020,arterial,calibration,8.39399,0.023365
kamp_R_ket_rac,KET_R,Kamp 2020,arterial,calibration,8.41402,0.0232879
kamp_R_ket_rac,KET_R,Kamp 2020,arterial,calibration,8.43406,0.023211
kamp_R_ket_rac,KET_R,Kamp 2020,arterial,calibration,8.45409,0.0231344
kamp_R_ket_rac,KET_R,Kamp 2020,arterial,calibration,8.47412,0.023058
kamp_R_ket_rac,KET_R,Kamp 2020,arterial,calibration,8.49416,0.0229819
kamp_R_ket_rac,KET_R,Kamp 2020,arterial,calibration,8.51419,0.0229061
kamp_R_ket_rac,KET_R,Kamp 2020,arterial,calibration,8.53422,0.0228305
kamp_R_ket_rac,KET_R,Kamp 2020,arterial,calibration,8.55426,0.0227551
kamp_R_ket_rac,KET_R,Kamp 2020,arterial,calibration,8.57429,0.02268
kamp_R_ket_rac,KET_R,Kamp 2020,arterial,calibration,8.59432,0.0226051
kamp_R_ket_rac,KET_R,Kamp 2020,arterial,calibration,8.61436,0.0225305
kamp_R_ket_rac,KET_R,Kamp 2020,arterial,calibration,8.63439,0.0224561
kamp_R_ket_rac,KET_R,Kamp 2020,arterial,calibration,8.65442,0.022382
kamp_R_ket_rac,KET_R,Kamp 2020,arterial,calibration,8.67446,0.0223081
kamp_R_ket_rac,KET_R,Kamp 2020,arterial,calibration,8.69449,0.0222345
kamp_R_ket_rac,KET_R,Kamp 2020,arterial,calibration,8.71452,0.0221611
kamp_R_ket_rac,KET_R,Kamp 2020,arterial,calibration,8.73456,0.0220879
kamp_R_ket_rac,KET_R,Kamp 2020,arterial,calibration,8.75459,0.022015
kamp_R_ket_rac,KET_R,Kamp 2020,arterial,calibration,8.77462,0.0219423
kamp_R_ket_rac,KET_R,Kamp 2020,arterial,calibration,8.79466,0.0218699
kamp_R_ket_rac,KET_R,Kamp 2020,arterial,calibration,8.81469,0.0217977
kamp_R_ket_rac,KET_R,Kamp 2020,arterial,calibration,8.83472,0.0217257
kamp_R_ket_rac,KET_R,Kamp 2020,arterial,calibration,8.85476,0.021654
kamp_R_ket_rac,KET_R,Kamp 2020,arterial,calibration,8.87479,0.0215825
kamp_R_ket_rac,KET_R,Kamp 2020,arterial,calibration,8.89482,0.0215113
kamp_R_ket_rac,KET_R,Kamp 2020,arterial,calibration,8.91486,0.0214403
kamp_R_ket_rac,KET_R,Kamp 2020,arterial,calibration,8.93489,0.0213695
kamp_R_ket_rac,KET_R,Kamp 2020,arterial,calibration,8.95492,0.021299
kamp_R_ket_rac,KET_R,Kamp 2020,arterial,calibration,8.97496,0.0212286
kamp_R_ket_rac,KET_R,Kamp 2020,arterial,calibration,8.99499,0.0211586
kamp_R_ket_rac,KET_R,Kamp 2020,arterial,calibration,9.01503,0.0210887
kamp_R_ket_rac,KET_R,Kamp 2020,arterial,calibration,9.03506,0.0210191
kamp_R_ket_rac,KET_R,Kamp 2020,arterial,calibration,9.05509,0.0209497
kamp_R_ket_rac,KET_R,Kamp 2020,arterial,calibration,9.07513,0.0208806
kamp_R_ket_rac,KET_R,Kamp 2020,arterial,calibration,9.09516,0.0208116
kamp_R_ket_rac,KET_R,Kamp 2020,arterial,calibration,9.11519,0.0207429
kamp_R_ket_rac,KET_R,Kamp 2020,arterial,calibration,9.13523,0.0206745
kamp_R_ket_rac,KET_R,Kamp 2020,arterial,calibration,9.15526,0.0206062
kamp_R_ket_rac,KET_R,Kamp 2020,arterial,calibration,9.17529,0.0205382
kamp_R_ket_rac,KET_R,Kamp 2020,arterial,calibration,9.19533,0.0204704
kamp_R_ket_rac,KET_R,Kamp 2020,arterial,calibration,9.21536,0.0204028
kamp_R_ket_rac,KET_R,Kamp 2020,arterial,calibration,9.23539,0.0203355
kamp_R_ket_rac,KET_R,Kamp 2020,arterial,calibration,9.25543,0.0202683
kamp_R_ket_rac,KET_R,Kamp 2020,arterial,calibration,9.27546,0.0202014
kamp_R_ket_rac,KET_R,Kamp 2020,arterial,calibration,9.29549,0.0201348
kamp_R_ket_rac,KET_R,Kamp 2020,arterial,calibration,9.31553,0.0200683
kamp_R_ket_rac,KET_R,Kamp 2020,arterial,calibration,9.33556,0.020002
kamp_R_ket_rac,KET_R,Kamp 2020,arterial,calibration,9.35559,0.019936
kamp_R_ket_rac,KET_R,Kamp 2020,arterial,calibration,9.37563,0.0198702
kamp_R_ket_rac,KET_R,Kamp 2020,arterial,calibration,9.39566,0.0198046
kamp_R_ket_rac,KET_R,Kamp 2020,arterial,calibration,9.41569,0.0197392
kamp_R_ket_rac,KET_R,Kamp 2020,arterial,calibration,9.43573,0.0196741
kamp_R_ket_rac,KET_R,Kamp 2020,arterial,calibration,9.45576,0.0196091
kamp_R_ket_rac,KET_R,Kamp 2020,arterial,calibration,9.47579,0.0195444
kamp_R_ket_rac,KET_R,Kamp 2020,arterial,calibration,9.49583,0.0194799
kamp_R_ket_rac,KET_R,Kamp 2020,arterial,calibration,9.51586,0.0194156
kamp_R_ket_rac,KET_R,Kamp 2020,arterial,calibration,9.53589,0.0193515
kamp_R_ket_rac,KET_R,Kamp 2020,arterial,calibration,9.55593,0.0192876
kamp_R_ket_rac,KET_R,Kamp 2020,arterial,calibration,9.57596,0.0192239
kamp_R_ket_rac,KET_R,Kamp 2020,arterial,calibration,9.59599,0.0191605
kamp_R_ket_rac,KET_R,Kamp 2020,arterial,calibration,9.61603,0.0190972
kamp_R_ket_rac,KET_R,Kamp 2020,arterial,calibration,9.63606,0.0190342
kamp_R_ket_rac,KET_R,Kamp 2020,arterial,calibration,9.65609,0.0189713
kamp_R_ket_rac,KET_R,Kamp 2020,arterial,calibration,9.67613,0.0189087
kamp_R_ket_rac,KET_R,Kamp 2020,arterial,calibration,9.69616,0.0188463
kamp_R_ket_rac,KET_R,Kamp 2020,arterial,calibration,9.71619,0.0187841
kamp_R_ket_rac,KET_R,Kamp 2020,arterial,calibration,9.73623,0.0187221
kamp_R_ket_rac,KET_R,Kamp 2020,arterial,calibration,9.75626,0.0186603
kamp_R_ket_rac,KET_R,Kamp 2020,arterial,calibration,9.77629,0.0185987
kamp_R_ket_rac,KET_R,Kamp 2020,arterial,calibration,9.79633,0.0185373
kamp_R_ket_rac,KET_R,Kamp 2020,arterial,calibration,9.81636,0.0184761
kamp_R_ket_rac,KET_R,Kamp 2020,arterial,calibration,9.83639,0.0184151
kamp_R_ket_rac,KET_R,Kamp 2020,arterial,calibration,9.85643,0.0183543
kamp_R_ket_rac,KET_R,Kamp 2020,arterial,calibration,9.87646,0.0182937
kamp_R_ket_rac,KET_R,Kamp 2020,arterial,calibration,9.89649,0.0182333
kamp_R_ket_rac,KET_R,Kamp 2020,arterial,calibration,9.91653,0.0181731
kamp_R_ket_rac,KET_R,Kamp 2020,arterial,calibration,9.93656,0.0181132
kamp_R_ket_rac,KET_R,Kamp 2020,arterial,calibration,9.95659,0.0180534
kamp_R_ket_rac,KET_R,Kamp 2020,arterial,calibration,9.97663,0.0179938
kamp_R_ket_rac,KET_R,Kamp 2020,arterial,calibration,9.99666,0.0179344
kamp_R_ket_rac,KET_R,Kamp 2020,arterial,calibration,10.0167,0.0178752
kamp_R_ket_rac,KET_R,Kamp 2020,arterial,calibration,10.0367,0.0178162
kamp_R_ket_rac,KET_R,Kamp 2020,arterial,calibration,10.0568,0.0177573
kamp_R_ket_rac,KET_R,Kamp 2020,arterial,calibration,10.0768,0.0176987
kamp_R_ket_rac,KET_R,Kamp 2020,arterial,calibration,10.0968,0.0176403
kamp_R_ket_rac,KET_R,Kamp 2020,arterial,calibration,10.1169,0.0175821
kamp_R_ket_rac,KET_R,Kamp 2020,arterial,calibration,10.1369,0.017524
kamp_R_ket_rac,KET_R,Kamp 2020,arterial,calibration,10.1569,0.0174662
kamp_R_ket_rac,KET_R,Kamp 2020,arterial,calibration,10.177,0.0174085
kamp_R_ket_rac,KET_R,Kamp 2020,arterial,calibration,10.197,0.0173511
kamp_R_ket_rac,KET_R,Kamp 2020,arterial,calibration,10.217,0.0172938
kamp_R_ket_rac,KET_R,Kamp 2020,arterial,calibration,10.2371,0.0172367
kamp_R_ket_rac,KET_R,Kamp 2020,arterial,calibration,10.2571,0.0171798
kamp_R_ket_rac,KET_R,Kamp 2020,arterial,calibration,10.2771,0.0171231
kamp_R_ket_rac,KET_R,Kamp 2020,arterial,calibration,10.2972,0.0170666
kamp_R_ket_rac,KET_R,Kamp 2020,arterial,calibration,10.3172,0.0170102
kamp_R_ket_rac,KET_R,Kamp 2020,arterial,calibration,10.3372,0.0169541
kamp_R_ket_rac,KET_R,Kamp 2020,arterial,calibration,10.3573,0.0168981
kamp_R_ket_rac,KET_R,Kamp 2020,arterial,calibration,10.3773,0.0168423
kamp_R_ket_rac,KET_R,Kamp 2020,arterial,calibration,10.3973,0.0167867
kamp_R_ket_rac,KET_R,Kamp 2020,arterial,calibration,10.4174,0.0167313
kamp_R_ket_rac,KET_R,Kamp 2020,arterial,calibration,10.4374,0.0166761
kamp_R_ket_rac,KET_R,Kamp 2020,arterial,calibration,10.4574,0.016621
kamp_R_ket_rac,KET_R,Kamp 2020,arterial,calibration,10.4775,0.0165662
kamp_R_ket_rac,KET_R,Kamp 2020,arterial,calibration,10.4975,0.0165115
kamp_R_ket_rac,KET_R,Kamp 2020,arterial,calibration,10.5175,0.016457
kamp_R_ket_rac,KET_R,Kamp 2020,arterial,calibration,10.5376,0.0164027
kamp_R_ket_rac,KET_R,Kamp 2020,arterial,calibration,10.5576,0.0163485
kamp_R_ket_rac,KET_R,Kamp 2020,arterial,calibration,10.5776,0.0162945
kamp_R_ket_rac,KET_R,Kamp 2020,arterial,calibration,10.5977,0.0162407
kamp_R_ket_rac,KET_R,Kamp 2020,arterial,calibration,10.6177,0.0161871
kamp_R_ket_rac,KET_R,Kamp 2020,arterial,calibration,10.6377,0.0161337
kamp_R_ket_rac,KET_R,Kamp 2020,arterial,calibration,10.6578,0.0160804
kamp_R_ket_rac,KET_R,Kamp 2020,arterial,calibration,10.6778,0.0160274
kamp_R_ket_rac,KET_R,Kamp 2020,arterial,calibration,10.6978,0.0159745
kamp_R_ket_rac,KET_R,Kamp 2020,arterial,calibration,10.7179,0.0159217
kamp_R_ket_rac,KET_R,Kamp 2020,arterial,calibration,10.7379,0.0158692
kamp_R_ket_rac,KET_R,Kamp 2020,arterial,calibration,10.7579,0.0158168
kamp_R_ket_rac,KET_R,Kamp 2020,arterial,calibration,10.778,0.0157646
kamp_R_ket_rac,KET_R,Kamp 2020,arterial,calibration,10.798,0.0157125
kamp_R_ket_rac,KET_R,Kamp 2020,arterial,calibration,10.818,0.0156607
kamp_R_ket_rac,KET_R,Kamp 2020,arterial,calibration,10.8381,0.015609
kamp_R_ket_rac,KET_R,Kamp 2020,arterial,calibration,10.8581,0.0155574
kamp_R_ket_rac,KET_R,Kamp 2020,arterial,calibration,10.8781,0.0155061
kamp_R_ket_rac,KET_R,Kamp 2020,arterial,calibration,10.8982,0.0154549
kamp_R_ket_rac,KET_R,Kamp 2020,arterial,calibration,10.9182,0.0154039
kamp_R_ket_rac,KET_R,Kamp 2020,arterial,calibration,10.9382,0.015353
kamp_R_ket_rac,KET_R,Kamp 2020,arterial,calibration,10.9583,0.0153023
kamp_R_ket_rac,KET_R,Kamp 2020,arterial,calibration,10.9783,0.0152518
kamp_R_ket_rac,KET_R,Kamp 2020,arterial,calibration,10.9983,0.0152015
kamp_R_ket_rac,KET_R,Kamp 2020,arterial,calibration,11.0184,0.0151513
kamp_R_ket_rac,KET_R,Kamp 2020,arterial,calibration,11.0384,0.0151013
kamp_R_ket_rac,KET_R,Kamp 2020,arterial,calibration,11.0584,0.0150514
kamp_R_ket_rac,KET_R,Kamp 2020,arterial,calibration,11.0785,0.0150017
kamp_R_ket_rac,KET_R,Kamp 2020,arterial,calibration,11.0985,0.0149522
kamp_R_ket_rac,KET_R,Kamp 2020,arterial,calibration,11.1185,0.0149029
kamp_R_ket_rac,KET_R,Kamp 2020,arterial,calibration,11.1386,0.0148537
kamp_R_ket_rac,KET_R,Kamp 2020,arterial,calibration,11.1586,0.0148046
kamp_R_ket_rac,KET_R,Kamp 2020,arterial,calibration,11.1786,0.0147558
kamp_R_ket_rac,KET_R,Kamp 2020,arterial,calibration,11.1987,0.0147071
kamp_R_ket_rac,KET_R,Kamp 2020,arterial,calibration,11.2187,0.0146585
kamp_R_ket_rac,KET_R,Kamp 2020,arterial,calibration,11.2387,0.0146101
kamp_R_ket_rac,KET_R,Kamp 2020,arterial,calibration,11.2588,0.0145619
kamp_R_ket_rac,KET_R,Kamp 2020,arterial,calibration,11.2788,0.0145138
kamp_R_ket_rac,KET_R,Kamp 2020,arterial,calibration,11.2988,0.0144659
kamp_R_ket_rac,KET_R,Kamp 2020,arterial,calibration,11.3189,0.0144182
kamp_R_ket_rac,KET_R,Kamp 2020,arterial,calibration,11.3389,0.0143706
kamp_R_ket_rac,KET_R,Kamp 2020,arterial,calibration,11.3589,0.0143231
kamp_R_ket_rac,KET_R,Kamp 2020,arterial,calibration,11.379,0.0142758
kamp_R_ket_rac,KET_R,Kamp 2020,arterial,calibration,11.399,0.0142287
kamp_R_ket_rac,KET_R,Kamp 2020,arterial,calibration,11.419,0.0141818
kamp_R_ket_rac,KET_R,Kamp 2020,arterial,calibration,11.4391,0.0141349
kamp_R_ket_rac,KET_R,Kamp 2020,arterial,calibration,11.4591,0.0140883
kamp_R_ket_rac,KET_R,Kamp 2020,arterial,calibration,11.4791,0.0140418
kamp_R_ket_rac,KET_R,Kamp 2020,arterial,calibration,11.4992,0.0139954
kamp_R_ket_rac,KET_R,Kamp 2020,arterial,calibration,11.5192,0.0139492
kamp_R_ket_rac,KET_R,Kamp 2020,arterial,calibration,11.5392,0.0139032
kamp_R_ket_rac,KET_R,Kamp 2020,arterial,calibration,11.5593,0.0138573
kamp_R_ket_rac,KET_R,Kamp 2020,arterial,calibration,11.5793,0.0138115
kamp_R_ket_rac,KET_R,Kamp 2020,arterial,calibration,11.5993,0.0137659
kamp_R_ket_rac,KET_R,Kamp 2020,arterial,calibration,11.6194,0.0137205
kamp_R_ket_rac,KET_R,Kamp 2020,arterial,calibration,11.6394,0.0136752
kamp_R_ket_rac,KET_R,Kamp 2020,arterial,calibration,11.6594,0.0136301
kamp_R_ket_rac,KET_R,Kamp 2020,arterial,calibration,11.6795,0.0135851
kamp_R_ket_rac,KET_R,Kamp 2020,arterial,calibration,11.6995,0.0135402
kamp_R_ket_rac,KET_R,Kamp 2020,arterial,calibration,11.7195,0.0134955
kamp_R_ket_rac,KET_R,Kamp 2020,arterial,calibration,11.7396,0.013451
kamp_R_ket_rac,KET_R,Kamp 2020,arterial,calibration,11.7596,0.0134066
kamp_R_ket_rac,KET_R,Kamp 2020,arterial,calibration,11.7796,0.0133623
kamp_R_ket_rac,KET_R,Kamp 2020,arterial,calibration,11.7997,0.0133182
kamp_R_ket_rac,KET_R,Kamp 2020,arterial,calibration,11.8197,0.0132742
kamp_R_ket_rac,KET_R,Kamp 2020,arterial,calibration,11.8397,0.0132304
kamp_R_ket_rac,KET_R,Kamp 2020,arterial,calibration,11.8598,0.0131867
kamp_R_ket_rac,KET_R,Kamp 2020,arterial,calibration,11.8798,0.0131432
kamp_R_ket_rac,KET_R,Kamp 2020,arterial,calibration,11.8998,0.0130998
kamp_R_ket_rac,KET_R,Kamp 2020,arterial,calibration,11.9199,0.0130566
kamp_R_ket_rac,KET_R,Kamp 2020,arterial,calibration,11.9399,0.0130135
kamp_R_ket_rac,KET_R,Kamp 2020,arterial,calibration,11.9599,0.0129705
kamp_R_ket_rac,KET_R,Kamp 2020,arterial,calibration,11.98,0.0129277
kamp_R_ket_rac,KET_R,Kamp 2020,arterial,calibration,12,0.012885
kamp_S_nk_esk,NK_S,Kamp 2020,arterial,calibration,0,0
kamp_S_nk_esk,NK_S,Kamp 2020,arterial,calibration,0.0200334,3.72289e-05
kamp_S_nk_esk,NK_S,Kamp 2020,arterial,calibration,0.0400668,0.000143966
kamp_S_nk_esk,NK_S,Kamp 2020,arterial,calibration,0.0601002,0.000313279
kamp_S_nk_esk,NK_S,Kamp 2020,arterial,calibration,0.0801336,0.000538824
kamp_S_nk_esk,NK_S,Kamp 2020,arterial,calibration,0.100167,0.000814787
kamp_S_nk_esk,NK_S,Kamp 2020,arterial,calibration,0.1202,0.00113584
kamp_S_nk_esk,NK_S,Kamp 2020,arterial,calibration,0.140234,0.00149711
kamp_S_nk_esk,NK_S,Kamp 2020,arterial,calibration,0.160267,0.0018941
kamp_S_nk_esk,NK_S,Kamp 2020,arterial,calibration,0.180301,0.00232274
kamp_S_nk_esk,NK_S,Kamp 2020,arterial,calibration,0.200334,0.00277925
kamp_S_nk_esk,NK_S,Kamp 2020,arterial,calibration,0.220367,0.00326022
kamp_S_nk_esk,NK_S,Kamp 2020,arterial,calibration,0.240401,0.00376249
kamp_S_nk_esk,NK_S,Kamp 2020,arterial,calibration,0.260434,0.00428321
kamp_S_nk_esk,NK_S,Kamp 2020,arterial,calibration,0.280467,0.00481976
kamp_S_nk_esk,NK_S,Kamp 2020,arterial,calibration,0.300501,0.00536974
kamp_S_nk_esk,NK_S,Kamp 2020,arterial,calibration,0.320534,0.00593099
kamp_S_nk_esk,NK_S,Kamp 2020,arterial,calibration,0.340568,0.00650154
kamp_S_nk_esk,NK_S,Kamp 2020,arterial,calibration,0.360601,0.00707958
kamp_S_nk_esk,NK_S,Kamp 2020,arterial,calibration,0.380634,0.00766349
kamp_S_nk_esk,NK_S,Kamp 2020,arterial,calibration,0.400668,0.0082518
kamp_S_nk_esk,NK_S,Kamp 2020,arterial,calibration,0.420701,0.00884317
kamp_S_nk_esk,NK_S,Kamp 2020,arterial,calibration,0.440735,0.00943641
kamp_S_nk_esk,NK_S,Kamp 2020,arterial,calibration,0.460768,0.0100304
kamp_S_nk_esk,NK_S,Kamp 2020,arterial,calibration,0.480801,0.0106243
kamp_S_nk_esk,NK_S,Kamp 2020,arterial,calibration,0.500835,0.0112171
kamp_S_nk_esk,NK_S,Kamp 2020,arterial,calibration,0.520868,0.011808
kamp_S_nk_esk,NK_S,Kamp 2020,arterial,calibration,0.540902,0.0123965
kamp_S_nk_esk,NK_S,Kamp 2020,arterial,calibration,0.560935,0.0129818
kamp_S_nk_esk,NK_S,Kamp 2020,arterial,calibration,0.580968,0.0135635
kamp_S_nk_esk,NK_S,Kamp 2020,arterial,calibration,0.601002,0.014141
kamp_S_nk_esk,NK_S,Kamp 2020,arterial,calibration,0.621035,0.014714
kamp_S_nk_esk,NK_S,Kamp 2020,arterial,calibration,0.641068,0.015282
kamp_S_nk_esk,NK_S,Kamp 2020,arterial,calibration,0.661102,0.0158449
kamp_S_nk_esk,NK_S,Kamp 2020,arterial,calibration,0.681135,0.0164022
kamp_S_nk_esk,NK_S,Kamp 2020,arterial,calibration,0.701169,0.0169539
kamp_S_nk_esk,NK_S,Kamp 2020,arterial,calibration,0.721202,0.0174997
kamp_S_nk_esk,NK_S,Kamp 2020,arterial,calibration,0.741235,0.0180395
kamp_S_nk_esk,NK_S,Kamp 2020,arterial,calibration,0.761269,0.0185731
kamp_S_nk_esk,NK_S,Kamp 2020,arterial,calibration,0.781302,0.0191005
kamp_S_nk_esk,NK_S,Kamp 2020,arterial,calibration,0.801336,0.0196216
kamp_S_nk_esk,NK_S,Kamp 2020,arterial,calibration,0.821369,0.0201364
kamp_S_nk_esk,NK_S,Kamp 2020,arterial,calibration,0.841402,0.0206448
kamp_S_nk_esk,NK_S,Kamp 2020,arterial,calibration,0.861436,0.0211469
kamp_S_nk_esk,NK_S,Kamp 2020,arterial,calibration,0.881469,0.0216427
kamp_S_nk_esk,NK_S,Kamp 2020,arterial,calibration,0.901503,0.0221321
kamp_S_nk_esk,NK_S,Kamp 2020,arterial,calibration,0.921536,0.0226153
kamp_S_nk_esk,NK_S,Kamp 2020,arterial,calibration,0.941569,0.0230924
kamp_S_nk_esk,NK_S,Kamp 2020,arterial,calibration,0.961603,0.0235633
kamp_S_nk_esk,NK_S,Kamp 2020,arterial,calibration,0.981636,0.0240281
kamp_S_nk_esk,NK_S,Kamp 2020,arterial,calibration,1.00167,0.0244873
kamp_S_nk_esk,NK_S,Kamp 2020,arterial,calibration,1.0217,0.0249836
kamp_S_nk_esk,NK_S,Kamp 2020,arterial,calibration,1.04174,0.0255431
kamp_S_nk_esk,NK_S,Kamp 2020,arterial,calibration,1.06177,0.0261589
kamp_S_nk_esk,NK_S,Kamp 2020,arterial,calibration,1.0818,0.0268249
kamp_S_nk_esk,NK_S,Kamp 2020,arterial,calibration,1.10184,0.0275354
kamp_S_nk_esk,NK_S,Kamp 2020,arterial,calibration,1.12187,0.0282853
kamp_S_nk_esk,NK_S,Kamp 2020,arterial,calibration,1.1419,0.0290697
kamp_S_nk_esk,NK_S,Kamp 2020,arterial,calibration,1.16194,0.0298845
kamp_S_nk_esk,NK_S,Kamp 2020,arterial,calibration,1.18197,0.0307255
kamp_S_nk_esk,NK_S,Kamp 2020,arterial,calibration,1.202,0.0315893
kamp_S_nk_esk,NK_S,Kamp 2020,arterial,calibration,1.22204,0.0324726
kamp_S_nk_esk,NK_S,Kamp 2020,arterial,calibration,1.24207,0.0333723
kamp_S_nk_esk,NK_S,Kamp 2020,arterial,calibration,1.2621,0.0342857
kamp_S_nk_esk,NK_S,Kamp 2020,arterial,calibration,1.28214,0.0352103
kamp_S_nk_esk,NK_S,Kamp 2020,arterial,calibration,1.30217,0.036144
kamp_S_nk_esk,NK_S,Kamp 2020,arterial,calibration,1.3222,0.0370846
kamp_S_nk_esk,NK_S,Kamp 2020,arterial,calibration,1.34224,0.0380303
kamp_S_nk_esk,NK_S,Kamp 2020,arterial,calibration,1.36227,0.0389795
kamp_S_nk_esk,NK_S,Kamp 2020,arterial,calibration,1.3823,0.0399307
kamp_S_nk_esk,NK_S,Kamp 2020,arterial,calibration,1.40234,0.0408824
kamp_S_nk_esk,NK_S,Kamp 2020,arterial,calibration,1.42237,0.0418335
kamp_S_nk_esk,NK_S,Kamp 2020,arterial,calibration,1.4424,0.042783
kamp_S_nk_esk,NK_S,Kamp 2020,arterial,calibration,1.46244,0.0437298
kamp_S_nk_esk,NK_S,Kamp 2020,arterial,calibration,1.48247,0.0446731
kamp_S_nk_esk,NK_S,Kamp 2020,arterial,calibration,1.5025,0.0456121
kamp_S_nk_esk,NK_S,Kamp 2020,arterial,calibration,1.52254,0.0465462
kamp_S_nk_esk,NK_S,Kamp 2020,arterial,calibration,1.54257,0.0474748
kamp_S_nk_esk,NK_S,Kamp 2020,arterial,calibration,1.5626,0.0483974
kamp_S_nk_esk,NK_S,Kamp 2020,arterial,calibration,1.58264,0.0493135
kamp_S_nk_esk,NK_S,Kamp 2020,arterial,calibration,1.60267,0.0502227
kamp_S_nk_esk,NK_S,Kamp 2020,arterial,calibration,1.6227,0.0511248
kamp_S_nk_esk,NK_S,Kamp 2020,arterial,calibration,1.64274,0.0520195
kamp_S_nk_esk,NK_S,Kamp 2020,arterial,calibration,1.66277,0.0529065
kamp_S_nk_esk,NK_S,Kamp 2020,arterial,calibration,1.6828,0.0537857
kamp_S_nk_esk,NK_S,Kamp 2020,arterial,calibration,1.70284,0.054657
kamp_S_nk_esk,NK_S,Kamp 2020,arterial,calibration,1.72287,0.0555202
kamp_S_nk_esk,NK_S,Kamp 2020,arterial,calibration,1.7429,0.0563752
kamp_S_nk_esk,NK_S,Kamp 2020,arterial,calibration,1.76294,0.0572221
kamp_S_nk_esk,NK_S,Kamp 2020,arterial,calibration,1.78297,0.0580608
kamp_S_nk_esk,NK_S,Kamp 2020,arterial,calibration,1.80301,0.0588914
kamp_S_nk_esk,NK_S,Kamp 2020,arterial,calibration,1.82304,0.0597138
kamp_S_nk_esk,NK_S,Kamp 2020,arterial,calibration,1.84307,0.0605281
kamp_S_nk_esk,NK_S,Kamp 2020,arterial,calibration,1.86311,0.0613344
kamp_S_nk_esk,NK_S,Kamp 2020,arterial,calibration,1.88314,0.0621327
kamp_S_nk_esk,NK_S,Kamp 2020,arterial,calibration,1.90317,0.0629232
kamp_S_nk_esk,NK_S,Kamp 2020,arterial,calibration,1.92321,0.0637059
kamp_S_nk_esk,NK_S,Kamp 2020,arterial,calibration,1.94324,0.064481
kamp_S_nk_esk,NK_S,Kamp 2020,arterial,calibration,1.96327,0.0652485
kamp_S_nk_esk,NK_S,Kamp 2020,arterial,calibration,1.98331,0.0660087
kamp_S_nk_esk,NK_S,Kamp 2020,arterial,calibration,2.00334,0.0667638
kamp_S_nk_esk,NK_S,Kamp 2020,arterial,calibration,2.02337,0.0676118
kamp_S_nk_esk,NK_S,Kamp 2020,arterial,calibration,2.04341,0.0685944
kamp_S_nk_esk,NK_S,Kamp 2020,arterial,calibration,2.06344,0.0696974
kamp_S_nk_esk,NK_S,Kamp 2020,arterial,calibration,2.08347,0.0709083
kamp_S_nk_esk,NK_S,Kamp 2020,arterial,calibration,2.10351,0.0722151
kamp_S_nk_esk,NK_S,Kamp 2020,arterial,calibration,2.12354,0.0736072
kamp_S_nk_esk,NK_S,Kamp 2020,arterial,calibration,2.14357,0.0750749
kamp_S_nk_esk,NK_S,Kamp 2020,arterial,calibration,2.16361,0.076609
kamp_S_nk_esk,NK_S,Kamp 2020,arterial,calibration,2.18364,0.0782015
kamp_S_nk_esk,NK_S,Kamp 2020,arterial,calibration,2.20367,0.0798447
kamp_S_nk_esk,NK_S,Kamp 2020,arterial,calibration,2.22371,0.081532
kamp_S_nk_esk,NK_S,Kamp 2020,arterial,calibration,2.24374,0.0832569
kamp_S_nk_esk,NK_S,Kamp 2020,arterial,calibration,2.26377,0.0850138
kamp_S_nk_esk,NK_S,Kamp 2020,arterial,calibration,2.28381,0.0867975
kamp_S_nk_esk,NK_S,Kamp 2020,arterial,calibration,2.30384,0.0886033
kamp_S_nk_esk,NK_S,Kamp 2020,arterial,calibration,2.32387,0.090427
kamp_S_nk_esk,NK_S,Kamp 2020,arterial,calibration,2.34391,0.0922646
kamp_S_nk_esk,NK_S,Kamp 2020,arterial,calibration,2.36394,0.0941126
kamp_S_nk_esk,NK_S,Kamp 2020,arterial,calibration,2.38397,0.0959678
kamp_S_nk_esk,NK_S,Kamp 2020,arterial,calibration,2.40401,0.0978274
kamp_S_nk_esk,NK_S,Kamp 2020,arterial,calibration,2.42404,0.0996888
kamp_S_nk_esk,NK_S,Kamp 2020,arterial,calibration,2.44407,0.10155
kamp_S_nk_esk,NK_S,Kamp 2020,arterial,calibration,2.46411,0.103408
kamp_S_nk_esk,NK_S,Kamp 2020,arterial,calibration,2.48414,0.105262
kamp_S_nk_esk,NK_S,Kamp 2020,arterial,calibration,2.50417,0.10711
kamp_S_nk_esk,NK_S,Kamp 2020,arterial,calibration,2.52421,0.10895
kamp_S_nk_esk,NK_S,Kamp 2020,arterial,calibration,2.54424,0.110782
kamp_S_nk_esk,NK_S,Kamp 2020,arterial,calibration,2.56427,0.112603
kamp_S_nk_esk,NK_S,Kamp 2020,arterial,calibration,2.58431,0.114414
kamp_S_nk_esk,NK_S,Kamp 2020,arterial,calibration,2.60434,0.116213
kamp_S_nk_esk,NK_S,Kamp 2020,arterial,calibration,2.62437,0.117999
kamp_S_nk_esk,NK_S,Kamp 2020,arterial,calibration,2.64441,0.119772
kamp_S_nk_esk,NK_S,Kamp 2020,arterial,calibration,2.66444,0.121532
kamp_S_nk_esk,NK_S,Kamp 2020,arterial,calibration,2.68447,0.123278
kamp_S_nk_esk,NK_S,Kamp 2020,arterial,calibration,2.70451,0.125009
kamp_S_nk_esk,NK_S,Kamp 2020,arterial,calibration,2.72454,0.126725
kamp_S_nk_esk,NK_S,Kamp 2020,arterial,calibration,2.74457,0.128427
kamp_S_nk_esk,NK_S,Kamp 2020,arterial,calibration,2.76461,0.130113
kamp_S_nk_esk,NK_S,Kamp 2020,arterial,calibration,2.78464,0.131785
kamp_S_nk_esk,NK_S,Kamp 2020,arterial,calibration,2.80467,0.133441
kamp_S_nk_esk,NK_S,Kamp 2020,arterial,calibration,2.82471,0.135082
kamp_S_nk_esk,NK_S,Kamp 2020,arterial,calibration,2.84474,0.136708
kamp_S_nk_esk,NK_S,Kamp 2020,arterial,calibration,2.86477,0.138319
kamp_S_nk_esk,NK_S,Kamp 2020,arterial,calibration,2.88481,0.139915
kamp_S_nk_esk,NK_S,Kamp 2020,arterial,calibration,2.90484,0.141496
kamp_S_nk_esk,NK_S,Kamp 2020,arterial,calibration,2.92487,0.143063
kamp_S_nk_esk,NK_S,Kamp 2020,arterial,calibration,2.94491,0.144615
kamp_S_nk_esk,NK_S,Kamp 2020,arterial,calibration,2.96494,0.146153
kamp_S_nk_esk,NK_S,Kamp 2020,arterial,calibration,2.98497,0.147677
kamp_S_nk_esk,NK_S,Kamp 2020,arterial,calibration,3.00501,0.149178
kamp_S_nk_esk,NK_S,Kamp 2020,arterial,calibration,3.02504,0.150449
kamp_S_nk_esk,NK_S,Kamp 2020,arterial,calibration,3.04508,0.151432
kamp_S_nk_esk,NK_S,Kamp 2020,arterial,calibration,3.06511,0.152154
kamp_S_nk_esk,NK_S,Kamp 2020,arterial,calibration,3.08514,0.15264
kamp_S_nk_esk,NK_S,Kamp 2020,arterial,calibration,3.10518,0.152914
kamp_S_nk_esk,NK_S,Kamp 2020,arterial,calibration,3.12521,0.152997
kamp_S_nk_esk,NK_S,Kamp 2020,arterial,calibration,3.14524,0.15291
kamp_S_nk_esk,NK_S,Kamp 2020,arterial,calibration,3.16528,0.152669
kamp_S_nk_esk,NK_S,Kamp 2020,arterial,calibration,3.18531,0.152293
kamp_S_nk_esk,NK_S,Kamp 2020,arterial,calibration,3.20534,0.151796
kamp_S_nk_esk,NK_S,Kamp 2020,arterial,calibration,3.22538,0.151191
kamp_S_nk_esk,NK_S,Kamp 2020,arterial,calibration,3.24541,0.150493
kamp_S_nk_esk,NK_S,Kamp 2020,arterial,calibration,3.26544,0.149712
kamp_S_nk_esk,NK_S,Kamp 2020,arterial,calibration,3.28548,0.14886
kamp_S_nk_esk,NK_S,Kamp 2020,arterial,calibration,3.30551,0.147945
kamp_S_nk_esk,NK_S,Kamp 2020,arterial,calibration,3.32554,0.146978
kamp_S_nk_esk,NK_S,Kamp 2020,arterial,calibration,3.34558,0.145965
kamp_S_nk_esk,NK_S,Kamp 2020,arterial,calibration,3.36561,0.144915
kamp_S_nk_esk,NK_S,Kamp 2020,arterial,calibration,3.38564,0.143834
kamp_S_nk_esk,NK_S,Kamp 2020,arterial,calibration,3.40568,0.142729
kamp_S_nk_esk,NK_S,Kamp 2020,arterial,calibration,3.42571,0.141604
kamp_S_nk_esk,NK_S,Kamp 2020,arterial,calibration,3.44574,0.140465
kamp_S_nk_esk,NK_S,Kamp 2020,arterial,calibration,3.46578,0.139316
kamp_S_nk_esk,NK_S,Kamp 2020,arterial,calibration,3.48581,0.138162
kamp_S_nk_esk,NK_S,Kamp 2020,arterial,calibration,3.50584,0.137006
kamp_S_nk_esk,NK_S,Kamp 2020,arterial,calibration,3.52588,0.135852
kamp_S_nk_esk,NK_S,Kamp 2020,arterial,calibration,3.54591,0.134701
kamp_S_nk_esk,NK_S,Kamp 2020,arterial,calibration,3.56594,0.133558
kamp_S_nk_esk,NK_S,Kamp 2020,arterial,calibration,3.58598,0.132424
kamp_S_nk_esk,NK_S,Kamp 2020,arterial,calibration,3.60601,0.131302
kamp_S_nk_esk,NK_S,Kamp 2020,arterial,calibration,3.62604,0.130193
kamp_S_nk_esk,NK_S,Kamp 2020,arterial,calibration,3.64608,0.129098
kamp_S_nk_esk,NK_S,Kamp 2020,arterial,calibration,3.66611,0.12802
kamp_S_nk_esk,NK_S,Kamp 2020,arterial,calibration,3.68614,0.126959
kamp_S_nk_esk,NK_S,Kamp 2020,arterial,calibration,3.70618,0.125917
kamp_S_nk_esk,NK_S,Kamp 2020,arterial,calibration,3.72621,0.124893
kamp_S_nk_esk,NK_S,Kamp 2020,arterial,calibration,3.74624,0.12389
kamp_S_nk_esk,NK_S,Kamp 2020,arterial,calibration,3.76628,0.122908
kamp_S_nk_esk,NK_S,Kamp 2020,arterial,calibration,3.78631,0.121947
kamp_S_nk_esk,NK_S,Kamp 2020,arterial,calibration,3.80634,0.121007
kamp_S_nk_esk,NK_S,Kamp 2020,arterial,calibration,3.82638,0.120089
kamp_S_nk_esk,NK_S,Kamp 2020,arterial,calibration,3.84641,0.119194
kamp_S_nk_esk,NK_S,Kamp 2020,arterial,calibration,3.86644,0.11832
kamp_S_nk_esk,NK_S,Kamp 2020,arterial,calibration,3.88648,0.117468
kamp_S_nk_esk,NK_S,Kamp 2020,arterial,calibration,3.90651,0.116639
kamp_S_nk_esk,NK_S,Kamp 2020,arterial,calibration,3.92654,0.115832
kamp_S_nk_esk,NK_S,Kamp 2020,arterial,calibration,3.94658,0.115047
kamp_S_nk_esk,NK_S,Kamp 2020,arterial,calibration,3.96661,0.114283
kamp_S_nk_esk,NK_S,Kamp 2020,arterial,calibration,3.98664,0.113541
kamp_S_nk_esk,NK_S,Kamp 2020,arterial,calibration,4.00668,0.112821
kamp_S_nk_esk,NK_S,Kamp 2020,arterial,calibration,4.02671,0.112122
kamp_S_nk_esk,NK_S,Kamp 2020,arterial,calibration,4.04674,0.111443
kamp_S_nk_esk,NK_S,Kamp 2020,arterial,calibration,4.06678,0.110785
kamp_S_nk_esk,NK_S,Kamp 2020,arterial,calibration,4.08681,0.110147
kamp_S_nk_esk,NK_S,Kamp 2020,arterial,calibration,4.10684,0.109528
kamp_S_nk_esk,NK_S,Kamp 2020,arterial,calibration,4.12688,0.108929
kamp_S_nk_esk,NK_S,Kamp 2020,arterial,calibration,4.14691,0.10835
kamp_S_nk_esk,NK_S,Kamp 2020,arterial,calibration,4.16694,0.107788
kamp_S_nk_esk,NK_S,Kamp 2020,arterial,calibration,4.18698,0.107245
kamp_S_nk_esk,NK_S,Kamp 2020,arterial,calibration,4.20701,0.106719
kamp_S_nk_esk,NK_S,Kamp 2020,arterial,calibration,4.22705,0.106211
kamp_S_nk_esk,NK_S,Kamp 2020,arterial,calibration,4.24708,0.10572
kamp_S_nk_esk,NK_S,Kamp 2020,arterial,calibration,4.26711,0.105245
kamp_S_nk_esk,NK_S,Kamp 2020,arterial,calibration,4.28715,0.104787
kamp_S_nk_esk,NK_S,Kamp 2020,arterial,calibration,4.30718,0.104344
kamp_S_nk_esk,NK_S,Kamp 2020,arterial,calibration,4.32721,0.103916
kamp_S_nk_esk,NK_S,Kamp 2020,arterial,calibration,4.34725,0.103503
kamp_S_nk_esk,NK_S,Kamp 2020,arterial,calibration,4.36728,0.103105
kamp_S_nk_esk,NK_S,Kamp 2020,arterial,calibration,4.38731,0.10272
kamp_S_nk_esk,NK_S,Kamp 2020,arterial,calibration,4.40735,0.102349
kamp_S_nk_esk,NK_S,Kamp 2020,arterial,calibration,4.42738,0.101991
kamp_S_nk_esk,NK_S,Kamp 2020,arterial,calibration,4.44741,0.101647
kamp_S_nk_esk,NK_S,Kamp 2020,arterial,calibration,4.46745,0.101314
kamp_S_nk_esk,NK_S,Kamp 2020,arterial,calibration,4.48748,0.100994
kamp_S_nk_esk,NK_S,Kamp 2020,arterial,calibration,4.50751,0.100685
kamp_S_nk_esk,NK_S,Kamp 2020,arterial,calibration,4.52755,0.100388
kamp_S_nk_esk,NK_S,Kamp 2020,arterial,calibration,4.54758,0.100102
kamp_S_nk_esk,NK_S,Kamp 2020,arterial,calibration,4.56761,0.0998258
kamp_S_nk_esk,NK_S,Kamp 2020,arterial,calibration,4.58765,0.0995604
kamp_S_nk_esk,NK_S,Kamp 2020,arterial,calibration,4.60768,0.0993049
kamp_S_nk_esk,NK_S,Kamp 2020,arterial,calibration,4.62771,0.0990591
kamp_S_nk_esk,NK_S,Kamp 2020,arterial,calibration,4.64775,0.0988225
kamp_S_nk_esk,NK_S,Kamp 2020,arterial,calibration,4.66778,0.098595
kamp_S_nk_esk,NK_S,Kamp 2020,arterial,calibration,4.68781,0.0983762
kamp_S_nk_esk,NK_S,Kamp 2020,arterial,calibration,4.70785,0.0981658
kamp_S_nk_esk,NK_S,Kamp 2020,arterial,calibration,4.72788,0.0979636
kamp_S_nk_esk,NK_S,Kamp 2020,arterial,calibration,4.74791,0.0977692
kamp_S_nk_esk,NK_S,Kamp 2020,arterial,calibration,4.76795,0.0975824
kamp_S_nk_esk,NK_S,Kamp 2020,arterial,calibration,4.78798,0.0974029
kamp_S_nk_esk,NK_S,Kamp 2020,arterial,calibration,4.80801,0.0972305
kamp_S_nk_esk,NK_S,Kamp 2020,arterial,calibration,4.82805,0.0970649
kamp_S_nk_esk,NK_S,Kamp 2020,arterial,calibration,4.84808,0.096906
kamp_S_nk_esk,NK_S,Kamp 2020,arterial,calibration,4.86811,0.0967533
kamp_S_nk_esk,NK_S,Kamp 2020,arterial,calibration,4.88815,0.0966068
kamp_S_nk_esk,NK_S,Kamp 2020,arterial,calibration,4.90818,0.0964662
kamp_S_nk_esk,NK_S,Kamp 2020,arterial,calibration,4.92821,0.0963313
kamp_S_nk_esk,NK_S,Kamp 2020,arterial,calibration,4.94825,0.096202
kamp_S_nk_esk,NK_S,Kamp 2020,arterial,calibration,4.96828,0.0960779
kamp_S_nk_esk,NK_S,Kamp 2020,arterial,calibration,4.98831,0.0959589
kamp_S_nk_esk,NK_S,Kamp 2020,arterial,calibration,5.00835,0.0958448
kamp_S_nk_esk,NK_S,Kamp 2020,arterial,calibration,5.02838,0.0957355
kamp_S_nk_esk,NK_S,Kamp 2020,arterial,calibration,5.04841,0.0956307
kamp_S_nk_esk,NK_S,Kamp 2020,arterial,calibration,5.06845,0.0955303
kamp_S_nk_esk,NK_S,Kamp 2020,arterial,calibration,5.08848,0.0954342
kamp_S_nk_esk,NK_S,Kamp 2020,arterial,calibration,5.10851,0.0953421
kamp_S_nk_esk,NK_S,Kamp 2020,arterial,calibration,5.12855,0.095254
kamp_S_nk_esk,NK_S,Kamp 2020,arterial,calibration,5.14858,0.0951696
kamp_S_nk_esk,NK_S,Kamp 2020,arterial,calibration,5.16861,0.0950889
kamp_S_nk_esk,NK_S,Kamp 2020,arterial,calibration,5.18865,0.0950116
kamp_S_nk_esk,NK_S,Kamp 2020,arterial,calibration,5.20868,0.0949377
kamp_S_nk_esk,NK_S,Kamp 2020,arterial,calibration,5.22871,0.0948671
kamp_S_nk_esk,NK_S,Kamp 2020,arterial,calibration,5.24875,0.0947995
kamp_S_nk_esk,NK_S,Kamp 2020,arterial,calibration,5.26878,0.094735
kamp_S_nk_esk,NK_S,Kamp 2020,arterial,calibration,5.28881,0.0946733
kamp_S_nk_esk,NK_S,Kamp 2020,arterial,calibration,5.30885,0.0946144
kamp_S_nk_esk,NK_S,Kamp 2020,arterial,calibration,5.32888,0.0945581
kamp_S_nk_esk,NK_S,Kamp 2020,arterial,calibration,5.34891,0.0945044
kamp_S_nk_esk,NK_S,Kamp 2020,arterial,calibration,5.36895,0.0944532
kamp_S_nk_esk,NK_S,Kamp 2020,arterial,calibration,5.38898,0.0944043
kamp_S_nk_esk,NK_S,Kamp 2020,arterial,calibration,5.40902,0.0943576
kamp_S_nk_esk,NK_S,Kamp 2020,arterial,calibration,5.42905,0.0943132
kamp_S_nk_esk,NK_S,Kamp 2020,arterial,calibration,5.44908,0.0942708
kamp_S_nk_esk,NK_S,Kamp 2020,arterial,calibration,5.46912,0.0942304
kamp_S_nk_esk,NK_S,Kamp 2020,arterial,calibration,5.48915,0.0941919
kamp_S_nk_esk,NK_S,Kamp 2020,arterial,calibration,5.50918,0.0941553
kamp_S_nk_esk,NK_S,Kamp 2020,arterial,calibration,5.52922,0.0941204
kamp_S_nk_esk,NK_S,Kamp 2020,arterial,calibration,5.54925,0.0940873
kamp_S_nk_esk,NK_S,Kamp 2020,arterial,calibration,5.56928,0.0940557
kamp_S_nk_esk,NK_S,Kamp 2020,arterial,calibration,5.58932,0.0940258
kamp_S_nk_esk,NK_S,Kamp 2020,arterial,calibration,5.60935,0.0939973
kamp_S_nk_esk,NK_S,Kamp 2020,arterial,calibration,5.62938,0.0939702
kamp_S_nk_esk,NK_S,Kamp 2020,arterial,calibration,5.64942,0.0939445
kamp_S_nk_esk,NK_S,Kamp 2020,arterial,calibration,5.66945,0.0939202
kamp_S_nk_esk,NK_S,Kamp 2020,arterial,calibration,5.68948,0.0938971
kamp_S_nk_esk,NK_S,Kamp 2020,arterial,calibration,5.70952,0.0938751
kamp_S_nk_esk,NK_S,Kamp 2020,arterial,calibration,5.72955,0.0938544
kamp_S_nk_esk,NK_S,Kamp 2020,arterial,calibration,5.74958,0.0938347
kamp_S_nk_esk,NK_S,Kamp 2020,arterial,calibration,5.76962,0.0938161
kamp_S_nk_esk,NK_S,Kamp 2020,arterial,calibration,5.78965,0.0937986
kamp_S_nk_esk,NK_S,Kamp 2020,arterial,calibration,5.80968,0.0937819
kamp_S_nk_esk,NK_S,Kamp 2020,arterial,calibration,5.82972,0.0937662
kamp_S_nk_esk,NK_S,Kamp 2020,arterial,calibration,5.84975,0.0937514
kamp_S_nk_esk,NK_S,Kamp 2020,arterial,calibration,5.86978,0.0937374
kamp_S_nk_esk,NK_S,Kamp 2020,arterial,calibration,5.88982,0.0937242
kamp_S_nk_esk,NK_S,Kamp 2020,arterial,calibration,5.90985,0.0937118
kamp_S_nk_esk,NK_S,Kamp 2020,arterial,calibration,5.92988,0.0937002
kamp_S_nk_esk,NK_S,Kamp 2020,arterial,calibration,5.94992,0.0936892
kamp_S_nk_esk,NK_S,Kamp 2020,arterial,calibration,5.96995,0.0936789
kamp_S_nk_esk,NK_S,Kamp 2020,arterial,calibration,5.98998,0.0936692
kamp_S_nk_esk,NK_S,Kamp 2020,arterial,calibration,6.01002,0.0936601
kamp_S_nk_esk,NK_S,Kamp 2020,arterial,calibration,6.03005,0.0936516
kamp_S_nk_esk,NK_S,Kamp 2020,arterial,calibration,6.05008,0.0936436
kamp_S_nk_esk,NK_S,Kamp 2020,arterial,calibration,6.07012,0.0936362
kamp_S_nk_esk,NK_S,Kamp 2020,arterial,calibration,6.09015,0.0936292
kamp_S_nk_esk,NK_S,Kamp 2020,arterial,calibration,6.11018,0.0936227
kamp_S_nk_esk,NK_S,Kamp 2020,arterial,calibration,6.13022,0.0936167
kamp_S_nk_esk,NK_S,Kamp 2020,arterial,calibration,6.15025,0.0936111
kamp_S_nk_esk,NK_S,Kamp 2020,arterial,calibration,6.17028,0.0936059
kamp_S_nk_esk,NK_S,Kamp 2020,arterial,calibration,6.19032,0.093601
kamp_S_nk_esk,NK_S,Kamp 2020,arterial,calibration,6.21035,0.0935966
kamp_S_nk_esk,NK_S,Kamp 2020,arterial,calibration,6.23038,0.0935924
kamp_S_nk_esk,NK_S,Kamp 2020,arterial,calibration,6.25042,0.0935886
kamp_S_nk_esk,NK_S,Kamp 2020,arterial,calibration,6.27045,0.0935851
kamp_S_nk_esk,NK_S,Kamp 2020,arterial,calibration,6.29048,0.0935818
kamp_S_nk_esk,NK_S,Kamp 2020,arterial,calibration,6.31052,0.0935788
kamp_S_nk_esk,NK_S,Kamp 2020,arterial,calibration,6.33055,0.0935761
kamp_S_nk_esk,NK_S,Kamp 2020,arterial,calibration,6.35058,0.0935736
kamp_S_nk_esk,NK_S,Kamp 2020,arterial,calibration,6.37062,0.0935714
kamp_S_nk_esk,NK_S,Kamp 2020,arterial,calibration,6.39065,0.0935693
kamp_S_nk_esk,NK_S,Kamp 2020,arterial,calibration,6.41068,0.0935674
kamp_S_nk_esk,NK_S,Kamp 2020,arterial,calibration,6.43072,0.0935657
kamp_S_nk_esk,NK_S,Kamp 2020,arterial,calibration,6.45075,0.0935642
kamp_S_nk_esk,NK_S,Kamp 2020,arterial,calibration,6.47078,0.0935628
kamp_S_nk_esk,NK_S,Kamp 2020,arterial,calibration,6.49082,0.0935616
kamp_S_nk_esk,NK_S,Kamp 2020,arterial,calibration,6.51085,0.0935605
kamp_S_nk_esk,NK_S,Kamp 2020,arterial,calibration,6.53088,0.0935595
kamp_S_nk_esk,NK_S,Kamp 2020,arterial,calibration,6.55092,0.0935586
kamp_S_nk_esk,NK_S,Kamp 2020,arterial,calibration,6.57095,0.0935579
kamp_S_nk_esk,NK_S,Kamp 2020,arterial,calibration,6.59098,0.0935572
kamp_S_nk_esk,NK_S,Kamp 2020,arterial,calibration,6.61102,0.0935566
kamp_S_nk_esk,NK_S,Kamp 2020,arterial,calibration,6.63105,0.0935561
kamp_S_nk_esk,NK_S,Kamp 2020,arterial,calibration,6.65109,0.0935556
kamp_S_nk_esk,NK_S,Kamp 2020,arterial,calibration,6.67112,0.0935552
kamp_S_nk_esk,NK_S,Kamp 2020,arterial,calibration,6.69115,0.0935548
kamp_S_nk_esk,NK_S,Kamp 2020,arterial,calibration,6.71119,0.0935545
kamp_S_nk_esk,NK_S,Kamp 2020,arterial,calibration,6.73122,0.0935542
kamp_S_nk_esk,NK_S,Kamp 2020,arterial,calibration,6.75125,0.0935539
kamp_S_nk_esk,NK_S,Kamp 2020,arterial,calibration,6.77129,0.0935537
kamp_S_nk_esk,NK_S,Kamp 2020,arterial,calibration,6.79132,0.0935535
kamp_S_nk_esk,NK_S,Kamp 2020,arterial,calibration,6.81135,0.0935533
kamp_S_nk_esk,NK_S,Kamp 2020,arterial,calibration,6.83139,0.093553
kamp_S_nk_esk,NK_S,Kamp 2020,arterial,calibration,6.85142,0.0935528
kamp_S_nk_esk,NK_S,Kamp 2020,arterial,calibration,6.87145,0.0935526
kamp_S_nk_esk,NK_S,Kamp 2020,arterial,calibration,6.89149,0.0935523
kamp_S_nk_esk,NK_S,Kamp 2020,arterial,calibration,6.91152,0.0935521
kamp_S_nk_esk,NK_S,Kamp 2020,arterial,calibration,6.93155,0.0935518
kamp_S_nk_esk,NK_S,Kamp 2020,arterial,calibration,6.95159,0.0935515
kamp_S_nk_esk,NK_S,Kamp 2020,arterial,calibration,6.97162,0.0935511
kamp_S_nk_esk,NK_S,Kamp 2020,arterial,calibration,6.99165,0.0935507
kamp_S_nk_esk,NK_S,Kamp 2020,arterial,calibration,7.01169,0.0935503
kamp_S_nk_esk,NK_S,Kamp 2020,arterial,calibration,7.03172,0.0935498
kamp_S_nk_esk,NK_S,Kamp 2020,arterial,calibration,7.05175,0.0935493
kamp_S_nk_esk,NK_S,Kamp 2020,arterial,calibration,7.07179,0.0935487
kamp_S_nk_esk,NK_S,Kamp 2020,arterial,calibration,7.09182,0.0935481
kamp_S_nk_esk,NK_S,Kamp 2020,arterial,calibration,7.11185,0.0935474
kamp_S_nk_esk,NK_S,Kamp 2020,arterial,calibration,7.13189,0.0935467
kamp_S_nk_esk,NK_S,Kamp 2020,arterial,calibration,7.15192,0.0935459
kamp_S_nk_esk,NK_S,Kamp 2020,arterial,calibration,7.17195,0.093545
kamp_S_nk_esk,NK_S,Kamp 2020,arterial,calibration,7.19199,0.0935441
kamp_S_nk_esk,NK_S,Kamp 2020,arterial,calibration,7.21202,0.0935431
kamp_S_nk_esk,NK_S,Kamp 2020,arterial,calibration,7.23205,0.093542
kamp_S_nk_esk,NK_S,Kamp 2020,arterial,calibration,7.25209,0.0935408
kamp_S_nk_esk,NK_S,Kamp 2020,arterial,calibration,7.27212,0.0935396
kamp_S_nk_esk,NK_S,Kamp 2020,arterial,calibration,7.29215,0.0935383
kamp_S_nk_esk,NK_S,Kamp 2020,arterial,calibration,7.31219,0.0935369
kamp_S_nk_esk,NK_S,Kamp 2020,arterial,calibration,7.33222,0.0935354
kamp_S_nk_esk,NK_S,Kamp 2020,arterial,calibration,7.35225,0.0935338
kamp_S_nk_esk,NK_S,Kamp 2020,arterial,calibration,7.37229,0.0935322
kamp_S_nk_esk,NK_S,Kamp 2020,arterial,calibration,7.39232,0.0935304
kamp_S_nk_esk,NK_S,Kamp 2020,arterial,calibration,7.41235,0.0935286
kamp_S_nk_esk,NK_S,Kamp 2020,arterial,calibration,7.43239,0.0935266
kamp_S_nk_esk,NK_S,Kamp 2020,arterial,calibration,7.45242,0.0935246
kamp_S_nk_esk,NK_S,Kamp 2020,arterial,calibration,7.47245,0.0935225
kamp_S_nk_esk,NK_S,Kamp 2020,arterial,calibration,7.49249,0.0935203
kamp_S_nk_esk,NK_S,Kamp 2020,arterial,calibration,7.51252,0.093518
kamp_S_nk_esk,NK_S,Kamp 2020,arterial,calibration,7.53255,0.0935156
kamp_S_nk_esk,NK_S,Kamp 2020,arterial,calibration,7.55259,0.0935131
kamp_S_nk_esk,NK_S,Kamp 2020,arterial,calibration,7.57262,0.0935104
kamp_S_nk_esk,NK_S,Kamp 2020,arterial,calibration,7.59265,0.0935077
kamp_S_nk_esk,NK_S,Kamp 2020,arterial,calibration,7.61269,0.0935049
kamp_S_nk_esk,NK_S,Kamp 2020,arterial,calibration,7.63272,0.093502
kamp_S_nk_esk,NK_S,Kamp 2020,arterial,calibration,7.65275,0.093499
kamp_S_nk_esk,NK_S,Kamp 2020,arterial,calibration,7.67279,0.0934959
kamp_S_nk_esk,NK_S,Kamp 2020,arterial,calibration,7.69282,0.0934926
kamp_S_nk_esk,NK_S,Kamp 2020,arterial,calibration,7.71285,0.0934893
kamp_S_nk_esk,NK_S,Kamp 2020,arterial,calibration,7.73289,0.0934859
kamp_S_nk_esk,NK_S,Kamp 2020,arterial,calibration,7.75292,0.0934823
kamp_S_nk_esk,NK_S,Kamp 2020,arterial,calibration,7.77295,0.0934787
kamp_S_nk_esk,NK_S,Kamp 2020,arterial,calibration,7.79299,0.0934749
kamp_S_nk_esk,NK_S,Kamp 2020,arterial,calibration,7.81302,0.0934711
kamp_S_nk_esk,NK_S,Kamp 2020,arterial,calibration,7.83306,0.0934671
kamp_S_nk_esk,NK_S,Kamp 2020,arterial,calibration,7.85309,0.093463
kamp_S_nk_esk,NK_S,Kamp 2020,arterial,calibration,7.87312,0.0934588
kamp_S_nk_esk,NK_S,Kamp 2020,arterial,calibration,7.89316,0.0934545
kamp_S_nk_esk,NK_S,Kamp 2020,arterial,calibration,7.91319,0.0934501
kamp_S_nk_esk,NK_S,Kamp 2020,arterial,calibration,7.93322,0.0934456
kamp_S_nk_esk,NK_S,Kamp 2020,arterial,calibration,7.95326,0.0934409
kamp_S_nk_esk,NK_S,Kamp 2020,arterial,calibration,7.97329,0.0934362
kamp_S_nk_esk,NK_S,Kamp 2020,arterial,calibration,7.99332,0.0934313
kamp_S_nk_esk,NK_S,Kamp 2020,arterial,calibration,8.01336,0.0934264
kamp_S_nk_esk,NK_S,Kamp 2020,arterial,calibration,8.03339,0.0934213
kamp_S_nk_esk,NK_S,Kamp 2020,arterial,calibration,8.05342,0.0934161
kamp_S_nk_esk,NK_S,Kamp 2020,arterial,calibration,8.07346,0.0934108
kamp_S_nk_esk,NK_S,Kamp 2020,arterial,calibration,8.09349,0.0934054
kamp_S_nk_esk,NK_S,Kamp 2020,arterial,calibration,8.11352,0.0933999
kamp_S_nk_esk,NK_S,Kamp 2020,arterial,calibration,8.13356,0.0933942
kamp_S_nk_esk,NK_S,Kamp 2020,arterial,calibration,8.15359,0.0933885
kamp_S_nk_esk,NK_S,Kamp 2020,arterial,calibration,8.17362,0.0933826
kamp_S_nk_esk,NK_S,Kamp 2020,arterial,calibration,8.19366,0.0933767
kamp_S_nk_esk,NK_S,Kamp 2020,arterial,calibration,8.21369,0.0933706
kamp_S_nk_esk,NK_S,Kamp 2020,arterial,calibration,8.23372,0.0933644
kamp_S_nk_esk,NK_S,Kamp 2020,arterial,calibration,8.25376,0.0933581
kamp_S_nk_esk,NK_S,Kamp 2020,arterial,calibration,8.27379,0.0933517
kamp_S_nk_esk,NK_S,Kamp 2020,arterial,calibration,8.29382,0.0933452
kamp_S_nk_esk,NK_S,Kamp 2020,arterial,calibration,8.31386,0.0933385
kamp_S_nk_esk,NK_S,Kamp 2020,arterial,calibration,8.33389,0.0933318
kamp_S_nk_esk,NK_S,Kamp 2020,arterial,calibration,8.35392,0.093325
kamp_S_nk_esk,NK_S,Kamp 2020,arterial,calibration,8.37396,0.093318
kamp_S_nk_esk,NK_S,Kamp 2020,arterial,calibration,8.39399,0.0933109
kamp_S_nk_esk,NK_S,Kamp 2020,arterial,calibration,8.41402,0.0933037
kamp_S_nk_esk,NK_S,Kamp 2020,arterial,calibration,8.43406,0.0932964
kamp_S_nk_esk,NK_S,Kamp 2020,arterial,calibration,8.45409,0.093289
kamp_S_nk_esk,NK_S,Kamp 2020,arterial,calibration,8.47412,0.0932815
kamp_S_nk_esk,NK_S,Kamp 2020,arterial,calibration,8.49416,0.0932739
kamp_S_nk_esk,NK_S,Kamp 2020,arterial,calibration,8.51419,0.0932662
kamp_S_nk_esk,NK_S,Kamp 2020,arterial,calibration,8.53422,0.0932584
kamp_S_nk_esk,NK_S,Kamp 2020,arterial,calibration,8.55426,0.0932504
kamp_S_nk_esk,NK_S,Kamp 2020,arterial,calibration,8.57429,0.0932424
kamp_S_nk_esk,NK_S,Kamp 2020,arterial,calibration,8.59432,0.0932342
kamp_S_nk_esk,NK_S,Kamp 2020,arterial,calibration,8.61436,0.0932259
kamp_S_nk_esk,NK_S,Kamp 2020,arterial,calibration,8.63439,0.0932175
kamp_S_nk_esk,NK_S,Kamp 2020,arterial,calibration,8.65442,0.0932091
kamp_S_nk_esk,NK_S,Kamp 2020,arterial,calibration,8.67446,0.0932005
kamp_S_nk_esk,NK_S,Kamp 2020,arterial,calibration,8.69449,0.0931918
kamp_S_nk_esk,NK_S,Kamp 2020,arterial,calibration,8.71452,0.093183
kamp_S_nk_esk,NK_S,Kamp 2020,arterial,calibration,8.73456,0.0931741
kamp_S_nk_esk,NK_S,Kamp 2020,arterial,calibration,8.75459,0.093165
kamp_S_nk_esk,NK_S,Kamp 2020,arterial,calibration,8.77462,0.0931559
kamp_S_nk_esk,NK_S,Kamp 2020,arterial,calibration,8.79466,0.0931467
kamp_S_nk_esk,NK_S,Kamp 2020,arterial,calibration,8.81469,0.0931374
kamp_S_nk_esk,NK_S,Kamp 2020,arterial,calibration,8.83472,0.0931279
kamp_S_nk_esk,NK_S,Kamp 2020,arterial,calibration,8.85476,0.0931184
kamp_S_nk_esk,NK_S,Kamp 2020,arterial,calibration,8.87479,0.0931087
kamp_S_nk_esk,NK_S,Kamp 2020,arterial,calibration,8.89482,0.093099
kamp_S_nk_esk,NK_S,Kamp 2020,arterial,calibration,8.91486,0.0930891
kamp_S_nk_esk,NK_S,Kamp 2020,arterial,calibration,8.93489,0.0930792
kamp_S_nk_esk,NK_S,Kamp 2020,arterial,calibration,8.95492,0.0930691
kamp_S_nk_esk,NK_S,Kamp 2020,arterial,calibration,8.97496,0.093059
kamp_S_nk_esk,NK_S,Kamp 2020,arterial,calibration,8.99499,0.0930487
kamp_S_nk_esk,NK_S,Kamp 2020,arterial,calibration,9.01503,0.0930383
kamp_S_nk_esk,NK_S,Kamp 2020,arterial,calibration,9.03506,0.0930279
kamp_S_nk_esk,NK_S,Kamp 2020,arterial,calibration,9.05509,0.0930173
kamp_S_nk_esk,NK_S,Kamp 2020,arterial,calibration,9.07513,0.0930066
kamp_S_nk_esk,NK_S,Kamp 2020,arterial,calibration,9.09516,0.0929959
kamp_S_nk_esk,NK_S,Kamp 2020,arterial,calibration,9.11519,0.092985
kamp_S_nk_esk,NK_S,Kamp 2020,arterial,calibration,9.13523,0.092974
kamp_S_nk_esk,NK_S,Kamp 2020,arterial,calibration,9.15526,0.092963
kamp_S_nk_esk,NK_S,Kamp 2020,arterial,calibration,9.17529,0.0929518
kamp_S_nk_esk,NK_S,Kamp 2020,arterial,calibration,9.19533,0.0929405
kamp_S_nk_esk,NK_S,Kamp 2020,arterial,calibration,9.21536,0.0929292
kamp_S_nk_esk,NK_S,Kamp 2020,arterial,calibration,9.23539,0.0929177
kamp_S_nk_esk,NK_S,Kamp 2020,arterial,calibration,9.25543,0.0929062
kamp_S_nk_esk,NK_S,Kamp 2020,arterial,calibration,9.27546,0.0928945
kamp_S_nk_esk,NK_S,Kamp 2020,arterial,calibration,9.29549,0.0928827
kamp_S_nk_esk,NK_S,Kamp 2020,arterial,calibration,9.31553,0.0928709
kamp_S_nk_esk,NK_S,Kamp 2020,arterial,calibration,9.33556,0.0928589
kamp_S_nk_esk,NK_S,Kamp 2020,arterial,calibration,9.35559,0.0928469
kamp_S_nk_esk,NK_S,Kamp 2020,arterial,calibration,9.37563,0.0928348
kamp_S_nk_esk,NK_S,Kamp 2020,arterial,calibration,9.39566,0.0928225
kamp_S_nk_esk,NK_S,Kamp 2020,arterial,calibration,9.41569,0.0928102
kamp_S_nk_esk,NK_S,Kamp 2020,arterial,calibration,9.43573,0.0927978
kamp_S_nk_esk,NK_S,Kamp 2020,arterial,calibration,9.45576,0.0927853
kamp_S_nk_esk,NK_S,Kamp 2020,arterial,calibration,9.47579,0.0927727
kamp_S_nk_esk,NK_S,Kamp 2020,arterial,calibration,9.49583,0.0927599
kamp_S_nk_esk,NK_S,Kamp 2020,arterial,calibration,9.51586,0.0927471
kamp_S_nk_esk,NK_S,Kamp 2020,arterial,calibration,9.53589,0.0927343
kamp_S_nk_esk,NK_S,Kamp 2020,arterial,calibration,9.55593,0.0927213
kamp_S_nk_esk,NK_S,Kamp 2020,arterial,calibration,9.57596,0.0927082
kamp_S_nk_esk,NK_S,Kamp 2020,arterial,calibration,9.59599,0.092695
kamp_S_nk_esk,NK_S,Kamp 2020,arterial,calibration,9.61603,0.0926818
kamp_S_nk_esk,NK_S,Kamp 2020,arterial,calibration,9.63606,0.0926684
kamp_S_nk_esk,NK_S,Kamp 2020,arterial,calibration,9.65609,0.092655
kamp_S_nk_esk,NK_S,Kamp 2020,arterial,calibration,9.67613,0.0926414
kamp_S_nk_esk,NK_S,Kamp 2020,arterial,calibration,9.69616,0.0926278
kamp_S_nk_esk,NK_S,Kamp 2020,arterial,calibration,9.71619,0.0926141
kamp_S_nk_esk,NK_S,Kamp 2020,arterial,calibration,9.73623,0.0926003
kamp_S_nk_esk,NK_S,Kamp 2020,arterial,calibration,9.75626,0.0925864
kamp_S_nk_esk,NK_S,Kamp 2020,arterial,calibration,9.77629,0.0925724
kamp_S_nk_esk,NK_S,Kamp 2020,arterial,calibration,9.79633,0.0925584
kamp_S_nk_esk,NK_S,Kamp 2020,arterial,calibration,9.81636,0.0925442
kamp_S_nk_esk,NK_S,Kamp 2020,arterial,calibration,9.83639,0.09253
kamp_S_nk_esk,NK_S,Kamp 2020,arterial,calibration,9.85643,0.0925156
kamp_S_nk_esk,NK_S,Kamp 2020,arterial,calibration,9.87646,0.0925012
kamp_S_nk_esk,NK_S,Kamp 2020,arterial,calibration,9.89649,0.0924867
kamp_S_nk_esk,NK_S,Kamp 2020,arterial,calibration,9.91653,0.0924721
kamp_S_nk_esk,NK_S,Kamp 2020,arterial,calibration,9.93656,0.0924575
kamp_S_nk_esk,NK_S,Kamp 2020,arterial,calibration,9.95659,0.0924427
kamp_S_nk_esk,NK_S,Kamp 2020,arterial,calibration,9.97663,0.0924278
kamp_S_nk_esk,NK_S,Kamp 2020,arterial,calibration,9.99666,0.0924129
kamp_S_nk_esk,NK_S,Kamp 2020,arterial,calibration,10.0167,0.0923979
kamp_S_nk_esk,NK_S,Kamp 2020,arterial,calibration,10.0367,0.0923828
kamp_S_nk_esk,NK_S,Kamp 2020,arterial,calibration,10.0568,0.0923676
kamp_S_nk_esk,NK_S,Kamp 2020,arterial,calibration,10.0768,0.0923523
kamp_S_nk_esk,NK_S,Kamp 2020,arterial,calibration,10.0968,0.092337
kamp_S_nk_esk,NK_S,Kamp 2020,arterial,calibration,10.1169,0.0923216
kamp_S_nk_esk,NK_S,Kamp 2020,arterial,calibration,10.1369,0.092306
kamp_S_nk_esk,NK_S,Kamp 2020,arterial,calibration,10.1569,0.0922904
kamp_S_nk_esk,NK_S,Kamp 2020,arterial,calibration,10.177,0.0922748
kamp_S_nk_esk,NK_S,Kamp 2020,arterial,calibration,10.197,0.092259
kamp_S_nk_esk,NK_S,Kamp 2020,arterial,calibration,10.217,0.0922432
kamp_S_nk_esk,NK_S,Kamp 2020,arterial,calibration,10.2371,0.0922272
kamp_S_nk_esk,NK_S,Kamp 2020,arterial,calibration,10.2571,0.0922112
kamp_S_nk_esk,NK_S,Kamp 2020,arterial,calibration,10.2771,0.0921951
kamp_S_nk_esk,NK_S,Kamp 2020,arterial,calibration,10.2972,0.092179
kamp_S_nk_esk,NK_S,Kamp 2020,arterial,calibration,10.3172,0.0921627
kamp_S_nk_esk,NK_S,Kamp 2020,arterial,calibration,10.3372,0.0921464
kamp_S_nk_esk,NK_S,Kamp 2020,arterial,calibration,10.3573,0.09213
kamp_S_nk_esk,NK_S,Kamp 2020,arterial,calibration,10.3773,0.0921135
kamp_S_nk_esk,NK_S,Kamp 2020,arterial,calibration,10.3973,0.092097
kamp_S_nk_esk,NK_S,Kamp 2020,arterial,calibration,10.4174,0.0920803
kamp_S_nk_esk,NK_S,Kamp 2020,arterial,calibration,10.4374,0.0920636
kamp_S_nk_esk,NK_S,Kamp 2020,arterial,calibration,10.4574,0.0920468
kamp_S_nk_esk,NK_S,Kamp 2020,arterial,calibration,10.4775,0.0920299
kamp_S_nk_esk,NK_S,Kamp 2020,arterial,calibration,10.4975,0.092013
kamp_S_nk_esk,NK_S,Kamp 2020,arterial,calibration,10.5175,0.091996
kamp_S_nk_esk,NK_S,Kamp 2020,arterial,calibration,10.5376,0.0919789
kamp_S_nk_esk,NK_S,Kamp 2020,arterial,calibration,10.5576,0.0919617
kamp_S_nk_esk,NK_S,Kamp 2020,arterial,calibration,10.5776,0.0919444
kamp_S_nk_esk,NK_S,Kamp 2020,arterial,calibration,10.5977,0.0919271
kamp_S_nk_esk,NK_S,Kamp 2020,arterial,calibration,10.6177,0.0919097
kamp_S_nk_esk,NK_S,Kamp 2020,arterial,calibration,10.6377,0.0918922
kamp_S_nk_esk,NK_S,Kamp 2020,arterial,calibration,10.6578,0.0918747
kamp_S_nk_esk,NK_S,Kamp 2020,arterial,calibration,10.6778,0.0918571
kamp_S_nk_esk,NK_S,Kamp 2020,arterial,calibration,10.6978,0.0918394
kamp_S_nk_esk,NK_S,Kamp 2020,arterial,calibration,10.7179,0.0918216
kamp_S_nk_esk,NK_S,Kamp 2020,arterial,calibration,10.7379,0.0918037
kamp_S_nk_esk,NK_S,Kamp 2020,arterial,calibration,10.7579,0.0917858
kamp_S_nk_esk,NK_S,Kamp 2020,arterial,calibration,10.778,0.0917678
kamp_S_nk_esk,NK_S,Kamp 2020,arterial,calibration,10.798,0.0917498
kamp_S_nk_esk,NK_S,Kamp 2020,arterial,calibration,10.818,0.0917316
kamp_S_nk_esk,NK_S,Kamp 2020,arterial,calibration,10.8381,0.0917134
kamp_S_nk_esk,NK_S,Kamp 2020,arterial,calibration,10.8581,0.0916952
kamp_S_nk_esk,NK_S,Kamp 2020,arterial,calibration,10.8781,0.0916768
kamp_S_nk_esk,NK_S,Kamp 2020,arterial,calibration,10.8982,0.0916584
kamp_S_nk_esk,NK_S,Kamp 2020,arterial,calibration,10.9182,0.0916399
kamp_S_nk_esk,NK_S,Kamp 2020,arterial,calibration,10.9382,0.0916214
kamp_S_nk_esk,NK_S,Kamp 2020,arterial,calibration,10.9583,0.0916027
kamp_S_nk_esk,NK_S,Kamp 2020,arterial,calibration,10.9783,0.091584
kamp_S_nk_esk,NK_S,Kamp 2020,arterial,calibration,10.9983,0.0915653
kamp_S_nk_esk,NK_S,Kamp 2020,arterial,calibration,11.0184,0.0915464
kamp_S_nk_esk,NK_S,Kamp 2020,arterial,calibration,11.0384,0.0915275
kamp_S_nk_esk,NK_S,Kamp 2020,arterial,calibration,11.0584,0.0915086
kamp_S_nk_esk,NK_S,Kamp 2020,arterial,calibration,11.0785,0.0914895
kamp_S_nk_esk,NK_S,Kamp 2020,arterial,calibration,11.0985,0.0914704
kamp_S_nk_esk,NK_S,Kamp 2020,arterial,calibration,11.1185,0.0914512
kamp_S_nk_esk,NK_S,Kamp 2020,arterial,calibration,11.1386,0.091432
kamp_S_nk_esk,NK_S,Kamp 2020,arterial,calibration,11.1586,0.0914127
kamp_S_nk_esk,NK_S,Kamp 2020,arterial,calibration,11.1786,0.0913933
kamp_S_nk_esk,NK_S,Kamp 2020,arterial,calibration,11.1987,0.0913739
kamp_S_nk_esk,NK_S,Kamp 2020,arterial,calibration,11.2187,0.0913544
kamp_S_nk_esk,NK_S,Kamp 2020,arterial,calibration,11.2387,0.0913348
kamp_S_nk_esk,NK_S,Kamp 2020,arterial,calibration,11.2588,0.0913152
kamp_S_nk_esk,NK_S,Kamp 2020,arterial,calibration,11.2788,0.0912955
kamp_S_nk_esk,NK_S,Kamp 2020,arterial,calibration,11.2988,0.0912757
kamp_S_nk_esk,NK_S,Kamp 2020,arterial,calibration,11.3189,0.0912559
kamp_S_nk_esk,NK_S,Kamp 2020,arterial,calibration,11.3389,0.091236
kamp_S_nk_esk,NK_S,Kamp 2020,arterial,calibration,11.3589,0.091216
kamp_S_nk_esk,NK_S,Kamp 2020,arterial,calibration,11.379,0.091196
kamp_S_nk_esk,NK_S,Kamp 2020,arterial,calibration,11.399,0.0911759
kamp_S_nk_esk,NK_S,Kamp 2020,arterial,calibration,11.419,0.0911557
kamp_S_nk_esk,NK_S,Kamp 2020,arterial,calibration,11.4391,0.0911355
kamp_S_nk_esk,NK_S,Kamp 2020,arterial,calibration,11.4591,0.0911153
kamp_S_nk_esk,NK_S,Kamp 2020,arterial,calibration,11.4791,0.0910949
kamp_S_nk_esk,NK_S,Kamp 2020,arterial,calibration,11.4992,0.0910745
kamp_S_nk_esk,NK_S,Kamp 2020,arterial,calibration,11.5192,0.0910541
kamp_S_nk_esk,NK_S,Kamp 2020,arterial,calibration,11.5392,0.0910335
kamp_S_nk_esk,NK_S,Kamp 2020,arterial,calibration,11.5593,0.091013
kamp_S_nk_esk,NK_S,Kamp 2020,arterial,calibration,11.5793,0.0909923
kamp_S_nk_esk,NK_S,Kamp 2020,arterial,calibration,11.5993,0.0909716
kamp_S_nk_esk,NK_S,Kamp 2020,arterial,calibration,11.6194,0.0909508
kamp_S_nk_esk,NK_S,Kamp 2020,arterial,calibration,11.6394,0.09093
kamp_S_nk_esk,NK_S,Kamp 2020,arterial,calibration,11.6594,0.0909091
kamp_S_nk_esk,NK_S,Kamp 2020,arterial,calibration,11.6795,0.0908882
kamp_S_nk_esk,NK_S,Kamp 2020,arterial,calibration,11.6995,0.0908672
kamp_S_nk_esk,NK_S,Kamp 2020,arterial,calibration,11.7195,0.0908461
kamp_S_nk_esk,NK_S,Kamp 2020,arterial,calibration,11.7396,0.090825
kamp_S_nk_esk,NK_S,Kamp 2020,arterial,calibration,11.7596,0.0908038
kamp_S_nk_esk,NK_S,Kamp 2020,arterial,calibration,11.7796,0.0907826
kamp_S_nk_esk,NK_S,Kamp 2020,arterial,calibration,11.7997,0.0907613
kamp_S_nk_esk,NK_S,Kamp 2020,arterial,calibration,11.8197,0.0907399
kamp_S_nk_esk,NK_S,Kamp 2020,arterial,calibration,11.8397,0.0907185
kamp_S_nk_esk,NK_S,Kamp 2020,arterial,calibration,11.8598,0.090697
kamp_S_nk_esk,NK_S,Kamp 2020,arterial,calibration,11.8798,0.0906755
kamp_S_nk_esk,NK_S,Kamp 2020,arterial,calibration,11.8998,0.0906539
kamp_S_nk_esk,NK_S,Kamp 2020,arterial,calibration,11.9199,0.0906323
kamp_S_nk_esk,NK_S,Kamp 2020,arterial,calibration,11.9399,0.0906106
kamp_S_nk_esk,NK_S,Kamp 2020,arterial,calibration,11.9599,0.0905888
kamp_S_nk_esk,NK_S,Kamp 2020,arterial,calibration,11.98,0.090567
kamp_S_nk_esk,NK_S,Kamp 2020,arterial,calibration,12,0.0905451
kamp_S_nk_rac,NK_S,Kamp 2020,arterial,calibration,0,0
kamp_S_nk_rac,NK_S,Kamp 2020,arterial,calibration,0.0200334,3.72289e-05
kamp_S_nk_rac,NK_S,Kamp 2020,arterial,calibration,0.0400668,0.000143966
kamp_S_nk_rac,NK_S,Kamp 2020,arterial,calibration,0.0601002,0.000313279
kamp_S_nk_rac,NK_S,Kamp 2020,arterial,calibration,0.0801336,0.000538824
kamp_S_nk_rac,NK_S,Kamp 2020,arterial,calibration,0.100167,0.000814787
kamp_S_nk_rac,NK_S,Kamp 2020,arterial,calibration,0.1202,0.00113584
kamp_S_nk_rac,NK_S,Kamp 2020,arterial,calibration,0.140234,0.00149711
kamp_S_nk_rac,NK_S,Kamp 2020,arterial,calibration,0.160267,0.0018941
kamp_S_nk_rac,NK_S,Kamp 2020,arterial,calibration,0.180301,0.00232274
kamp_S_nk_rac,NK_S,Kamp 2020,arterial,calibration,0.200334,0.00277925
kamp_S_nk_rac,NK_S,Kamp 2020,arterial,calibration,0.220367,0.00326022
kamp_S_nk_rac,NK_S,Kamp 2020,arterial,calibration,0.240401,0.00376249
kamp_S_nk_rac,NK_S,Kamp 2020,arterial,calibration,0.260434,0.00428321
kamp_S_nk_rac,NK_S,Kamp 2020,arterial,calibration,0.280467,0.00481976
kamp_S_nk_rac,NK_S,Kamp 2020,arterial,calibration,0.300501,0.00536974
kamp_S_nk_rac,NK_S,Kamp 2020,arterial,calibration,0.320534,0.00593099
kamp_S_nk_rac,NK_S,Kamp 2020,arterial,calibration,0.340568,0.00650154
kamp_S_nk_rac,NK_S,Kamp 2020,arterial,calibration,0.360601,0.00707958
kamp_S_nk_rac,NK_S,Kamp 2020,arterial,calibration,0.380634,0.00766349
kamp_S_nk_rac,NK_S,Kamp 2020,arterial,calibration,0.400668,0.0082518
kamp_S_nk_rac,NK_S,Kamp 2020,arterial,calibration,0.420701,0.00884317
kamp_S_nk_rac,NK_S,Kamp 2020,arterial,calibration,0.440735,0.00943641
kamp_S_nk_rac,NK_S,Kamp 2020,arterial,calibration,0.460768,0.0100304
kamp_S_nk_rac,NK_S,Kamp 2020,arterial,calibration,0.480801,0.0106243
kamp_S_nk_rac,NK_S,Kamp 2020,arterial,calibration,0.500835,0.0112171
kamp_S_nk_rac,NK_S,Kamp 2020,arterial,calibration,0.520868,0.011808
kamp_S_nk_rac,NK_S,Kamp 2020,arterial,calibration,0.540902,0.0123965
kamp_S_nk_rac,NK_S,Kamp 2020,arterial,calibration,0.560935,0.0129818
kamp_S_nk_rac,NK_S,Kamp 2020,arterial,calibration,0.580968,0.0135635
kamp_S_nk_rac,NK_S,Kamp 2020,arterial,calibration,0.601002,0.014141
kamp_S_nk_rac,NK_S,Kamp 2020,arterial,calibration,0.621035,0.014714
kamp_S_nk_rac,NK_S,Kamp 2020,arterial,calibration,0.641068,0.015282
kamp_S_nk_rac,NK_S,Kamp 2020,arterial,calibration,0.661102,0.0158449
kamp_S_nk_rac,NK_S,Kamp 2020,arterial,calibration,0.681135,0.0164022
kamp_S_nk_rac,NK_S,Kamp 2020,arterial,calibration,0.701169,0.0169539
kamp_S_nk_rac,NK_S,Kamp 2020,arterial,calibration,0.721202,0.0174997
kamp_S_nk_rac,NK_S,Kamp 2020,arterial,calibration,0.741235,0.0180395
kamp_S_nk_rac,NK_S,Kamp 2020,arterial,calibration,0.761269,0.0185731
kamp_S_nk_rac,NK_S,Kamp 2020,arterial,calibration,0.781302,0.0191005
kamp_S_nk_rac,NK_S,Kamp 2020,arterial,calibration,0.801336,0.0196216
kamp_S_nk_rac,NK_S,Kamp 2020,arterial,calibration,0.821369,0.0201364
kamp_S_nk_rac,NK_S,Kamp 2020,arterial,calibration,0.841402,0.0206448
kamp_S_nk_rac,NK_S,Kamp 2020,arterial,calibration,0.861436,0.0211469
kamp_S_nk_rac,NK_S,Kamp 2020,arterial,calibration,0.881469,0.0216427
kamp_S_nk_rac,NK_S,Kamp 2020,arterial,calibration,0.901503,0.0221321
kamp_S_nk_rac,NK_S,Kamp 2020,arterial,calibration,0.921536,0.0226153
kamp_S_nk_rac,NK_S,Kamp 2020,arterial,calibration,0.941569,0.0230924
kamp_S_nk_rac,NK_S,Kamp 2020,arterial,calibration,0.961603,0.0235633
kamp_S_nk_rac,NK_S,Kamp 2020,arterial,calibration,0.981636,0.0240281
kamp_S_nk_rac,NK_S,Kamp 2020,arterial,calibration,1.00167,0.0244873
kamp_S_nk_rac,NK_S,Kamp 2020,arterial,calibration,1.0217,0.0249852
kamp_S_nk_rac,NK_S,Kamp 2020,arterial,calibration,1.04174,0.0255487
kamp_S_nk_rac,NK_S,Kamp 2020,arterial,calibration,1.06177,0.0261707
kamp_S_nk_rac,NK_S,Kamp 2020,arterial,calibration,1.0818,0.0268449
kamp_S_nk_rac,NK_S,Kamp 2020,arterial,calibration,1.10184,0.0275654
kamp_S_nk_rac,NK_S,Kamp 2020,arterial,calibration,1.12187,0.0283269
kamp_S_nk_rac,NK_S,Kamp 2020,arterial,calibration,1.1419,0.0291243
kamp_S_nk_rac,NK_S,Kamp 2020,arterial,calibration,1.16194,0.0299533
kamp_S_nk_rac,NK_S,Kamp 2020,arterial,calibration,1.18197,0.0308098
kamp_S_nk_rac,NK_S,Kamp 2020,arterial,calibration,1.202,0.03169
kamp_S_nk_rac,NK_S,Kamp 2020,arterial,calibration,1.22204,0.0325905
kamp_S_nk_rac,NK_S,Kamp 2020,arterial,calibration,1.24207,0.0335082
kamp_S_nk_rac,NK_S,Kamp 2020,arterial,calibration,1.2621,0.0344402
kamp_S_nk_rac,NK_S,Kamp 2020,arterial,calibration,1.28214,0.0353841
kamp_S_nk_rac,NK_S,Kamp 2020,arterial,calibration,1.30217,0.0363374
kamp_S_nk_rac,NK_S,Kamp 2020,arterial,calibration,1.3222,0.0372981
kamp_S_nk_rac,NK_S,Kamp 2020,arterial,calibration,1.34224,0.0382642
kamp_S_nk_rac,NK_S,Kamp 2020,arterial,calibration,1.36227,0.0392341
kamp_S_nk_rac,NK_S,Kamp 2020,arterial,calibration,1.3823,0.0402061
kamp_S_nk_rac,NK_S,Kamp 2020,arterial,calibration,1.40234,0.0411789
kamp_S_nk_rac,NK_S,Kamp 2020,arterial,calibration,1.42237,0.0421511
kamp_S_nk_rac,NK_S,Kamp 2020,arterial,calibration,1.4424,0.0431218
kamp_S_nk_rac,NK_S,Kamp 2020,arterial,calibration,1.46244,0.0440898
kamp_S_nk_rac,NK_S,Kamp 2020,arterial,calibration,1.48247,0.0450543
kamp_S_nk_rac,NK_S,Kamp 2020,arterial,calibration,1.5025,0.0460145
kamp_S_nk_rac,NK_S,Kamp 2020,arterial,calibration,1.52254,0.0469697
kamp_S_nk_rac,NK_S,Kamp 2020,arterial,calibration,1.54257,0.0479193
kamp_S_nk_rac,NK_S,Kamp 2020,arterial,calibration,1.5626,0.0488627
kamp_S_nk_rac,NK_S,Kamp 2020,arterial,calibration,1.58264,0.0497996
kamp_S_nk_rac,NK_S,Kamp 2020,arterial,calibration,1.60267,0.0507295
kamp_S_nk_rac,NK_S,Kamp 2020,arterial,calibration,1.6227,0.051652
kamp_S_nk_rac,NK_S,Kamp 2020,arterial,calibration,1.64274,0.052567
kamp_S_nk_rac,NK_S,Kamp 2020,arterial,calibration,1.66277,0.0534741
kamp_S_nk_rac,NK_S,Kamp 2020,arterial,calibration,1.6828,0.0543732
kamp_S_nk_rac,NK_S,Kamp 2020,arterial,calibration,1.70284,0.0552641
kamp_S_nk_rac,NK_S,Kamp 2020,arterial,calibration,1.72287,0.0561468
kamp_S_nk_rac,NK_S,Kamp 2020,arterial,calibration,1.7429,0.0570211
kamp_S_nk_rac,NK_S,Kamp 2020,arterial,calibration,1.76294,0.057887
kamp_S_nk_rac,NK_S,Kamp 2020,arterial,calibration,1.78297,0.0587446
kamp_S_nk_rac,NK_S,Kamp 2020,arterial,calibration,1.80301,0.0595937
kamp_S_nk_rac,NK_S,Kamp 2020,arterial,calibration,1.82304,0.0604345
kamp_S_nk_rac,NK_S,Kamp 2020,arterial,calibration,1.84307,0.0612669
kamp_S_nk_rac,NK_S,Kamp 2020,arterial,calibration,1.86311,0.0620911
kamp_S_nk_rac,NK_S,Kamp 2020,arterial,calibration,1.88314,0.0629071
kamp_S_nk_rac,NK_S,Kamp 2020,arterial,calibration,1.90317,0.063715
kamp_S_nk_rac,NK_S,Kamp 2020,arterial,calibration,1.92321,0.064515
kamp_S_nk_rac,NK_S,Kamp 2020,arterial,calibration,1.94324,0.0653071
kamp_S_nk_rac,NK_S,Kamp 2020,arterial,calibration,1.96327,0.0660915
kamp_S_nk_rac,NK_S,Kamp 2020,arterial,calibration,1.98331,0.0668682
kamp_S_nk_rac,NK_S,Kamp 2020,arterial,calibration,2.00334,0.0676397
kamp_S_nk_rac,NK_S,Kamp 2020,arterial,calibration,2.02337,0.0685021
kamp_S_nk_rac,NK_S,Kamp 2020,arterial,calibration,2.04341,0.0694964
kamp_S_nk_rac,NK_S,Kamp 2020,arterial,calibration,2.06344,0.0706088
kamp_S_nk_rac,NK_S,Kamp 2020,arterial,calibration,2.08347,0.0718268
kamp_S_nk_rac,NK_S,Kamp 2020,arterial,calibration,2.10351,0.0731389
kamp_S_nk_rac,NK_S,Kamp 2020,arterial,calibration,2.12354,0.0745345
kamp_S_nk_rac,NK_S,Kamp 2020,arterial,calibration,2.14357,0.076004
kamp_S_nk_rac,NK_S,Kamp 2020,arterial,calibration,2.16361,0.0775385
kamp_S_nk_rac,NK_S,Kamp 2020,arterial,calibration,2.18364,0.0791301
kamp_S_nk_rac,NK_S,Kamp 2020,arterial,calibration,2.20367,0.0807714
kamp_S_nk_rac,NK_S,Kamp 2020,arterial,calibration,2.22371,0.0824556
kamp_S_nk_rac,NK_S,Kamp 2020,arterial,calibration,2.24374,0.0841766
kamp_S_nk_rac,NK_S,Kamp 2020,arterial,calibration,2.26377,0.0859288
kamp_S_nk_rac,NK_S,Kamp 2020,arterial,calibration,2.28381,0.087707
kamp_S_nk_rac,NK_S,Kamp 2020,arterial,calibration,2.30384,0.0895068
kamp_S_nk_rac,NK_S,Kamp 2020,arterial,calibration,2.32387,0.0913239
kamp_S_nk_rac,NK_S,Kamp 2020,arterial,calibration,2.34391,0.0931544
kamp_S_nk_rac,NK_S,Kamp 2020,arterial,calibration,2.36394,0.0949949
kamp_S_nk_rac,NK_S,Kamp 2020,arterial,calibration,2.38397,0.0968423
kamp_S_nk_rac,NK_S,Kamp 2020,arterial,calibration,2.40401,0.0986939
kamp_S_nk_rac,NK_S,Kamp 2020,arterial,calibration,2.42404,0.100547
kamp_S_nk_rac,NK_S,Kamp 2020,arterial,calibration,2.44407,0.102399
kamp_S_nk_rac,NK_S,Kamp 2020,arterial,calibration,2.46411,0.104249
kamp_S_nk_rac,NK_S,Kamp 2020,arterial,calibration,2.48414,0.106094
kamp_S_nk_rac,NK_S,Kamp 2020,arterial,calibration,2.50417,0.107933
kamp_S_nk_rac,NK_S,Kamp 2020,arterial,calibration,2.52421,0.109765
kamp_S_nk_rac,NK_S,Kamp 2020,arterial,calibration,2.54424,0.111587
kamp_S_nk_rac,NK_S,Kamp 2020,arterial,calibration,2.56427,0.1134
kamp_S_nk_rac,NK_S,Kamp 2020,arterial,calibration,2.58431,0.115202
kamp_S_nk_rac,NK_S,Kamp 2020,arterial,calibration,2.60434,0.116992
kamp_S_nk_rac,NK_S,Kamp 2020,arterial,calibration,2.62437,0.11877
kamp_S_nk_rac,NK_S,Kamp 2020,arterial,calibration,2.64441,0.120534
kamp_S_nk_rac,NK_S,Kamp 2020,arterial,calibration,2.66444,0.122286
kamp_S_nk_rac,NK_S,Kamp 2020,arterial,calibration,2.68447,0.124023
kamp_S_nk_rac,NK_S,Kamp 2020,arterial,calibration,2.70451,0.125746
kamp_S_nk_rac,NK_S,Kamp 2020,arterial,calibration,2.72454,0.127454
kamp_S_nk_rac,NK_S,Kamp 2020,arterial,calibration,2.74457,0.129148
kamp_S_nk_rac,NK_S,Kamp 2020,arterial,calibration,2.76461,0.130826
kamp_S_nk_rac,NK_S,Kamp 2020,arterial,calibration,2.78464,0.13249
kamp_S_nk_rac,NK_S,Kamp 2020,arterial,calibration,2.80467,0.134139
kamp_S_nk_rac,NK_S,Kamp 2020,arterial,calibration,2.82471,0.135773
kamp_S_nk_rac,NK_S,Kamp 2020,arterial,calibration,2.84474,0.137392
kamp_S_nk_rac,NK_S,Kamp 2020,arterial,calibration,2.86477,0.138995
kamp_S_nk_rac,NK_S,Kamp 2020,arterial,calibration,2.88481,0.140585
kamp_S_nk_rac,NK_S,Kamp 2020,arterial,calibration,2.90484,0.142159
kamp_S_nk_rac,NK_S,Kamp 2020,arterial,calibration,2.92487,0.143719
kamp_S_nk_rac,NK_S,Kamp 2020,arterial,calibration,2.94491,0.145265
kamp_S_nk_rac,NK_S,Kamp 2020,arterial,calibration,2.96494,0.146797
kamp_S_nk_rac,NK_S,Kamp 2020,arterial,calibration,2.98497,0.148315
kamp_S_nk_rac,NK_S,Kamp 2020,arterial,calibration,3.00501,0.14981
kamp_S_nk_rac,NK_S,Kamp 2020,arterial,calibration,3.02504,0.151076
kamp_S_nk_rac,NK_S,Kamp 2020,arterial,calibration,3.04508,0.152053
kamp_S_nk_rac,NK_S,Kamp 2020,arterial,calibration,3.06511,0.152769
kamp_S_nk_rac,NK_S,Kamp 2020,arterial,calibration,3.08514,0.15325
kamp_S_nk_rac,NK_S,Kamp 2020,arterial,calibration,3.10518,0.153519
kamp_S_nk_rac,NK_S,Kamp 2020,arterial,calibration,3.12521,0.153597
kamp_S_nk_rac,NK_S,Kamp 2020,arterial,calibration,3.14524,0.153505
kamp_S_nk_rac,NK_S,Kamp 2020,arterial,calibration,3.16528,0.15326
kamp_S_nk_rac,NK_S,Kamp 2020,arterial,calibration,3.18531,0.15288
kamp_S_nk_rac,NK_S,Kamp 2020,arterial,calibration,3.20534,0.152378
kamp_S_nk_rac,NK_S,Kamp 2020,arterial,calibration,3.22538,0.15177
kamp_S_nk_rac,NK_S,Kamp 2020,arterial,calibration,3.24541,0.151067
kamp_S_nk_rac,NK_S,Kamp 2020,arterial,calibration,3.26544,0.150283
kamp_S_nk_rac,NK_S,Kamp 2020,arterial,calibration,3.28548,0.149426
kamp_S_nk_rac,NK_S,Kamp 2020,arterial,calibration,3.30551,0.148508
kamp_S_nk_rac,NK_S,Kamp 2020,arterial,calibration,3.32554,0.147537
kamp_S_nk_rac,NK_S,Kamp 2020,arterial,calibration,3.34558,0.146521
kamp_S_nk_rac,NK_S,Kamp 2020,arterial,calibration,3.36561,0.145468
kamp_S_nk_rac,NK_S,Kamp 2020,arterial,calibration,3.38564,0.144384
kamp_S_nk_rac,NK_S,Kamp 2020,arterial,calibration,3.40568,0.143275
kamp_S_nk_rac,NK_S,Kamp 2020,arterial,calibration,3.42571,0.142147
kamp_S_nk_rac,NK_S,Kamp 2020,arterial,calibration,3.44574,0.141006
kamp_S_nk_rac,NK_S,Kamp 2020,arterial,calibration,3.46578,0.139854
kamp_S_nk_rac,NK_S,Kamp 2020,arterial,calibration,3.48581,0.138697
kamp_S_nk_rac,NK_S,Kamp 2020,arterial,calibration,3.50584,0.137539
kamp_S_nk_rac,NK_S,Kamp 2020,arterial,calibration,3.52588,0.136382
kamp_S_nk_rac,NK_S,Kamp 2020,arterial,calibration,3.54591,0.135229
kamp_S_nk_rac,NK_S,Kamp 2020,arterial,calibration,3.56594,0.134084
kamp_S_nk_rac,NK_S,Kamp 2020,arterial,calibration,3.58598,0.132948
kamp_S_nk_rac,NK_S,Kamp 2020,arterial,calibration,3.60601,0.131823
kamp_S_nk_rac,NK_S,Kamp 2020,arterial,calibration,3.62604,0.130712
kamp_S_nk_rac,NK_S,Kamp 2020,arterial,calibration,3.64608,0.129615
kamp_S_nk_rac,NK_S,Kamp 2020,arterial,calibration,3.66611,0.128535
kamp_S_nk_rac,NK_S,Kamp 2020,arterial,calibration,3.68614,0.127472
kamp_S_nk_rac,NK_S,Kamp 2020,arterial,calibration,3.70618,0.126428
kamp_S_nk_rac,NK_S,Kamp 2020,arterial,calibration,3.72621,0.125404
kamp_S_nk_rac,NK_S,Kamp 2020,arterial,calibration,3.74624,0.124399
kamp_S_nk_rac,NK_S,Kamp 2020,arterial,calibration,3.76628,0.123415
kamp_S_nk_rac,NK_S,Kamp 2020,arterial,calibration,3.78631,0.122452
kamp_S_nk_rac,NK_S,Kamp 2020,arterial,calibration,3.80634,0.121511
kamp_S_nk_rac,NK_S,Kamp 2020,arterial,calibration,3.82638,0.120592
kamp_S_nk_rac,NK_S,Kamp 2020,arterial,calibration,3.84641,0.119695
kamp_S_nk_rac,NK_S,Kamp 2020,arterial,calibration,3.86644,0.11882
kamp_S_nk_rac,NK_S,Kamp 2020,arterial,calibration,3.88648,0.117967
kamp_S_nk_rac,NK_S,Kamp 2020,arterial,calibration,3.90651,0.117137
kamp_S_nk_rac,NK_S,Kamp 2020,arterial,calibration,3.92654,0.116328
kamp_S_nk_rac,NK_S,Kamp 2020,arterial,calibration,3.94658,0.115542
kamp_S_nk_rac,NK_S,Kamp 2020,arterial,calibration,3.96661,0.114778
kamp_S_nk_rac,NK_S,Kamp 2020,arterial,calibration,3.98664,0.114035
kamp_S_nk_rac,NK_S,Kamp 2020,arterial,calibration,4.00668,0.113313
kamp_S_nk_rac,NK_S,Kamp 2020,arterial,calibration,4.02671,0.112613
kamp_S_nk_rac,NK_S,Kamp 2020,arterial,calibration,4.04674,0.111933
kamp_S_nk_rac,NK_S,Kamp 2020,arterial,calibration,4.06678,0.111274
kamp_S_nk_rac,NK_S,Kamp 2020,arterial,calibration,4.08681,0.110636
kamp_S_nk_rac,NK_S,Kamp 2020,arterial,calibration,4.10684,0.110016
kamp_S_nk_rac,NK_S,Kamp 2020,arterial,calibration,4.12688,0.109417
kamp_S_nk_rac,NK_S,Kamp 2020,arterial,calibration,4.14691,0.108836
kamp_S_nk_rac,NK_S,Kamp 2020,arterial,calibration,4.16694,0.108274
kamp_S_nk_rac,NK_S,Kamp 2020,arterial,calibration,4.18698,0.10773
kamp_S_nk_rac,NK_S,Kamp 2020,arterial,calibration,4.20701,0.107204
kamp_S_nk_rac,NK_S,Kamp 2020,arterial,calibration,4.22705,0.106695
kamp_S_nk_rac,NK_S,Kamp 2020,arterial,calibration,4.24708,0.106203
kamp_S_nk_rac,NK_S,Kamp 2020,arterial,calibration,4.26711,0.105728
kamp_S_nk_rac,NK_S,Kamp 2020,arterial,calibration,4.28715,0.105269
kamp_S_nk_rac,NK_S,Kamp 2020,arterial,calibration,4.30718,0.104825
kamp_S_nk_rac,NK_S,Kamp 2020,arterial,calibration,4.32721,0.104397
kamp_S_nk_rac,NK_S,Kamp 2020,arterial,calibration,4.34725,0.103984
kamp_S_nk_rac,NK_S,Kamp 2020,arterial,calibration,4.36728,0.103585
kamp_S_nk_rac,NK_S,Kamp 2020,arterial,calibration,4.38731,0.1032
kamp_S_nk_rac,NK_S,Kamp 2020,arterial,calibration,4.40735,0.102829
kamp_S_nk_rac,NK_S,Kamp 2020,arterial,calibration,4.42738,0.102471
kamp_S_nk_rac,NK_S,Kamp 2020,arterial,calibration,4.44741,0.102125
kamp_S_nk_rac,NK_S,Kamp 2020,arterial,calibration,4.46745,0.101793
kamp_S_nk_rac,NK_S,Kamp 2020,arterial,calibration,4.48748,0.101472
kamp_S_nk_rac,NK_S,Kamp 2020,arterial,calibration,4.50751,0.101163
kamp_S_nk_rac,NK_S,Kamp 2020,arterial,calibration,4.52755,0.100865
kamp_S_nk_rac,NK_S,Kamp 2020,arterial,calibration,4.54758,0.100579
kamp_S_nk_rac,NK_S,Kamp 2020,arterial,calibration,4.56761,0.100303
kamp_S_nk_rac,NK_S,Kamp 2020,arterial,calibration,4.58765,0.100037
kamp_S_nk_rac,NK_S,Kamp 2020,arterial,calibration,4.60768,0.0997812
kamp_S_nk_rac,NK_S,Kamp 2020,arterial,calibration,4.62771,0.0995352
kamp_S_nk_rac,NK_S,Kamp 2020,arterial,calibration,4.64775,0.0992984
kamp_S_nk_rac,NK_S,Kamp 2020,arterial,calibration,4.66778,0.0990707
kamp_S_nk_rac,NK_S,Kamp 2020,arterial,calibration,4.68781,0.0988517
kamp_S_nk_rac,NK_S,Kamp 2020,arterial,calibration,4.70785,0.0986411
kamp_S_nk_rac,NK_S,Kamp 2020,arterial,calibration,4.72788,0.0984387
kamp_S_nk_rac,NK_S,Kamp 2020,arterial,calibration,4.74791,0.0982441
kamp_S_nk_rac,NK_S,Kamp 2020,arterial,calibration,4.76795,0.0980571
kamp_S_nk_rac,NK_S,Kamp 2020,arterial,calibration,4.78798,0.0978775
kamp_S_nk_rac,NK_S,Kamp 2020,arterial,calibration,4.80801,0.097705
kamp_S_nk_rac,NK_S,Kamp 2020,arterial,calibration,4.82805,0.0975392
kamp_S_nk_rac,NK_S,Kamp 2020,arterial,calibration,4.84808,0.0973801
kamp_S_nk_rac,NK_S,Kamp 2020,arterial,calibration,4.86811,0.0972274
kamp_S_nk_rac,NK_S,Kamp 2020,arterial,calibration,4.88815,0.0970807
kamp_S_nk_rac,NK_S,Kamp 2020,arterial,calibration,4.90818,0.09694
kamp_S_nk_rac,NK_S,Kamp 2020,arterial,calibration,4.92821,0.096805
kamp_S_nk_rac,NK_S,Kamp 2020,arterial,calibration,4.94825,0.0966756
kamp_S_nk_rac,NK_S,Kamp 2020,arterial,calibration,4.96828,0.0965514
kamp_S_nk_rac,NK_S,Kamp 2020,arterial,calibration,4.98831,0.0964323
kamp_S_nk_rac,NK_S,Kamp 2020,arterial,calibration,5.00835,0.0963181
kamp_S_nk_rac,NK_S,Kamp 2020,arterial,calibration,5.02838,0.0962087
kamp_S_nk_rac,NK_S,Kamp 2020,arterial,calibration,5.04841,0.0961039
kamp_S_nk_rac,NK_S,Kamp 2020,arterial,calibration,5.06845,0.0960034
kamp_S_nk_rac,NK_S,Kamp 2020,arterial,calibration,5.08848,0.0959072
kamp_S_nk_rac,NK_S,Kamp 2020,arterial,calibration,5.10851,0.0958151
kamp_S_nk_rac,NK_S,Kamp 2020,arterial,calibration,5.12855,0.0957269
kamp_S_nk_rac,NK_S,Kamp 2020,arterial,calibration,5.14858,0.0956425
kamp_S_nk_rac,NK_S,Kamp 2020,arterial,calibration,5.16861,0.0955617
kamp_S_nk_rac,NK_S,Kamp 2020,arterial,calibration,5.18865,0.0954844
kamp_S_nk_rac,NK_S,Kamp 2020,arterial,calibration,5.20868,0.0954105
kamp_S_nk_rac,NK_S,Kamp 2020,arterial,calibration,5.22871,0.0953398
kamp_S_nk_rac,NK_S,Kamp 2020,arterial,calibration,5.24875,0.0952722
kamp_S_nk_rac,NK_S,Kamp 2020,arterial,calibration,5.26878,0.0952076
kamp_S_nk_rac,NK_S,Kamp 2020,arterial,calibration,5.28881,0.0951459
kamp_S_nk_rac,NK_S,Kamp 2020,arterial,calibration,5.30885,0.095087
kamp_S_nk_rac,NK_S,Kamp 2020,arterial,calibration,5.32888,0.0950307
kamp_S_nk_rac,NK_S,Kamp 2020,arterial,calibration,5.34891,0.094977
kamp_S_nk_rac,NK_S,Kamp 2020,arterial,calibration,5.36895,0.0949257
kamp_S_nk_rac,NK_S,Kamp 2020,arterial,calibration,5.38898,0.0948768
kamp_S_nk_rac,NK_S,Kamp 2020,arterial,calibration,5.40902,0.0948301
kamp_S_nk_rac,NK_S,Kamp 2020,arterial,calibration,5.42905,0.0947857
kamp_S_nk_rac,NK_S,Kamp 2020,arterial,calibration,5.44908,0.0947433
kamp_S_nk_rac,NK_S,Kamp 2020,arterial,calibration,5.46912,0.0947029
kamp_S_nk_rac,NK_S,Kamp 2020,arterial,calibration,5.48915,0.0946644
kamp_S_nk_rac,NK_S,Kamp 2020,arterial,calibration,5.50918,0.0946278
kamp_S_nk_rac,NK_S,Kamp 2020,arterial,calibration,5.52922,0.0945929
kamp_S_nk_rac,NK_S,Kamp 2020,arterial,calibration,5.54925,0.0945597
kamp_S_nk_rac,NK_S,Kamp 2020,arterial,calibration,5.56928,0.0945282
kamp_S_nk_rac,NK_S,Kamp 2020,arterial,calibration,5.58932,0.0944982
kamp_S_nk_rac,NK_S,Kamp 2020,arterial,calibration,5.60935,0.0944697
kamp_S_nk_rac,NK_S,Kamp 2020,arterial,calibration,5.62938,0.0944427
kamp_S_nk_rac,NK_S,Kamp 2020,arterial,calibration,5.64942,0.094417
kamp_S_nk_rac,NK_S,Kamp 2020,arterial,calibration,5.66945,0.0943926
kamp_S_nk_rac,NK_S,Kamp 2020,arterial,calibration,5.68948,0.0943695
kamp_S_nk_rac,NK_S,Kamp 2020,arterial,calibration,5.70952,0.0943476
kamp_S_nk_rac,NK_S,Kamp 2020,arterial,calibration,5.72955,0.0943269
kamp_S_nk_rac,NK_S,Kamp 2020,arterial,calibration,5.74958,0.0943072
kamp_S_nk_rac,NK_S,Kamp 2020,arterial,calibration,5.76962,0.0942886
kamp_S_nk_rac,NK_S,Kamp 2020,arterial,calibration,5.78965,0.094271
kamp_S_nk_rac,NK_S,Kamp 2020,arterial,calibration,5.80968,0.0942544
kamp_S_nk_rac,NK_S,Kamp 2020,arterial,calibration,5.82972,0.0942387
kamp_S_nk_rac,NK_S,Kamp 2020,arterial,calibration,5.84975,0.0942239
kamp_S_nk_rac,NK_S,Kamp 2020,arterial,calibration,5.86978,0.0942099
kamp_S_nk_rac,NK_S,Kamp 2020,arterial,calibration,5.88982,0.0941968
kamp_S_nk_rac,NK_S,Kamp 2020,arterial,calibration,5.90985,0.0941844
kamp_S_nk_rac,NK_S,Kamp 2020,arterial,calibration,5.92988,0.0941727
kamp_S_nk_rac,NK_S,Kamp 2020,arterial,calibration,5.94992,0.0941617
kamp_S_nk_rac,NK_S,Kamp 2020,arterial,calibration,5.96995,0.0941514
kamp_S_nk_rac,NK_S,Kamp 2020,arterial,calibration,5.98998,0.0941417
kamp_S_nk_rac,NK_S,Kamp 2020,arterial,calibration,6.01002,0.0941327
kamp_S_nk_rac,NK_S,Kamp 2020,arterial,calibration,6.03005,0.0941242
kamp_S_nk_rac,NK_S,Kamp 2020,arterial,calibration,6.05008,0.0941162
kamp_S_nk_rac,NK_S,Kamp 2020,arterial,calibration,6.07012,0.0941088
kamp_S_nk_rac,NK_S,Kamp 2020,arterial,calibration,6.09015,0.0941019
kamp_S_nk_rac,NK_S,Kamp 2020,arterial,calibration,6.11018,0.0940954
kamp_S_nk_rac,NK_S,Kamp 2020,arterial,calibration,6.13022,0.0940894
kamp_S_nk_rac,NK_S,Kamp 2020,arterial,calibration,6.15025,0.0940837
kamp_S_nk_rac,NK_S,Kamp 2020,arterial,calibration,6.17028,0.0940785
kamp_S_nk_rac,NK_S,Kamp 2020,arterial,calibration,6.19032,0.0940737
kamp_S_nk_rac,NK_S,Kamp 2020,arterial,calibration,6.21035,0.0940692
kamp_S_nk_rac,NK_S,Kamp 2020,arterial,calibration,6.23038,0.0940651
kamp_S_nk_rac,NK_S,Kamp 2020,arterial,calibration,6.25042,0.0940613
kamp_S_nk_rac,NK_S,Kamp 2020,arterial,calibration,6.27045,0.0940578
kamp_S_nk_rac,NK_S,Kamp 2020,arterial,calibration,6.29048,0.0940545
kamp_S_nk_rac,NK_S,Kamp 2020,arterial,calibration,6.31052,0.0940516
kamp_S_nk_rac,NK_S,Kamp 2020,arterial,calibration,6.33055,0.0940489
kamp_S_nk_rac,NK_S,Kamp 2020,arterial,calibration,6.35058,0.0940464
kamp_S_nk_rac,NK_S,Kamp 2020,arterial,calibration,6.37062,0.0940441
kamp_S_nk_rac,NK_S,Kamp 2020,arterial,calibration,6.39065,0.094042
kamp_S_nk_rac,NK_S,Kamp 2020,arterial,calibration,6.41068,0.0940402
kamp_S_nk_rac,NK_S,Kamp 2020,arterial,calibration,6.43072,0.0940385
kamp_S_nk_rac,NK_S,Kamp 2020,arterial,calibration,6.45075,0.094037
kamp_S_nk_rac,NK_S,Kamp 2020,arterial,calibration,6.47078,0.0940356
kamp_S_nk_rac,NK_S,Kamp 2020,arterial,calibration,6.49082,0.0940344
kamp_S_nk_rac,NK_S,Kamp 2020,arterial,calibration,6.51085,0.0940333
kamp_S_nk_rac,NK_S,Kamp 2020,arterial,calibration,6.53088,0.0940323
kamp_S_nk_rac,NK_S,Kamp 2020,arterial,calibration,6.55092,0.0940314
kamp_S_nk_rac,NK_S,Kamp 2020,arterial,calibration,6.57095,0.0940307
kamp_S_nk_rac,NK_S,Kamp 2020,arterial,calibration,6.59098,0.09403
kamp_S_nk_rac,NK_S,Kamp 2020,arterial,calibration,6.61102,0.0940294
kamp_S_nk_rac,NK_S,Kamp 2020,arterial,calibration,6.63105,0.0940288
kamp_S_nk_rac,NK_S,Kamp 2020,arterial,calibration,6.65109,0.0940284
kamp_S_nk_rac,NK_S,Kamp 2020,arterial,calibration,6.67112,0.094028
kamp_S_nk_rac,NK_S,Kamp 2020,arterial,calibration,6.69115,0.0940276
kamp_S_nk_rac,NK_S,Kamp 2020,arterial,calibration,6.71119,0.0940273
kamp_S_nk_rac,NK_S,Kamp 2020,arterial,calibration,6.73122,0.094027
kamp_S_nk_rac,NK_S,Kamp 2020,arterial,calibration,6.75125,0.0940267
kamp_S_nk_rac,NK_S,Kamp 2020,arterial,calibration,6.77129,0.0940265
kamp_S_nk_rac,NK_S,Kamp 2020,arterial,calibration,6.79132,0.0940263
kamp_S_nk_rac,NK_S,Kamp 2020,arterial,calibration,6.81135,0.094026
kamp_S_nk_rac,NK_S,Kamp 2020,arterial,calibration,6.83139,0.0940258
kamp_S_nk_rac,NK_S,Kamp 2020,arterial,calibration,6.85142,0.0940256
kamp_S_nk_rac,NK_S,Kamp 2020,arterial,calibration,6.87145,0.0940254
kamp_S_nk_rac,NK_S,Kamp 2020,arterial,calibration,6.89149,0.0940251
kamp_S_nk_rac,NK_S,Kamp 2020,arterial,calibration,6.91152,0.0940248
kamp_S_nk_rac,NK_S,Kamp 2020,arterial,calibration,6.93155,0.0940245
kamp_S_nk_rac,NK_S,Kamp 2020,arterial,calibration,6.95159,0.0940242
kamp_S_nk_rac,NK_S,Kamp 2020,arterial,calibration,6.97162,0.0940239
kamp_S_nk_rac,NK_S,Kamp 2020,arterial,calibration,6.99165,0.0940235
kamp_S_nk_rac,NK_S,Kamp 2020,arterial,calibration,7.01169,0.094023
kamp_S_nk_rac,NK_S,Kamp 2020,arterial,calibration,7.03172,0.0940226
kamp_S_nk_rac,NK_S,Kamp 2020,arterial,calibration,7.05175,0.094022
kamp_S_nk_rac,NK_S,Kamp 2020,arterial,calibration,7.07179,0.0940214
kamp_S_nk_rac,NK_S,Kamp 2020,arterial,calibration,7.09182,0.0940208
kamp_S_nk_rac,NK_S,Kamp 2020,arterial,calibration,7.11185,0.0940201
kamp_S_nk_rac,NK_S,Kamp 2020,arterial,calibration,7.13189,0.0940194
kamp_S_nk_rac,NK_S,Kamp 2020,arterial,calibration,7.15192,0.0940185
kamp_S_nk_rac,NK_S,Kamp 2020,arterial,calibration,7.17195,0.0940177
kamp_S_nk_rac,NK_S,Kamp 2020,arterial,calibration,7.19199,0.0940167
kamp_S_nk_rac,NK_S,Kamp 2020,arterial,calibration,7.21202,0.0940157
kamp_S_nk_rac,NK_S,Kamp 2020,arterial,calibration,7.23205,0.0940146
kamp_S_nk_rac,NK_S,Kamp 2020,arterial,calibration,7.25209,0.0940134
kamp_S_nk_rac,NK_S,Kamp 2020,arterial,calibration,7.27212,0.0940121
kamp_S_nk_rac,NK_S,Kamp 2020,arterial,calibration,7.29215,0.0940108
kamp_S_nk_rac,NK_S,Kamp 2020,arterial,calibration,7.31219,0.0940094
kamp_S_nk_rac,NK_S,Kamp 2020,arterial,calibration,7.33222,0.0940079
kamp_S_nk_rac,NK_S,Kamp 2020,arterial,calibration,7.35225,0.0940063
kamp_S_nk_rac,NK_S,Kamp 2020,arterial,calibration,7.37229,0.0940046
kamp_S_nk_rac,NK_S,Kamp 2020,arterial,calibration,7.39232,0.0940029
kamp_S_nk_rac,NK_S,Kamp 2020,arterial,calibration,7.41235,0.094001
kamp_S_nk_rac,NK_S,Kamp 2020,arterial,calibration,7.43239,0.093999
kamp_S_nk_rac,NK_S,Kamp 2020,arterial,calibration,7.45242,0.093997
kamp_S_nk_rac,NK_S,Kamp 2020,arterial,calibration,7.47245,0.0939949
kamp_S_nk_rac,NK_S,Kamp 2020,arterial,calibration,7.49249,0.0939926
kamp_S_nk_rac,NK_S,Kamp 2020,arterial,calibration,7.51252,0.0939903
kamp_S_nk_rac,NK_S,Kamp 2020,arterial,calibration,7.53255,0.0939879
kamp_S_nk_rac,NK_S,Kamp 2020,arterial,calibration,7.55259,0.0939853
kamp_S_nk_rac,NK_S,Kamp 2020,arterial,calibration,7.57262,0.0939827
kamp_S_nk_rac,NK_S,Kamp 2020,arterial,calibration,7.59265,0.0939799
kamp_S_nk_rac,NK_S,Kamp 2020,arterial,calibration,7.61269,0.0939771
kamp_S_nk_rac,NK_S,Kamp 2020,arterial,calibration,7.63272,0.0939742
kamp_S_nk_rac,NK_S,Kamp 2020,arterial,calibration,7.65275,0.0939711
kamp_S_nk_rac,NK_S,Kamp 2020,arterial,calibration,7.67279,0.093968
kamp_S_nk_rac,NK_S,Kamp 2020,arterial,calibration,7.69282,0.0939647
kamp_S_nk_rac,NK_S,Kamp 2020,arterial,calibration,7.71285,0.0939614
kamp_S_nk_rac,NK_S,Kamp 2020,arterial,calibration,7.73289,0.0939579
kamp_S_nk_rac,NK_S,Kamp 2020,arterial,calibration,7.75292,0.0939543
kamp_S_nk_rac,NK_S,Kamp 2020,arterial,calibration,7.77295,0.0939506
kamp_S_nk_rac,NK_S,Kamp 2020,arterial,calibration,7.79299,0.0939468
kamp_S_nk_rac,NK_S,Kamp 2020,arterial,calibration,7.81302,0.0939429
kamp_S_nk_rac,NK_S,Kamp 2020,arterial,calibration,7.83306,0.0939389
kamp_S_nk_rac,NK_S,Kamp 2020,arterial,calibration,7.85309,0.0939348
kamp_S_nk_rac,NK_S,Kamp 2020,arterial,calibration,7.87312,0.0939306
kamp_S_nk_rac,NK_S,Kamp 2020,arterial,calibration,7.89316,0.0939262
kamp_S_nk_rac,NK_S,Kamp 2020,arterial,calibration,7.91319,0.0939218
kamp_S_nk_rac,NK_S,Kamp 2020,arterial,calibration,7.93322,0.0939172
kamp_S_nk_rac,NK_S,Kamp 2020,arterial,calibration,7.95326,0.0939126
kamp_S_nk_rac,NK_S,Kamp 2020,arterial,calibration,7.97329,0.0939078
kamp_S_nk_rac,NK_S,Kamp 2020,arterial,calibration,7.99332,0.0939029
kamp_S_nk_rac,NK_S,Kamp 2020,arterial,calibration,8.01336,0.0938979
kamp_S_nk_rac,NK_S,Kamp 2020,arterial,calibration,8.03339,0.0938928
kamp_S_nk_rac,NK_S,Kamp 2020,arterial,calibration,8.05342,0.0938875
kamp_S_nk_rac,NK_S,Kamp 2020,arterial,calibration,8.07346,0.0938822
kamp_S_nk_rac,NK_S,Kamp 2020,arterial,calibration,8.09349,0.0938768
kamp_S_nk_rac,NK_S,Kamp 2020,arterial,calibration,8.11352,0.0938712
kamp_S_nk_rac,NK_S,Kamp 2020,arterial,calibration,8.13356,0.0938655
kamp_S_nk_rac,NK_S,Kamp 2020,arterial,calibration,8.15359,0.0938597
kamp_S_nk_rac,NK_S,Kamp 2020,arterial,calibration,8.17362,0.0938538
kamp_S_nk_rac,NK_S,Kamp 2020,arterial,calibration,8.19366,0.0938478
kamp_S_nk_rac,NK_S,Kamp 2020,arterial,calibration,8.21369,0.0938417
kamp_S_nk_rac,NK_S,Kamp 2020,arterial,calibration,8.23372,0.0938355
kamp_S_nk_rac,NK_S,Kamp 2020,arterial,calibration,8.25376,0.0938291
kamp_S_nk_rac,NK_S,Kamp 2020,arterial,calibration,8.27379,0.0938227
kamp_S_nk_rac,NK_S,Kamp 2020,arterial,calibration,8.29382,0.0938161
kamp_S_nk_rac,NK_S,Kamp 2020,arterial,calibration,8.31386,0.0938094
kamp_S_nk_rac,NK_S,Kamp 2020,arterial,calibration,8.33389,0.0938026
kamp_S_nk_rac,NK_S,Kamp 2020,arterial,calibration,8.35392,0.0937957
kamp_S_nk_rac,NK_S,Kamp 2020,arterial,calibration,8.37396,0.0937887
kamp_S_nk_rac,NK_S,Kamp 2020,arterial,calibration,8.39399,0.0937816
kamp_S_nk_rac,NK_S,Kamp 2020,arterial,calibration,8.41402,0.0937744
kamp_S_nk_rac,NK_S,Kamp 2020,arterial,calibration,8.43406,0.093767
kamp_S_nk_rac,NK_S,Kamp 2020,arterial,calibration,8.45409,0.0937596
kamp_S_nk_rac,NK_S,Kamp 2020,arterial,calibration,8.47412,0.093752
kamp_S_nk_rac,NK_S,Kamp 2020,arterial,calibration,8.49416,0.0937444
kamp_S_nk_rac,NK_S,Kamp 2020,arterial,calibration,8.51419,0.0937366
kamp_S_nk_rac,NK_S,Kamp 2020,arterial,calibration,8.53422,0.0937287
kamp_S_nk_rac,NK_S,Kamp 2020,arterial,calibration,8.55426,0.0937207
kamp_S_nk_rac,NK_S,Kamp 2020,arterial,calibration,8.57429,0.0937126
kamp_S_nk_rac,NK_S,Kamp 2020,arterial,calibration,8.59432,0.0937044
kamp_S_nk_rac,NK_S,Kamp 2020,arterial,calibration,8.61436,0.0936961
kamp_S_nk_rac,NK_S,Kamp 2020,arterial,calibration,8.63439,0.0936876
kamp_S_nk_rac,NK_S,Kamp 2020,arterial,calibration,8.65442,0.0936791
kamp_S_nk_rac,NK_S,Kamp 2020,arterial,calibration,8.67446,0.0936704
kamp_S_nk_rac,NK_S,Kamp 2020,arterial,calibration,8.69449,0.0936617
kamp_S_nk_rac,NK_S,Kamp 2020,arterial,calibration,8.71452,0.0936528
kamp_S_nk_rac,NK_S,Kamp 2020,arterial,calibration,8.73456,0.0936438
kamp_S_nk_rac,NK_S,Kamp 2020,arterial,calibration,8.75459,0.0936348
kamp_S_nk_rac,NK_S,Kamp 2020,arterial,calibration,8.77462,0.0936256
kamp_S_nk_rac,NK_S,Kamp 2020,arterial,calibration,8.79466,0.0936163
kamp_S_nk_rac,NK_S,Kamp 2020,arterial,calibration,8.81469,0.0936069
kamp_S_nk_rac,NK_S,Kamp 2020,arterial,calibration,8.83472,0.0935974
kamp_S_nk_rac,NK_S,Kamp 2020,arterial,calibration,8.85476,0.0935878
kamp_S_nk_rac,NK_S,Kamp 2020,arterial,calibration,8.87479,0.0935781
kamp_S_nk_rac,NK_S,Kamp 2020,arterial,calibration,8.89482,0.0935683
kamp_S_nk_rac,NK_S,Kamp 2020,arterial,calibration,8.91486,0.0935584
kamp_S_nk_rac,NK_S,Kamp 2020,arterial,calibration,8.93489,0.0935484
kamp_S_nk_rac,NK_S,Kamp 2020,arterial,calibration,8.95492,0.0935383
kamp_S_nk_rac,NK_S,Kamp 2020,arterial,calibration,8.97496,0.093528
kamp_S_nk_rac,NK_S,Kamp 2020,arterial,calibration,8.99499,0.0935177
kamp_S_nk_rac,NK_S,Kamp 2020,arterial,calibration,9.01503,0.0935073
kamp_S_nk_rac,NK_S,Kamp 2020,arterial,calibration,9.03506,0.0934967
kamp_S_nk_rac,NK_S,Kamp 2020,arterial,calibration,9.05509,0.0934861
kamp_S_nk_rac,NK_S,Kamp 2020,arterial,calibration,9.07513,0.0934754
kamp_S_nk_rac,NK_S,Kamp 2020,arterial,calibration,9.09516,0.0934645
kamp_S_nk_rac,NK_S,Kamp 2020,arterial,calibration,9.11519,0.0934536
kamp_S_nk_rac,NK_S,Kamp 2020,arterial,calibration,9.13523,0.0934426
kamp_S_nk_rac,NK_S,Kamp 2020,arterial,calibration,9.15526,0.0934314
kamp_S_nk_rac,NK_S,Kamp 2020,arterial,calibration,9.17529,0.0934202
kamp_S_nk_rac,NK_S,Kamp 2020,arterial,calibration,9.19533,0.0934089
kamp_S_nk_rac,NK_S,Kamp 2020,arterial,calibration,9.21536,0.0933974
kamp_S_nk_rac,NK_S,Kamp 2020,arterial,calibration,9.23539,0.0933859
kamp_S_nk_rac,NK_S,Kamp 2020,arterial,calibration,9.25543,0.0933743
kamp_S_nk_rac,NK_S,Kamp 2020,arterial,calibration,9.27546,0.0933626
kamp_S_nk_rac,NK_S,Kamp 2020,arterial,calibration,9.29549,0.0933507
kamp_S_nk_rac,NK_S,Kamp 2020,arterial,calibration,9.31553,0.0933388
kamp_S_nk_rac,NK_S,Kamp 2020,arterial,calibration,9.33556,0.0933268
kamp_S_nk_rac,NK_S,Kamp 2020,arterial,calibration,9.35559,0.0933147
kamp_S_nk_rac,NK_S,Kamp 2020,arterial,calibration,9.37563,0.0933025
kamp_S_nk_rac,NK_S,Kamp 2020,arterial,calibration,9.39566,0.0932902
kamp_S_nk_rac,NK_S,Kamp 2020,arterial,calibration,9.41569,0.0932778
kamp_S_nk_rac,NK_S,Kamp 2020,arterial,calibration,9.43573,0.0932653
kamp_S_nk_rac,NK_S,Kamp 2020,arterial,calibration,9.45576,0.0932527
kamp_S_nk_rac,NK_S,Kamp 2020,arterial,calibration,9.47579,0.09324
kamp_S_nk_rac,NK_S,Kamp 2020,arterial,calibration,9.49583,0.0932272
kamp_S_nk_rac,NK_S,Kamp 2020,arterial,calibration,9.51586,0.0932143
kamp_S_nk_rac,NK_S,Kamp 2020,arterial,calibration,9.53589,0.0932014
kamp_S_nk_rac,NK_S,Kamp 2020,arterial,calibration,9.55593,0.0931883
kamp_S_nk_rac,NK_S,Kamp 2020,arterial,calibration,9.57596,0.0931751
kamp_S_nk_rac,NK_S,Kamp 2020,arterial,calibration,9.59599,0.0931619
kamp_S_nk_rac,NK_S,Kamp 2020,arterial,calibration,9.61603,0.0931486
kamp_S_nk_rac,NK_S,Kamp 2020,arterial,calibration,9.63606,0.0931351
kamp_S_nk_rac,NK_S,Kamp 2020,arterial,calibration,9.65609,0.0931216
kamp_S_nk_rac,NK_S,Kamp 2020,arterial,calibration,9.67613,0.093108
kamp_S_nk_rac,NK_S,Kamp 2020,arterial,calibration,9.69616,0.0930943
kamp_S_nk_rac,NK_S,Kamp 2020,arterial,calibration,9.71619,0.0930805
kamp_S_nk_rac,NK_S,Kamp 2020,arterial,calibration,9.73623,0.0930666
kamp_S_nk_rac,NK_S,Kamp 2020,arterial,calibration,9.75626,0.0930527
kamp_S_nk_rac,NK_S,Kamp 2020,arterial,calibration,9.77629,0.0930386
kamp_S_nk_rac,NK_S,Kamp 2020,arterial,calibration,9.79633,0.0930244
kamp_S_nk_rac,NK_S,Kamp 2020,arterial,calibration,9.81636,0.0930102
kamp_S_nk_rac,NK_S,Kamp 2020,arterial,calibration,9.83639,0.0929959
kamp_S_nk_rac,NK_S,Kamp 2020,arterial,calibration,9.85643,0.0929815
kamp_S_nk_rac,NK_S,Kamp 2020,arterial,calibration,9.87646,0.092967
kamp_S_nk_rac,NK_S,Kamp 2020,arterial,calibration,9.89649,0.0929524
kamp_S_nk_rac,NK_S,Kamp 2020,arterial,calibration,9.91653,0.0929377
kamp_S_nk_rac,NK_S,Kamp 2020,arterial,calibration,9.93656,0.092923
kamp_S_nk_rac,NK_S,Kamp 2020,arterial,calibration,9.95659,0.0929081
kamp_S_nk_rac,NK_S,Kamp 2020,arterial,calibration,9.97663,0.0928932
kamp_S_nk_rac,NK_S,Kamp 2020,arterial,calibration,9.99666,0.0928782
kamp_S_nk_rac,NK_S,Kamp 2020,arterial,calibration,10.0167,0.0928631
kamp_S_nk_rac,NK_S,Kamp 2020,arterial,calibration,10.0367,0.0928479
kamp_S_nk_rac,NK_S,Kamp 2020,arterial,calibration,10.0568,0.0928326
kamp_S_nk_rac,NK_S,Kamp 2020,arterial,calibration,10.0768,0.0928172
kamp_S_nk_rac,NK_S,Kamp 2020,arterial,calibration,10.0968,0.0928018
kamp_S_nk_rac,NK_S,Kamp 2020,arterial,calibration,10.1169,0.0927863
kamp_S_nk_rac,NK_S,Kamp 2020,arterial,calibration,10.1369,0.0927707
kamp_S_nk_rac,NK_S,Kamp 2020,arterial,calibration,10.1569,0.092755
kamp_S_nk_rac,NK_S,Kamp 2020,arterial,calibration,10.177,0.0927392
kamp_S_nk_rac,NK_S,Kamp 2020,arterial,calibration,10.197,0.0927234
kamp_S_nk_rac,NK_S,Kamp 2020,arterial,calibration,10.217,0.0927074
kamp_S_nk_rac,NK_S,Kamp 2020,arterial,calibration,10.2371,0.0926914
kamp_S_nk_rac,NK_S,Kamp 2020,arterial,calibration,10.2571,0.0926753
kamp_S_nk_rac,NK_S,Kamp 2020,arterial,calibration,10.2771,0.0926591
kamp_S_nk_rac,NK_S,Kamp 2020,arterial,calibration,10.2972,0.0926429
kamp_S_nk_rac,NK_S,Kamp 2020,arterial,calibration,10.3172,0.0926265
kamp_S_nk_rac,NK_S,Kamp 2020,arterial,calibration,10.3372,0.0926101
kamp_S_nk_rac,NK_S,Kamp 2020,arterial,calibration,10.3573,0.0925936
kamp_S_nk_rac,NK_S,Kamp 2020,arterial,calibration,10.3773,0.0925771
kamp_S_nk_rac,NK_S,Kamp 2020,arterial,calibration,10.3973,0.0925604
kamp_S_nk_rac,NK_S,Kamp 2020,arterial,calibration,10.4174,0.0925437
kamp_S_nk_rac,NK_S,Kamp 2020,arterial,calibration,10.4374,0.0925269
kamp_S_nk_rac,NK_S,Kamp 2020,arterial,calibration,10.4574,0.09251
kamp_S_nk_rac,NK_S,Kamp 2020,arterial,calibration,10.4775,0.092493
kamp_S_nk_rac,NK_S,Kamp 2020,arterial,calibration,10.4975,0.092476
kamp_S_nk_rac,NK_S,Kamp 2020,arterial,calibration,10.5175,0.0924589
kamp_S_nk_rac,NK_S,Kamp 2020,arterial,calibration,10.5376,0.0924417
kamp_S_nk_rac,NK_S,Kamp 2020,arterial,calibration,10.5576,0.0924244
kamp_S_nk_rac,NK_S,Kamp 2020,arterial,calibration,10.5776,0.092407
kamp_S_nk_rac,NK_S,Kamp 2020,arterial,calibration,10.5977,0.0923896
kamp_S_nk_rac,NK_S,Kamp 2020,arterial,calibration,10.6177,0.0923721
kamp_S_nk_rac,NK_S,Kamp 2020,arterial,calibration,10.6377,0.0923545
kamp_S_nk_rac,NK_S,Kamp 2020,arterial,calibration,10.6578,0.0923369
kamp_S_nk_rac,NK_S,Kamp 2020,arterial,calibration,10.6778,0.0923192
kamp_S_nk_rac,NK_S,Kamp 2020,arterial,calibration,10.6978,0.0923014
kamp_S_nk_rac,NK_S,Kamp 2020,arterial,calibration,10.7179,0.0922835
kamp_S_nk_rac,NK_S,Kamp 2020,arterial,calibration,10.7379,0.0922656
kamp_S_nk_rac,NK_S,Kamp 2020,arterial,calibration,10.7579,0.0922476
kamp_S_nk_rac,NK_S,Kamp 2020,arterial,calibration,10.778,0.0922295
kamp_S_nk_rac,NK_S,Kamp 2020,arterial,calibration,10.798,0.0922113
kamp_S_nk_rac,NK_S,Kamp 2020,arterial,calibration,10.818,0.0921931
kamp_S_nk_rac,NK_S,Kamp 2020,arterial,calibration,10.8381,0.0921748
kamp_S_nk_rac,NK_S,Kamp 2020,arterial,calibration,10.8581,0.0921564
kamp_S_nk_rac,NK_S,Kamp 2020,arterial,calibration,10.8781,0.0921379
kamp_S_nk_rac,NK_S,Kamp 2020,arterial,calibration,10.8982,0.0921194
kamp_S_nk_rac,NK_S,Kamp 2020,arterial,calibration,10.9182,0.0921008
kamp_S_nk_rac,NK_S,Kamp 2020,arterial,calibration,10.9382,0.0920822
kamp_S_nk_rac,NK_S,Kamp 2020,arterial,calibration,10.9583,0.0920634
kamp_S_nk_rac,NK_S,Kamp 2020,arterial,calibration,10.9783,0.0920446
kamp_S_nk_rac,NK_S,Kamp 2020,arterial,calibration,10.9983,0.0920258
kamp_S_nk_rac,NK_S,Kamp 2020,arterial,calibration,11.0184,0.0920068
kamp_S_nk_rac,NK_S,Kamp 2020,arterial,calibration,11.0384,0.0919878
kamp_S_nk_rac,NK_S,Kamp 2020,arterial,calibration,11.0584,0.0919688
kamp_S_nk_rac,NK_S,Kamp 2020,arterial,calibration,11.0785,0.0919496
kamp_S_nk_rac,NK_S,Kamp 2020,arterial,calibration,11.0985,0.0919304
kamp_S_nk_rac,NK_S,Kamp 2020,arterial,calibration,11.1185,0.0919111
kamp_S_nk_rac,NK_S,Kamp 2020,arterial,calibration,11.1386,0.0918918
kamp_S_nk_rac,NK_S,Kamp 2020,arterial,calibration,11.1586,0.0918724
kamp_S_nk_rac,NK_S,Kamp 2020,arterial,calibration,11.1786,0.0918529
kamp_S_nk_rac,NK_S,Kamp 2020,arterial,calibration,11.1987,0.0918333
kamp_S_nk_rac,NK_S,Kamp 2020,arterial,calibration,11.2187,0.0918137
kamp_S_nk_rac,NK_S,Kamp 2020,arterial,calibration,11.2387,0.0917941
kamp_S_nk_rac,NK_S,Kamp 2020,arterial,calibration,11.2588,0.0917743
kamp_S_nk_rac,NK_S,Kamp 2020,arterial,calibration,11.2788,0.0917545
kamp_S_nk_rac,NK_S,Kamp 2020,arterial,calibration,11.2988,0.0917346
kamp_S_nk_rac,NK_S,Kamp 2020,arterial,calibration,11.3189,0.0917147
kamp_S_nk_rac,NK_S,Kamp 2020,arterial,calibration,11.3389,0.0916947
kamp_S_nk_rac,NK_S,Kamp 2020,arterial,calibration,11.3589,0.0916746
kamp_S_nk_rac,NK_S,Kamp 2020,arterial,calibration,11.379,0.0916545
kamp_S_nk_rac,NK_S,Kamp 2020,arterial,calibration,11.399,0.0916343
kamp_S_nk_rac,NK_S,Kamp 2020,arterial,calibration,11.419,0.091614
kamp_S_nk_rac,NK_S,Kamp 2020,arterial,calibration,11.4391,0.0915937
kamp_S_nk_rac,NK_S,Kamp 2020,arterial,calibration,11.4591,0.0915733
kamp_S_nk_rac,NK_S,Kamp 2020,arterial,calibration,11.4791,0.0915529
kamp_S_nk_rac,NK_S,Kamp 2020,arterial,calibration,11.4992,0.0915324
kamp_S_nk_rac,NK_S,Kamp 2020,arterial,calibration,11.5192,0.0915118
kamp_S_nk_rac,NK_S,Kamp 2020,arterial,calibration,11.5392,0.0914912
kamp_S_nk_rac,NK_S,Kamp 2020,arterial,calibration,11.5593,0.0914705
kamp_S_nk_rac,NK_S,Kamp 2020,arterial,calibration,11.5793,0.0914497
kamp_S_nk_rac,NK_S,Kamp 2020,arterial,calibration,11.5993,0.0914289
kamp_S_nk_rac,NK_S,Kamp 2020,arterial,calibration,11.6194,0.091408
kamp_S_nk_rac,NK_S,Kamp 2020,arterial,calibration,11.6394,0.0913871
kamp_S_nk_rac,NK_S,Kamp 2020,arterial,calibration,11.6594,0.0913661
kamp_S_nk_rac,NK_S,Kamp 2020,arterial,calibration,11.6795,0.091345
kamp_S_nk_rac,NK_S,Kamp 2020,arterial,calibration,11.6995,0.0913239
kamp_S_nk_rac,NK_S,Kamp 2020,arterial,calibration,11.7195,0.0913027
kamp_S_nk_rac,NK_S,Kamp 2020,arterial,calibration,11.7396,0.0912815
kamp_S_nk_rac,NK_S,Kamp 2020,arterial,calibration,11.7596,0.0912602
kamp_S_nk_rac,NK_S,Kamp 2020,arterial,calibration,11.7796,0.0912388
kamp_S_nk_rac,NK_S,Kamp 2020,arterial,calibration,11.7997,0.0912174
kamp_S_nk_rac,NK_S,Kamp 2020,arterial,calibration,11.8197,0.0911959
kamp_S_nk_rac,NK_S,Kamp 2020,arterial,calibration,11.8397,0.0911744
kamp_S_nk_rac,NK_S,Kamp 2020,arterial,calibration,11.8598,0.0911528
kamp_S_nk_rac,NK_S,Kamp 2020,arterial,calibration,11.8798,0.0911312
kamp_S_nk_rac,NK_S,Kamp 2020,arterial,calibration,11.8998,0.0911095
kamp_S_nk_rac,NK_S,Kamp 2020,arterial,calibration,11.9199,0.0910877
kamp_S_nk_rac,NK_S,Kamp 2020,arterial,calibration,11.9399,0.0910659
kamp_S_nk_rac,NK_S,Kamp 2020,arterial,calibration,11.9599,0.091044
kamp_S_nk_rac,NK_S,Kamp 2020,arterial,calibration,11.98,0.0910221
kamp_S_nk_rac,NK_S,Kamp 2020,arterial,calibration,12,0.0910001
kamp_R_nk_rac,NK_R,Kamp 2020,arterial,calibration,0,0
kamp_R_nk_rac,NK_R,Kamp 2020,arterial,calibration,0.0200334,3.51876e-05
kamp_R_nk_rac,NK_R,Kamp 2020,arterial,calibration,0.0400668,0.000136164
kamp_R_nk_rac,NK_R,Kamp 2020,arterial,calibration,0.0601002,0.000296497
kamp_R_nk_rac,NK_R,Kamp 2020,arterial,calibration,0.0801336,0.000510291
kamp_R_nk_rac,NK_R,Kamp 2020,arterial,calibration,0.100167,0.000772134
kamp_R_nk_rac,NK_R,Kamp 2020,arterial,calibration,0.1202,0.00107706
kamp_R_nk_rac,NK_R,Kamp 2020,arterial,calibration,0.140234,0.0014205
kamp_R_nk_rac,NK_R,Kamp 2020,arterial,calibration,0.160267,0.00179827
kamp_R_nk_rac,NK_R,Kamp 2020,arterial,calibration,0.180301,0.00220653
kamp_R_nk_rac,NK_R,Kamp 2020,arterial,calibration,0.200334,0.00264174
kamp_R_nk_rac,NK_R,Kamp 2020,arterial,calibration,0.220367,0.00310068
kamp_R_nk_rac,NK_R,Kamp 2020,arterial,calibration,0.240401,0.00358039
kamp_R_nk_rac,NK_R,Kamp 2020,arterial,calibration,0.260434,0.00407816
kamp_R_nk_rac,NK_R,Kamp 2020,arterial,calibration,0.280467,0.0045915
kamp_R_nk_rac,NK_R,Kamp 2020,arterial,calibration,0.300501,0.00511815
kamp_R_nk_rac,NK_R,Kamp 2020,arterial,calibration,0.320534,0.00565605
kamp_R_nk_rac,NK_R,Kamp 2020,arterial,calibration,0.340568,0.0062033
kamp_R_nk_rac,NK_R,Kamp 2020,arterial,calibration,0.360601,0.00675821
kamp_R_nk_rac,NK_R,Kamp 2020,arterial,calibration,0.380634,0.0073192
kamp_R_nk_rac,NK_R,Kamp 2020,arterial,calibration,0.400668,0.00788487
kamp_R_nk_rac,NK_R,Kamp 2020,arterial,calibration,0.420701,0.00845394
kamp_R_nk_rac,NK_R,Kamp 2020,arterial,calibration,0.440735,0.00902523
kamp_R_nk_rac,NK_R,Kamp 2020,arterial,calibration,0.460768,0.00959772
kamp_R_nk_rac,NK_R,Kamp 2020,arterial,calibration,0.480801,0.0101704
kamp_R_nk_rac,NK_R,Kamp 2020,arterial,calibration,0.500835,0.0107426
kamp_R_nk_rac,NK_R,Kamp 2020,arterial,calibration,0.520868,0.0113134
kamp_R_nk_rac,NK_R,Kamp 2020,arterial,calibration,0.540902,0.0118821
kamp_R_nk_rac,NK_R,Kamp 2020,arterial,calibration,0.560935,0.0124482
kamp_R_nk_rac,NK_R,Kamp 2020,arterial,calibration,0.580968,0.0130111
kamp_R_nk_rac,NK_R,Kamp 2020,arterial,calibration,0.601002,0.0135705
kamp_R_nk_rac,NK_R,Kamp 2020,arterial,calibration,0.621035,0.0141257
kamp_R_nk_rac,NK_R,Kamp 2020,arterial,calibration,0.641068,0.0146765
kamp_R_nk_rac,NK_R,Kamp 2020,arterial,calibration,0.661102,0.0152227
kamp_R_nk_rac,NK_R,Kamp 2020,arterial,calibration,0.681135,0.0157638
kamp_R_nk_rac,NK_R,Kamp 2020,arterial,calibration,0.701169,0.0162997
kamp_R_nk_rac,NK_R,Kamp 2020,arterial,calibration,0.721202,0.0168302
kamp_R_nk_rac,NK_R,Kamp 2020,arterial,calibration,0.741235,0.0173552
kamp_R_nk_rac,NK_R,Kamp 2020,arterial,calibration,0.761269,0.0178744
kamp_R_nk_rac,NK_R,Kamp 2020,arterial,calibration,0.781302,0.0183879
kamp_R_nk_rac,NK_R,Kamp 2020,arterial,calibration,0.801336,0.0188955
kamp_R_nk_rac,NK_R,Kamp 2020,arterial,calibration,0.821369,0.0193972
kamp_R_nk_rac,NK_R,Kamp 2020,arterial,calibration,0.841402,0.0198929
kamp_R_nk_rac,NK_R,Kamp 2020,arterial,calibration,0.861436,0.0203827
kamp_R_nk_rac,NK_R,Kamp 2020,arterial,calibration,0.881469,0.0208665
kamp_R_nk_rac,NK_R,Kamp 2020,arterial,calibration,0.901503,0.0213444
kamp_R_nk_rac,NK_R,Kamp 2020,arterial,calibration,0.921536,0.0218164
kamp_R_nk_rac,NK_R,Kamp 2020,arterial,calibration,0.941569,0.0222826
kamp_R_nk_rac,NK_R,Kamp 2020,arterial,calibration,0.961603,0.022743
kamp_R_nk_rac,NK_R,Kamp 2020,arterial,calibration,0.981636,0.0231976
kamp_R_nk_rac,NK_R,Kamp 2020,arterial,calibration,1.00167,0.0236468
kamp_R_nk_rac,NK_R,Kamp 2020,arterial,calibration,1.0217,0.0241326
kamp_R_nk_rac,NK_R,Kamp 2020,arterial,calibration,1.04174,0.0246805
kamp_R_nk_rac,NK_R,Kamp 2020,arterial,calibration,1.06177,0.0252839
kamp_R_nk_rac,NK_R,Kamp 2020,arterial,calibration,1.0818,0.0259368
kamp_R_nk_rac,NK_R,Kamp 2020,arterial,calibration,1.10184,0.0266339
kamp_R_nk_rac,NK_R,Kamp 2020,arterial,calibration,1.12187,0.0273702
kamp_R_nk_rac,NK_R,Kamp 2020,arterial,calibration,1.1419,0.0281409
kamp_R_nk_rac,NK_R,Kamp 2020,arterial,calibration,1.16194,0.028942
kamp_R_nk_rac,NK_R,Kamp 2020,arterial,calibration,1.18197,0.0297695
kamp_R_nk_rac,NK_R,Kamp 2020,arterial,calibration,1.202,0.03062
kamp_R_nk_rac,NK_R,Kamp 2020,arterial,calibration,1.22204,0.0314903
kamp_R_nk_rac,NK_R,Kamp 2020,arterial,calibration,1.24207,0.0323774
kamp_R_nk_rac,NK_R,Kamp 2020,arterial,calibration,1.2621,0.0332787
kamp_R_nk_rac,NK_R,Kamp 2020,arterial,calibration,1.28214,0.0341917
kamp_R_nk_rac,NK_R,Kamp 2020,arterial,calibration,1.30217,0.0351141
kamp_R_nk_rac,NK_R,Kamp 2020,arterial,calibration,1.3222,0.0360441
kamp_R_nk_rac,NK_R,Kamp 2020,arterial,calibration,1.34224,0.0369797
kamp_R_nk_rac,NK_R,Kamp 2020,arterial,calibration,1.36227,0.0379194
kamp_R_nk_rac,NK_R,Kamp 2020,arterial,calibration,1.3823,0.0388615
kamp_R_nk_rac,NK_R,Kamp 2020,arterial,calibration,1.40234,0.0398048
kamp_R_nk_rac,NK_R,Kamp 2020,arterial,calibration,1.42237,0.0407481
kamp_R_nk_rac,NK_R,Kamp 2020,arterial,calibration,1.4424,0.0416903
kamp_R_nk_rac,NK_R,Kamp 2020,arterial,calibration,1.46244,0.0426303
kamp_R_nk_rac,NK_R,Kamp 2020,arterial,calibration,1.48247,0.0435674
kamp_R_nk_rac,NK_R,Kamp 2020,arterial,calibration,1.5025,0.0445007
kamp_R_nk_rac,NK_R,Kamp 2020,arterial,calibration,1.52254,0.0454297
kamp_R_nk_rac,NK_R,Kamp 2020,arterial,calibration,1.54257,0.0463536
kamp_R_nk_rac,NK_R,Kamp 2020,arterial,calibration,1.5626,0.0472719
kamp_R_nk_rac,NK_R,Kamp 2020,arterial,calibration,1.58264,0.0481843
kamp_R_nk_rac,NK_R,Kamp 2020,arterial,calibration,1.60267,0.0490902
kamp_R_nk_rac,NK_R,Kamp 2020,arterial,calibration,1.6227,0.0499894
kamp_R_nk_rac,NK_R,Kamp 2020,arterial,calibration,1.64274,0.0508816
kamp_R_nk_rac,NK_R,Kamp 2020,arterial,calibration,1.66277,0.0517666
kamp_R_nk_rac,NK_R,Kamp 2020,arterial,calibration,1.6828,0.052644
kamp_R_nk_rac,NK_R,Kamp 2020,arterial,calibration,1.70284,0.0535139
kamp_R_nk_rac,NK_R,Kamp 2020,arterial,calibration,1.72287,0.0543761
kamp_R_nk_rac,NK_R,Kamp 2020,arterial,calibration,1.7429,0.0552304
kamp_R_nk_rac,NK_R,Kamp 2020,arterial,calibration,1.76294,0.0560768
kamp_R_nk_rac,NK_R,Kamp 2020,arterial,calibration,1.78297,0.0569154
kamp_R_nk_rac,NK_R,Kamp 2020,arterial,calibration,1.80301,0.057746
kamp_R_nk_rac,NK_R,Kamp 2020,arterial,calibration,1.82304,0.0585688
kamp_R_nk_rac,NK_R,Kamp 2020,arterial,calibration,1.84307,0.0593837
kamp_R_nk_rac,NK_R,Kamp 2020,arterial,calibration,1.86311,0.0601907
kamp_R_nk_rac,NK_R,Kamp 2020,arterial,calibration,1.88314,0.0609901
kamp_R_nk_rac,NK_R,Kamp 2020,arterial,calibration,1.90317,0.0617817
kamp_R_nk_rac,NK_R,Kamp 2020,arterial,calibration,1.92321,0.0625658
kamp_R_nk_rac,NK_R,Kamp 2020,arterial,calibration,1.94324,0.0633424
kamp_R_nk_rac,NK_R,Kamp 2020,arterial,calibration,1.96327,0.0641116
kamp_R_nk_rac,NK_R,Kamp 2020,arterial,calibration,1.98331,0.0648736
kamp_R_nk_rac,NK_R,Kamp 2020,arterial,calibration,2.00334,0.0656305
kamp_R_nk_rac,NK_R,Kamp 2020,arterial,calibration,2.02337,0.0664733
kamp_R_nk_rac,NK_R,Kamp 2020,arterial,calibration,2.04341,0.0674409
kamp_R_nk_rac,NK_R,Kamp 2020,arterial,calibration,2.06344,0.0685206
kamp_R_nk_rac,NK_R,Kamp 2020,arterial,calibration,2.08347,0.0697006
kamp_R_nk_rac,NK_R,Kamp 2020,arterial,calibration,2.10351,0.0709702
kamp_R_nk_rac,NK_R,Kamp 2020,arterial,calibration,2.12354,0.0723197
kamp_R_nk_rac,NK_R,Kamp 2020,arterial,calibration,2.14357,0.0737399
kamp_R_nk_rac,NK_R,Kamp 2020,arterial,calibration,2.16361,0.0752228
kamp_R_nk_rac,NK_R,Kamp 2020,arterial,calibration,2.18364,0.0767606
kamp_R_nk_rac,NK_R,Kamp 2020,arterial,calibration,2.20367,0.0783465
kamp_R_nk_rac,NK_R,Kamp 2020,arterial,calibration,2.22371,0.0799741
kamp_R_nk_rac,NK_R,Kamp 2020,arterial,calibration,2.24374,0.0816377
kamp_R_nk_rac,NK_R,Kamp 2020,arterial,calibration,2.26377,0.0833319
kamp_R_nk_rac,NK_R,Kamp 2020,arterial,calibration,2.28381,0.085052
kamp_R_nk_rac,NK_R,Kamp 2020,arterial,calibration,2.30384,0.0867934
kamp_R_nk_rac,NK_R,Kamp 2020,arterial,calibration,2.32387,0.0885523
kamp_R_nk_rac,NK_R,Kamp 2020,arterial,calibration,2.34391,0.0903251
kamp_R_nk_rac,NK_R,Kamp 2020,arterial,calibration,2.36394,0.0921083
kamp_R_nk_rac,NK_R,Kamp 2020,arterial,calibration,2.38397,0.093899
kamp_R_nk_rac,NK_R,Kamp 2020,arterial,calibration,2.40401,0.0956945
kamp_R_nk_rac,NK_R,Kamp 2020,arterial,calibration,2.42404,0.0974925
kamp_R_nk_rac,NK_R,Kamp 2020,arterial,calibration,2.44407,0.0992906
kamp_R_nk_rac,NK_R,Kamp 2020,arterial,calibration,2.46411,0.101087
kamp_R_nk_rac,NK_R,Kamp 2020,arterial,calibration,2.48414,0.10288
kamp_R_nk_rac,NK_R,Kamp 2020,arterial,calibration,2.50417,0.104667
kamp_R_nk_rac,NK_R,Kamp 2020,arterial,calibration,2.52421,0.106449
kamp_R_nk_rac,NK_R,Kamp 2020,arterial,calibration,2.54424,0.108222
kamp_R_nk_rac,NK_R,Kamp 2020,arterial,calibration,2.56427,0.109987
kamp_R_nk_rac,NK_R,Kamp 2020,arterial,calibration,2.58431,0.111742
kamp_R_nk_rac,NK_R,Kamp 2020,arterial,calibration,2.60434,0.113486
kamp_R_nk_rac,NK_R,Kamp 2020,arterial,calibration,2.62437,0.115219
kamp_R_nk_rac,NK_R,Kamp 2020,arterial,calibration,2.64441,0.11694
kamp_R_nk_rac,NK_R,Kamp 2020,arterial,calibration,2.66444,0.118649
kamp_R_nk_rac,NK_R,Kamp 2020,arterial,calibration,2.68447,0.120344
kamp_R_nk_rac,NK_R,Kamp 2020,arterial,calibration,2.70451,0.122027
kamp_R_nk_rac,NK_R,Kamp 2020,arterial,calibration,2.72454,0.123696
kamp_R_nk_rac,NK_R,Kamp 2020,arterial,calibration,2.74457,0.125351
kamp_R_nk_rac,NK_R,Kamp 2020,arterial,calibration,2.76461,0.126992
kamp_R_nk_rac,NK_R,Kamp 2020,arterial,calibration,2.78464,0.128619
kamp_R_nk_rac,NK_R,Kamp 2020,arterial,calibration,2.80467,0.130233
kamp_R_nk_rac,NK_R,Kamp 2020,arterial,calibration,2.82471,0.131832
kamp_R_nk_rac,NK_R,Kamp 2020,arterial,calibration,2.84474,0.133417
kamp_R_nk_rac,NK_R,Kamp 2020,arterial,calibration,2.86477,0.134988
kamp_R_nk_rac,NK_R,Kamp 2020,arterial,calibration,2.88481,0.136545
kamp_R_nk_rac,NK_R,Kamp 2020,arterial,calibration,2.90484,0.138088
kamp_R_nk_rac,NK_R,Kamp 2020,arterial,calibration,2.92487,0.139617
kamp_R_nk_rac,NK_R,Kamp 2020,arterial,calibration,2.94491,0.141133
kamp_R_nk_rac,NK_R,Kamp 2020,arterial,calibration,2.96494,0.142636
kamp_R_nk_rac,NK_R,Kamp 2020,arterial,calibration,2.98497,0.144125
kamp_R_nk_rac,NK_R,Kamp 2020,arterial,calibration,3.00501,0.145593
kamp_R_nk_rac,NK_R,Kamp 2020,arterial,calibration,3.02504,0.146844
kamp_R_nk_rac,NK_R,Kamp 2020,arterial,calibration,3.04508,0.147821
kamp_R_nk_rac,NK_R,Kamp 2020,arterial,calibration,3.06511,0.148551
kamp_R_nk_rac,NK_R,Kamp 2020,arterial,calibration,3.08514,0.149057
kamp_R_nk_rac,NK_R,Kamp 2020,arterial,calibration,3.10518,0.14936
kamp_R_nk_rac,NK_R,Kamp 2020,arterial,calibration,3.12521,0.149482
kamp_R_nk_rac,NK_R,Kamp 2020,arterial,calibration,3.14524,0.14944
kamp_R_nk_rac,NK_R,Kamp 2020,arterial,calibration,3.16528,0.149251
kamp_R_nk_rac,NK_R,Kamp 2020,arterial,calibration,3.18531,0.148931
kamp_R_nk_rac,NK_R,Kamp 2020,arterial,calibration,3.20534,0.148494
kamp_R_nk_rac,NK_R,Kamp 2020,arterial,calibration,3.22538,0.147954
kamp_R_nk_rac,NK_R,Kamp 2020,arterial,calibration,3.24541,0.147322
kamp_R_nk_rac,NK_R,Kamp 2020,arterial,calibration,3.26544,0.146609
kamp_R_nk_rac,NK_R,Kamp 2020,arterial,calibration,3.28548,0.145827
kamp_R_nk_rac,NK_R,Kamp 2020,arterial,calibration,3.30551,0.144983
kamp_R_nk_rac,NK_R,Kamp 2020,arterial,calibration,3.32554,0.144086
kamp_R_nk_rac,NK_R,Kamp 2020,arterial,calibration,3.34558,0.143145
kamp_R_nk_rac,NK_R,Kamp 2020,arterial,calibration,3.36561,0.142165
kamp_R_nk_rac,NK_R,Kamp 2020,arterial,calibration,3.38564,0.141155
kamp_R_nk_rac,NK_R,Kamp 2020,arterial,calibration,3.40568,0.140118
kamp_R_nk_rac,NK_R,Kamp 2020,arterial,calibration,3.42571,0.139062
kamp_R_nk_rac,NK_R,Kamp 2020,arterial,calibration,3.44574,0.13799
kamp_R_nk_rac,NK_R,Kamp 2020,arterial,calibration,3.46578,0.136908
kamp_R_nk_rac,NK_R,Kamp 2020,arterial,calibration,3.48581,0.135818
kamp_R_nk_rac,NK_R,Kamp 2020,arterial,calibration,3.50584,0.134725
kamp_R_nk_rac,NK_R,Kamp 2020,arterial,calibration,3.52588,0.133632
kamp_R_nk_rac,NK_R,Kamp 2020,arterial,calibration,3.54591,0.132541
kamp_R_nk_rac,NK_R,Kamp 2020,arterial,calibration,3.56594,0.131455
kamp_R_nk_rac,NK_R,Kamp 2020,arterial,calibration,3.58598,0.130378
kamp_R_nk_rac,NK_R,Kamp 2020,arterial,calibration,3.60601,0.129309
kamp_R_nk_rac,NK_R,Kamp 2020,arterial,calibration,3.62604,0.128253
kamp_R_nk_rac,NK_R,Kamp 2020,arterial,calibration,3.64608,0.127209
kamp_R_nk_rac,NK_R,Kamp 2020,arterial,calibration,3.66611,0.126179
kamp_R_nk_rac,NK_R,Kamp 2020,arterial,calibration,3.68614,0.125166
kamp_R_nk_rac,NK_R,Kamp 2020,arterial,calibration,3.70618,0.124169
kamp_R_nk_rac,NK_R,Kamp 2020,arterial,calibration,3.72621,0.123189
kamp_R_nk_rac,NK_R,Kamp 2020,arterial,calibration,3.74624,0.122228
kamp_R_nk_rac,NK_R,Kamp 2020,arterial,calibration,3.76628,0.121286
kamp_R_nk_rac,NK_R,Kamp 2020,arterial,calibration,3.78631,0.120364
kamp_R_nk_rac,NK_R,Kamp 2020,arterial,calibration,3.80634,0.119461
kamp_R_nk_rac,NK_R,Kamp 2020,arterial,calibration,3.82638,0.118579
kamp_R_nk_rac,NK_R,Kamp 2020,arterial,calibration,3.84641,0.117717
kamp_R_nk_rac,NK_R,Kamp 2020,arterial,calibration,3.86644,0.116877
kamp_R_nk_rac,NK_R,Kamp 2020,arterial,calibration,3.88648,0.116056
kamp_R_nk_rac,NK_R,Kamp 2020,arterial,calibration,3.90651,0.115257
kamp_R_nk_rac,NK_R,Kamp 2020,arterial,calibration,3.92654,0.114479
kamp_R_nk_rac,NK_R,Kamp 2020,arterial,calibration,3.94658,0.113721
kamp_R_nk_rac,NK_R,Kamp 2020,arterial,calibration,3.96661,0.112984
kamp_R_nk_rac,NK_R,Kamp 2020,arterial,calibration,3.98664,0.112267
kamp_R_nk_rac,NK_R,Kamp 2020,arterial,calibration,4.00668,0.111571
kamp_R_nk_rac,NK_R,Kamp 2020,arterial,calibration,4.02671,0.110895
kamp_R_nk_rac,NK_R,Kamp 2020,arterial,calibration,4.04674,0.110238
kamp_R_nk_rac,NK_R,Kamp 2020,arterial,calibration,4.06678,0.109601
kamp_R_nk_rac,NK_R,Kamp 2020,arterial,calibration,4.08681,0.108983
kamp_R_nk_rac,NK_R,Kamp 2020,arterial,calibration,4.10684,0.108384
kamp_R_nk_rac,NK_R,Kamp 2020,arterial,calibration,4.12688,0.107804
kamp_R_nk_rac,NK_R,Kamp 2020,arterial,calibration,4.14691,0.107241
kamp_R_nk_rac,NK_R,Kamp 2020,arterial,calibration,4.16694,0.106697
kamp_R_nk_rac,NK_R,Kamp 2020,arterial,calibration,4.18698,0.10617
kamp_R_nk_rac,NK_R,Kamp 2020,arterial,calibration,4.20701,0.10566
kamp_R_nk_rac,NK_R,Kamp 2020,arterial,calibration,4.22705,0.105166
kamp_R_nk_rac,NK_R,Kamp 2020,arterial,calibration,4.24708,0.104689
kamp_R_nk_rac,NK_R,Kamp 2020,arterial,calibration,4.26711,0.104228
kamp_R_nk_rac,NK_R,Kamp 2020,arterial,calibration,4.28715,0.103783
kamp_R_nk_rac,NK_R,Kamp 2020,arterial,calibration,4.30718,0.103352
kamp_R_nk_rac,NK_R,Kamp 2020,arterial,calibration,4.32721,0.102936
kamp_R_nk_rac,NK_R,Kamp 2020,arterial,calibration,4.34725,0.102535
kamp_R_nk_rac,NK_R,Kamp 2020,arterial,calibration,4.36728,0.102147
kamp_R_nk_rac,NK_R,Kamp 2020,arterial,calibration,4.38731,0.101773
kamp_R_nk_rac,NK_R,Kamp 2020,arterial,calibration,4.40735,0.101413
kamp_R_nk_rac,NK_R,Kamp 2020,arterial,calibration,4.42738,0.101065
kamp_R_nk_rac,NK_R,Kamp 2020,arterial,calibration,4.44741,0.100729
kamp_R_nk_rac,NK_R,Kamp 2020,arterial,calibration,4.46745,0.100406
kamp_R_nk_rac,NK_R,Kamp 2020,arterial,calibration,4.48748,0.100094
kamp_R_nk_rac,NK_R,Kamp 2020,arterial,calibration,4.50751,0.0997938
kamp_R_nk_rac,NK_R,Kamp 2020,arterial,calibration,4.52755,0.0995046
kamp_R_nk_rac,NK_R,Kamp 2020,arterial,calibration,4.54758,0.099226
kamp_R_nk_rac,NK_R,Kamp 2020,arterial,calibration,4.56761,0.0989578
kamp_R_nk_rac,NK_R,Kamp 2020,arterial,calibration,4.58765,0.0986997
kamp_R_nk_rac,NK_R,Kamp 2020,arterial,calibration,4.60768,0.0984512
kamp_R_nk_rac,NK_R,Kamp 2020,arterial,calibration,4.62771,0.0982122
kamp_R_nk_rac,NK_R,Kamp 2020,arterial,calibration,4.64775,0.0979823
kamp_R_nk_rac,NK_R,Kamp 2020,arterial,calibration,4.66778,0.0977612
kamp_R_nk_rac,NK_R,Kamp 2020,arterial,calibration,4.68781,0.0975486
kamp_R_nk_rac,NK_R,Kamp 2020,arterial,calibration,4.70785,0.0973442
kamp_R_nk_rac,NK_R,Kamp 2020,arterial,calibration,4.72788,0.0971479
kamp_R_nk_rac,NK_R,Kamp 2020,arterial,calibration,4.74791,0.0969592
kamp_R_nk_rac,NK_R,Kamp 2020,arterial,calibration,4.76795,0.0967779
kamp_R_nk_rac,NK_R,Kamp 2020,arterial,calibration,4.78798,0.0966039
kamp_R_nk_rac,NK_R,Kamp 2020,arterial,calibration,4.80801,0.0964368
kamp_R_nk_rac,NK_R,Kamp 2020,arterial,calibration,4.82805,0.0962763
kamp_R_nk_rac,NK_R,Kamp 2020,arterial,calibration,4.84808,0.0961224
kamp_R_nk_rac,NK_R,Kamp 2020,arterial,calibration,4.86811,0.0959747
kamp_R_nk_rac,NK_R,Kamp 2020,arterial,calibration,4.88815,0.095833
kamp_R_nk_rac,NK_R,Kamp 2020,arterial,calibration,4.90818,0.0956972
kamp_R_nk_rac,NK_R,Kamp 2020,arterial,calibration,4.92821,0.0955669
kamp_R_nk_rac,NK_R,Kamp 2020,arterial,calibration,4.94825,0.0954421
kamp_R_nk_rac,NK_R,Kamp 2020,arterial,calibration,4.96828,0.0953225
kamp_R_nk_rac,NK_R,Kamp 2020,arterial,calibration,4.98831,0.0952079
kamp_R_nk_rac,NK_R,Kamp 2020,arterial,calibration,5.00835,0.0950981
kamp_R_nk_rac,NK_R,Kamp 2020,arterial,calibration,5.02838,0.0949931
kamp_R_nk_rac,NK_R,Kamp 2020,arterial,calibration,5.04841,0.0948925
kamp_R_nk_rac,NK_R,Kamp 2020,arterial,calibration,5.06845,0.0947963
kamp_R_nk_rac,NK_R,Kamp 2020,arterial,calibration,5.08848,0.0947042
kamp_R_nk_rac,NK_R,Kamp 2020,arterial,calibration,5.10851,0.0946162
kamp_R_nk_rac,NK_R,Kamp 2020,arterial,calibration,5.12855,0.094532
kamp_R_nk_rac,NK_R,Kamp 2020,arterial,calibration,5.14858,0.0944515
kamp_R_nk_rac,NK_R,Kamp 2020,arterial,calibration,5.16861,0.0943747
kamp_R_nk_rac,NK_R,Kamp 2020,arterial,calibration,5.18865,0.0943013
kamp_R_nk_rac,NK_R,Kamp 2020,arterial,calibration,5.20868,0.0942312
kamp_R_nk_rac,NK_R,Kamp 2020,arterial,calibration,5.22871,0.0941643
kamp_R_nk_rac,NK_R,Kamp 2020,arterial,calibration,5.24875,0.0941005
kamp_R_nk_rac,NK_R,Kamp 2020,arterial,calibration,5.26878,0.0940397
kamp_R_nk_rac,NK_R,Kamp 2020,arterial,calibration,5.28881,0.0939817
kamp_R_nk_rac,NK_R,Kamp 2020,arterial,calibration,5.30885,0.0939264
kamp_R_nk_rac,NK_R,Kamp 2020,arterial,calibration,5.32888,0.0938738
kamp_R_nk_rac,NK_R,Kamp 2020,arterial,calibration,5.34891,0.0938237
kamp_R_nk_rac,NK_R,Kamp 2020,arterial,calibration,5.36895,0.093776
kamp_R_nk_rac,NK_R,Kamp 2020,arterial,calibration,5.38898,0.0937306
kamp_R_nk_rac,NK_R,Kamp 2020,arterial,calibration,5.40902,0.0936875
kamp_R_nk_rac,NK_R,Kamp 2020,arterial,calibration,5.42905,0.0936465
kamp_R_nk_rac,NK_R,Kamp 2020,arterial,calibration,5.44908,0.0936076
kamp_R_nk_rac,NK_R,Kamp 2020,arterial,calibration,5.46912,0.0935707
kamp_R_nk_rac,NK_R,Kamp 2020,arterial,calibration,5.48915,0.0935357
kamp_R_nk_rac,NK_R,Kamp 2020,arterial,calibration,5.50918,0.0935025
kamp_R_nk_rac,NK_R,Kamp 2020,arterial,calibration,5.52922,0.0934711
kamp_R_nk_rac,NK_R,Kamp 2020,arterial,calibration,5.54925,0.0934413
kamp_R_nk_rac,NK_R,Kamp 2020,arterial,calibration,5.56928,0.0934132
kamp_R_nk_rac,NK_R,Kamp 2020,arterial,calibration,5.58932,0.0933866
kamp_R_nk_rac,NK_R,Kamp 2020,arterial,calibration,5.60935,0.0933615
kamp_R_nk_rac,NK_R,Kamp 2020,arterial,calibration,5.62938,0.0933378
kamp_R_nk_rac,NK_R,Kamp 2020,arterial,calibration,5.64942,0.0933154
kamp_R_nk_rac,NK_R,Kamp 2020,arterial,calibration,5.66945,0.0932944
kamp_R_nk_rac,NK_R,Kamp 2020,arterial,calibration,5.68948,0.0932746
kamp_R_nk_rac,NK_R,Kamp 2020,arterial,calibration,5.70952,0.093256
kamp_R_nk_rac,NK_R,Kamp 2020,arterial,calibration,5.72955,0.0932385
kamp_R_nk_rac,NK_R,Kamp 2020,arterial,calibration,5.74958,0.0932222
kamp_R_nk_rac,NK_R,Kamp 2020,arterial,calibration,5.76962,0.0932069
kamp_R_nk_rac,NK_R,Kamp 2020,arterial,calibration,5.78965,0.0931925
kamp_R_nk_rac,NK_R,Kamp 2020,arterial,calibration,5.80968,0.0931792
kamp_R_nk_rac,NK_R,Kamp 2020,arterial,calibration,5.82972,0.0931667
kamp_R_nk_rac,NK_R,Kamp 2020,arterial,calibration,5.84975,0.0931552
kamp_R_nk_rac,NK_R,Kamp 2020,arterial,calibration,5.86978,0.0931444
kamp_R_nk_rac,NK_R,Kamp 2020,arterial,calibration,5.88982,0.0931345
kamp_R_nk_rac,NK_R,Kamp 2020,arterial,calibration,5.90985,0.0931253
kamp_R_nk_rac,NK_R,Kamp 2020,arterial,calibration,5.92988,0.0931169
kamp_R_nk_rac,NK_R,Kamp 2020,arterial,calibration,5.94992,0.0931091
kamp_R_nk_rac,NK_R,Kamp 2020,arterial,calibration,5.96995,0.093102
kamp_R_nk_rac,NK_R,Kamp 2020,arterial,calibration,5.98998,0.0930955
kamp_R_nk_rac,NK_R,Kamp 2020,arterial,calibration,6.01002,0.0930896
kamp_R_nk_rac,NK_R,Kamp 2020,arterial,calibration,6.03005,0.0930843
kamp_R_nk_rac,NK_R,Kamp 2020,arterial,calibration,6.05008,0.0930795
kamp_R_nk_rac,NK_R,Kamp 2020,arterial,calibration,6.07012,0.0930753
kamp_R_nk_rac,NK_R,Kamp 2020,arterial,calibration,6.09015,0.0930715
kamp_R_nk_rac,NK_R,Kamp 2020,arterial,calibration,6.11018,0.0930682
kamp_R_nk_rac,NK_R,Kamp 2020,arterial,calibration,6.13022,0.0930653
kamp_R_nk_rac,NK_R,Kamp 2020,arterial,calibration,6.15025,0.0930628
kamp_R_nk_rac,NK_R,Kamp 2020,arterial,calibration,6.17028,0.0930608
kamp_R_nk_rac,NK_R,Kamp 2020,arterial,calibration,6.19032,0.0930591
kamp_R_nk_rac,NK_R,Kamp 2020,arterial,calibration,6.21035,0.0930577
kamp_R_nk_rac,NK_R,Kamp 2020,arterial,calibration,6.23038,0.0930567
kamp_R_nk_rac,NK_R,Kamp 2020,arterial,calibration,6.25042,0.093056
kamp_R_nk_rac,NK_R,Kamp 2020,arterial,calibration,6.27045,0.0930556
kamp_R_nk_rac,NK_R,Kamp 2020,arterial,calibration,6.29048,0.0930555
kamp_R_nk_rac,NK_R,Kamp 2020,arterial,calibration,6.31052,0.0930556
kamp_R_nk_rac,NK_R,Kamp 2020,arterial,calibration,6.33055,0.093056
kamp_R_nk_rac,NK_R,Kamp 2020,arterial,calibration,6.35058,0.0930566
kamp_R_nk_rac,NK_R,Kamp 2020,arterial,calibration,6.37062,0.0930574
kamp_R_nk_rac,NK_R,Kamp 2020,arterial,calibration,6.39065,0.0930585
kamp_R_nk_rac,NK_R,Kamp 2020,arterial,calibration,6.41068,0.0930597
kamp_R_nk_rac,NK_R,Kamp 2020,arterial,calibration,6.43072,0.0930611
kamp_R_nk_rac,NK_R,Kamp 2020,arterial,calibration,6.45075,0.0930626
kamp_R_nk_rac,NK_R,Kamp 2020,arterial,calibration,6.47078,0.0930643
kamp_R_nk_rac,NK_R,Kamp 2020,arterial,calibration,6.49082,0.0930661
kamp_R_nk_rac,NK_R,Kamp 2020,arterial,calibration,6.51085,0.0930681
kamp_R_nk_rac,NK_R,Kamp 2020,arterial,calibration,6.53088,0.0930702
kamp_R_nk_rac,NK_R,Kamp 2020,arterial,calibration,6.55092,0.0930723
kamp_R_nk_rac,NK_R,Kamp 2020,arterial,calibration,6.57095,0.0930746
kamp_R_nk_rac,NK_R,Kamp 2020,arterial,calibration,6.59098,0.093077
kamp_R_nk_rac,NK_R,Kamp 2020,arterial,calibration,6.61102,0.0930794
kamp_R_nk_rac,NK_R,Kamp 2020,arterial,calibration,6.63105,0.0930819
kamp_R_nk_rac,NK_R,Kamp 2020,arterial,calibration,6.65109,0.0930844
kamp_R_nk_rac,NK_R,Kamp 2020,arterial,calibration,6.67112,0.093087
kamp_R_nk_rac,NK_R,Kamp 2020,arterial,calibration,6.69115,0.0930897
kamp_R_nk_rac,NK_R,Kamp 2020,arterial,calibration,6.71119,0.0930924
kamp_R_nk_rac,NK_R,Kamp 2020,arterial,calibration,6.73122,0.0930951
kamp_R_nk_rac,NK_R,Kamp 2020,arterial,calibration,6.75125,0.0930978
kamp_R_nk_rac,NK_R,Kamp 2020,arterial,calibration,6.77129,0.0931006
kamp_R_nk_rac,NK_R,Kamp 2020,arterial,calibration,6.79132,0.0931033
kamp_R_nk_rac,NK_R,Kamp 2020,arterial,calibration,6.81135,0.0931061
kamp_R_nk_rac,NK_R,Kamp 2020,arterial,calibration,6.83139,0.0931088
kamp_R_nk_rac,NK_R,Kamp 2020,arterial,calibration,6.85142,0.0931116
kamp_R_nk_rac,NK_R,Kamp 2020,arterial,calibration,6.87145,0.0931143
kamp_R_nk_rac,NK_R,Kamp 2020,arterial,calibration,6.89149,0.093117
kamp_R_nk_rac,NK_R,Kamp 2020,arterial,calibration,6.91152,0.0931197
kamp_R_nk_rac,NK_R,Kamp 2020,arterial,calibration,6.93155,0.0931223
kamp_R_nk_rac,NK_R,Kamp 2020,arterial,calibration,6.95159,0.093125
kamp_R_nk_rac,NK_R,Kamp 2020,arterial,calibration,6.97162,0.0931275
kamp_R_nk_rac,NK_R,Kamp 2020,arterial,calibration,6.99165,0.0931301
kamp_R_nk_rac,NK_R,Kamp 2020,arterial,calibration,7.01169,0.0931326
kamp_R_nk_rac,NK_R,Kamp 2020,arterial,calibration,7.03172,0.093135
kamp_R_nk_rac,NK_R,Kamp 2020,arterial,calibration,7.05175,0.0931374
kamp_R_nk_rac,NK_R,Kamp 2020,arterial,calibration,7.07179,0.0931397
kamp_R_nk_rac,NK_R,Kamp 2020,arterial,calibration,7.09182,0.093142
kamp_R_nk_rac,NK_R,Kamp 2020,arterial,calibration,7.11185,0.0931442
kamp_R_nk_rac,NK_R,Kamp 2020,arterial,calibration,7.13189,0.0931464
kamp_R_nk_rac,NK_R,Kamp 2020,arterial,calibration,7.15192,0.0931484
kamp_R_nk_rac,NK_R,Kamp 2020,arterial,calibration,7.17195,0.0931505
kamp_R_nk_rac,NK_R,Kamp 2020,arterial,calibration,7.19199,0.0931524
kamp_R_nk_rac,NK_R,Kamp 2020,arterial,calibration,7.21202,0.0931542
kamp_R_nk_rac,NK_R,Kamp 2020,arterial,calibration,7.23205,0.093156
kamp_R_nk_rac,NK_R,Kamp 2020,arterial,calibration,7.25209,0.0931577
kamp_R_nk_rac,NK_R,Kamp 2020,arterial,calibration,7.27212,0.0931593
kamp_R_nk_rac,NK_R,Kamp 2020,arterial,calibration,7.29215,0.0931608
kamp_R_nk_rac,NK_R,Kamp 2020,arterial,calibration,7.31219,0.0931623
kamp_R_nk_rac,NK_R,Kamp 2020,arterial,calibration,7.33222,0.0931636
kamp_R_nk_rac,NK_R,Kamp 2020,arterial,calibration,7.35225,0.0931649
kamp_R_nk_rac,NK_R,Kamp 2020,arterial,calibration,7.37229,0.093166
kamp_R_nk_rac,NK_R,Kamp 2020,arterial,calibration,7.39232,0.0931671
kamp_R_nk_rac,NK_R,Kamp 2020,arterial,calibration,7.41235,0.093168
kamp_R_nk_rac,NK_R,Kamp 2020,arterial,calibration,7.43239,0.0931689
kamp_R_nk_rac,NK_R,Kamp 2020,arterial,calibration,7.45242,0.0931697
kamp_R_nk_rac,NK_R,Kamp 2020,arterial,calibration,7.47245,0.0931704
kamp_R_nk_rac,NK_R,Kamp 2020,arterial,calibration,7.49249,0.0931709
kamp_R_nk_rac,NK_R,Kamp 2020,arterial,calibration,7.51252,0.0931714
kamp_R_nk_rac,NK_R,Kamp 2020,arterial,calibration,7.53255,0.0931718
kamp_R_nk_rac,NK_R,Kamp 2020,arterial,calibration,7.55259,0.093172
kamp_R_nk_rac,NK_R,Kamp 2020,arterial,calibration,7.57262,0.0931722
kamp_R_nk_rac,NK_R,Kamp 2020,arterial,calibration,7.59265,0.0931722
kamp_R_nk_rac,NK_R,Kamp 2020,arterial,calibration,7.61269,0.0931722
kamp_R_nk_rac,NK_R,Kamp 2020,arterial,calibration,7.63272,0.093172
kamp_R_nk_rac,NK_R,Kamp 2020,arterial,calibration,7.65275,0.0931717
kamp_R_nk_rac,NK_R,Kamp 2020,arterial,calibration,7.67279,0.0931713
kamp_R_nk_rac,NK_R,Kamp 2020,arterial,calibration,7.69282,0.0931708
kamp_R_nk_rac,NK_R,Kamp 2020,arterial,calibration,7.71285,0.0931702
kamp_R_nk_rac,NK_R,Kamp 2020,arterial,calibration,7.73289,0.0931695
kamp_R_nk_rac,NK_R,Kamp 2020,arterial,calibration,7.75292,0.0931686
kamp_R_nk_rac,NK_R,Kamp 2020,arterial,calibration,7.77295,0.0931677
kamp_R_nk_rac,NK_R,Kamp 2020,arterial,calibration,7.79299,0.0931666
kamp_R_nk_rac,NK_R,Kamp 2020,arterial,calibration,7.81302,0.0931654
kamp_R_nk_rac,NK_R,Kamp 2020,arterial,calibration,7.83306,0.0931642
kamp_R_nk_rac,NK_R,Kamp 2020,arterial,calibration,7.85309,0.0931628
kamp_R_nk_rac,NK_R,Kamp 2020,arterial,calibration,7.87312,0.0931612
kamp_R_nk_rac,NK_R,Kamp 2020,arterial,calibration,7.89316,0.0931596
kamp_R_nk_rac,NK_R,Kamp 2020,arterial,calibration,7.91319,0.0931578
kamp_R_nk_rac,NK_R,Kamp 2020,arterial,calibration,7.93322,0.093156
kamp_R_nk_rac,NK_R,Kamp 2020,arterial,calibration,7.95326,0.093154
kamp_R_nk_rac,NK_R,Kamp 2020,arterial,calibration,7.97329,0.0931519
kamp_R_nk_rac,NK_R,Kamp 2020,arterial,calibration,7.99332,0.0931497
kamp_R_nk_rac,NK_R,Kamp 2020,arterial,calibration,8.01336,0.0931473
kamp_R_nk_rac,NK_R,Kamp 2020,arterial,calibration,8.03339,0.0931449
kamp_R_nk_rac,NK_R,Kamp 2020,arterial,calibration,8.05342,0.0931423
kamp_R_nk_rac,NK_R,Kamp 2020,arterial,calibration,8.07346,0.0931397
kamp_R_nk_rac,NK_R,Kamp 2020,arterial,calibration,8.09349,0.0931369
kamp_R_nk_rac,NK_R,Kamp 2020,arterial,calibration,8.11352,0.0931339
kamp_R_nk_rac,NK_R,Kamp 2020,arterial,calibration,8.13356,0.0931309
kamp_R_nk_rac,NK_R,Kamp 2020,arterial,calibration,8.15359,0.0931278
kamp_R_nk_rac,NK_R,Kamp 2020,arterial,calibration,8.17362,0.0931245
kamp_R_nk_rac,NK_R,Kamp 2020,arterial,calibration,8.19366,0.0931211
kamp_R_nk_rac,NK_R,Kamp 2020,arterial,calibration,8.21369,0.0931176
kamp_R_nk_rac,NK_R,Kamp 2020,arterial,calibration,8.23372,0.093114
kamp_R_nk_rac,NK_R,Kamp 2020,arterial,calibration,8.25376,0.0931103
kamp_R_nk_rac,NK_R,Kamp 2020,arterial,calibration,8.27379,0.0931064
kamp_R_nk_rac,NK_R,Kamp 2020,arterial,calibration,8.29382,0.0931024
kamp_R_nk_rac,NK_R,Kamp 2020,arterial,calibration,8.31386,0.0930984
kamp_R_nk_rac,NK_R,Kamp 2020,arterial,calibration,8.33389,0.0930942
kamp_R_nk_rac,NK_R,Kamp 2020,arterial,calibration,8.35392,0.0930898
kamp_R_nk_rac,NK_R,Kamp 2020,arterial,calibration,8.37396,0.0930854
kamp_R_nk_rac,NK_R,Kamp 2020,arterial,calibration,8.39399,0.0930809
kamp_R_nk_rac,NK_R,Kamp 2020,arterial,calibration,8.41402,0.0930762
kamp_R_nk_rac,NK_R,Kamp 2020,arterial,calibration,8.43406,0.0930714
kamp_R_nk_rac,NK_R,Kamp 2020,arterial,calibration,8.45409,0.0930665
kamp_R_nk_rac,NK_R,Kamp 2020,arterial,calibration,8.47412,0.0930615
kamp_R_nk_rac,NK_R,Kamp 2020,arterial,calibration,8.49416,0.0930564
kamp_R_nk_rac,NK_R,Kamp 2020,arterial,calibration,8.51419,0.0930512
kamp_R_nk_rac,NK_R,Kamp 2020,arterial,calibration,8.53422,0.0930458
kamp_R_nk_rac,NK_R,Kamp 2020,arterial,calibration,8.55426,0.0930403
kamp_R_nk_rac,NK_R,Kamp 2020,arterial,calibration,8.57429,0.0930348
kamp_R_nk_rac,NK_R,Kamp 2020,arterial,calibration,8.59432,0.0930291
kamp_R_nk_rac,NK_R,Kamp 2020,arterial,calibration,8.61436,0.0930233
kamp_R_nk_rac,NK_R,Kamp 2020,arterial,calibration,8.63439,0.0930173
kamp_R_nk_rac,NK_R,Kamp 2020,arterial,calibration,8.65442,0.0930113
kamp_R_nk_rac,NK_R,Kamp 2020,arterial,calibration,8.67446,0.0930052
kamp_R_nk_rac,NK_R,Kamp 2020,arterial,calibration,8.69449,0.0929989
kamp_R_nk_rac,NK_R,Kamp 2020,arterial,calibration,8.71452,0.0929925
kamp_R_nk_rac,NK_R,Kamp 2020,arterial,calibration,8.73456,0.0929861
kamp_R_nk_rac,NK_R,Kamp 2020,arterial,calibration,8.75459,0.0929795
kamp_R_nk_rac,NK_R,Kamp 2020,arterial,calibration,8.77462,0.0929728
kamp_R_nk_rac,NK_R,Kamp 2020,arterial,calibration,8.79466,0.0929659
kamp_R_nk_rac,NK_R,Kamp 2020,arterial,calibration,8.81469,0.092959
kamp_R_nk_rac,NK_R,Kamp 2020,arterial,calibration,8.83472,0.092952
kamp_R_nk_rac,NK_R,Kamp 2020,arterial,calibration,8.85476,0.0929448
kamp_R_nk_rac,NK_R,Kamp 2020,arterial,calibration,8.87479,0.0929376
kamp_R_nk_rac,NK_R,Kamp 2020,arterial,calibration,8.89482,0.0929302
kamp_R_nk_rac,NK_R,Kamp 2020,arterial,calibration,8.91486,0.0929227
kamp_R_nk_rac,NK_R,Kamp 2020,arterial,calibration,8.93489,0.0929152
kamp_R_nk_rac,NK_R,Kamp 2020,arterial,calibration,8.95492,0.0929075
kamp_R_nk_rac,NK_R,Kamp 2020,arterial,calibration,8.97496,0.0928997
kamp_R_nk_rac,NK_R,Kamp 2020,arterial,calibration,8.99499,0.0928918
kamp_R_nk_rac,NK_R,Kamp 2020,arterial,calibration,9.01503,0.0928838
kamp_R_nk_rac,NK_R,Kamp 2020,arterial,calibration,9.03506,0.0928756
kamp_R_nk_rac,NK_R,Kamp 2020,arterial,calibration,9.05509,0.0928674
kamp_R_nk_rac,NK_R,Kamp 2020,arterial,calibration,9.07513,0.0928591
kamp_R_nk_rac,NK_R,Kamp 2020,arterial,calibration,9.09516,0.0928506
kamp_R_nk_rac,NK_R,Kamp 2020,arterial,calibration,9.11519,0.0928421
kamp_R_nk_rac,NK_R,Kamp 2020,arterial,calibration,9.13523,0.0928334
kamp_R_nk_rac,NK_R,Kamp 2020,arterial,calibration,9.15526,0.0928247
kamp_R_nk_rac,NK_R,Kamp 2020,arterial,calibration,9.17529,0.0928158
kamp_R_nk_rac,NK_R,Kamp 2020,arterial,calibration,9.19533,0.0928069
kamp_R_nk_rac,NK_R,Kamp 2020,arterial,calibration,9.21536,0.0927978
kamp_R_nk_rac,NK_R,Kamp 2020,arterial,calibration,9.23539,0.0927886
kamp_R_nk_rac,NK_R,Kamp 2020,arterial,calibration,9.25543,0.0927794
kamp_R_nk_rac,NK_R,Kamp 2020,arterial,calibration,9.27546,0.09277
kamp_R_nk_rac,NK_R,Kamp 2020,arterial,calibration,9.29549,0.0927605
kamp_R_nk_rac,NK_R,Kamp 2020,arterial,calibration,9.31553,0.0927509
kamp_R_nk_rac,NK_R,Kamp 2020,arterial,calibration,9.33556,0.0927412
kamp_R_nk_rac,NK_R,Kamp 2020,arterial,calibration,9.35559,0.0927315
kamp_R_nk_rac,NK_R,Kamp 2020,arterial,calibration,9.37563,0.0927216
kamp_R_nk_rac,NK_R,Kamp 2020,arterial,calibration,9.39566,0.0927116
kamp_R_nk_rac,NK_R,Kamp 2020,arterial,calibration,9.41569,0.0927015
kamp_R_nk_rac,NK_R,Kamp 2020,arterial,calibration,9.43573,0.0926913
kamp_R_nk_rac,NK_R,Kamp 2020,arterial,calibration,9.45576,0.092681
kamp_R_nk_rac,NK_R,Kamp 2020,arterial,calibration,9.47579,0.0926706
kamp_R_nk_rac,NK_R,Kamp 2020,arterial,calibration,9.49583,0.0926601
kamp_R_nk_rac,NK_R,Kamp 2020,arterial,calibration,9.51586,0.0926496
kamp_R_nk_rac,NK_R,Kamp 2020,arterial,calibration,9.53589,0.0926389
kamp_R_nk_rac,NK_R,Kamp 2020,arterial,calibration,9.55593,0.0926281
kamp_R_nk_rac,NK_R,Kamp 2020,arterial,calibration,9.57596,0.0926172
kamp_R_nk_rac,NK_R,Kamp 2020,arterial,calibration,9.59599,0.0926063
kamp_R_nk_rac,NK_R,Kamp 2020,arterial,calibration,9.61603,0.0925952
kamp_R_nk_rac,NK_R,Kamp 2020,arterial,calibration,9.63606,0.092584
kamp_R_nk_rac,NK_R,Kamp 2020,arterial,calibration,9.65609,0.0925728
kamp_R_nk_rac,NK_R,Kamp 2020,arterial,calibration,9.67613,0.0925614
kamp_R_nk_rac,NK_R,Kamp 2020,arterial,calibration,9.69616,0.0925499
kamp_R_nk_rac,NK_R,Kamp 2020,arterial,calibration,9.71619,0.0925384
kamp_R_nk_rac,NK_R,Kamp 2020,arterial,calibration,9.73623,0.0925267
kamp_R_nk_rac,NK_R,Kamp 2020,arterial,calibration,9.75626,0.092515
kamp_R_nk_rac,NK_R,Kamp 2020,arterial,calibration,9.77629,0.0925032
kamp_R_nk_rac,NK_R,Kamp 2020,arterial,calibration,9.79633,0.0924912
kamp_R_nk_rac,NK_R,Kamp 2020,arterial,calibration,9.81636,0.0924792
kamp_R_nk_rac,NK_R,Kamp 2020,arterial,calibration,9.83639,0.0924671
kamp_R_nk_rac,NK_R,Kamp 2020,arterial,calibration,9.85643,0.0924549
kamp_R_nk_rac,NK_R,Kamp 2020,arterial,calibration,9.87646,0.0924426
kamp_R_nk_rac,NK_R,Kamp 2020,arterial,calibration,9.89649,0.0924302
kamp_R_nk_rac,NK_R,Kamp 2020,arterial,calibration,9.91653,0.0924177
kamp_R_nk_rac,NK_R,Kamp 2020,arterial,calibration,9.93656,0.0924052
kamp_R_nk_rac,NK_R,Kamp 2020,arterial,calibration,9.95659,0.0923925
kamp_R_nk_rac,NK_R,Kamp 2020,arterial,calibration,9.97663,0.0923798
kamp_R_nk_rac,NK_R,Kamp 2020,arterial,calibration,9.99666,0.0923669
kamp_R_nk_rac,NK_R,Kamp 2020,arterial,calibration,10.0167,0.092354
kamp_R_nk_rac,NK_R,Kamp 2020,arterial,calibration,10.0367,0.092341
kamp_R_nk_rac,NK_R,Kamp 2020,arterial,calibration,10.0568,0.0923278
kamp_R_nk_rac,NK_R,Kamp 2020,arterial,calibration,10.0768,0.0923146
kamp_R_nk_rac,NK_R,Kamp 2020,arterial,calibration,10.0968,0.0923014
kamp_R_nk_rac,NK_R,Kamp 2020,arterial,calibration,10.1169,0.092288
kamp_R_nk_rac,NK_R,Kamp 2020,arterial,calibration,10.1369,0.0922745
kamp_R_nk_rac,NK_R,Kamp 2020,arterial,calibration,10.1569,0.092261
kamp_R_nk_rac,NK_R,Kamp 2020,arterial,calibration,10.177,0.0922473
kamp_R_nk_rac,NK_R,Kamp 2020,arterial,calibration,10.197,0.0922336
kamp_R_nk_rac,NK_R,Kamp 2020,arterial,calibration,10.217,0.0922198
kamp_R_nk_rac,NK_R,Kamp 2020,arterial,calibration,10.2371,0.0922059
kamp_R_nk_rac,NK_R,Kamp 2020,arterial,calibration,10.2571,0.0921919
kamp_R_nk_rac,NK_R,Kamp 2020,arterial,calibration,10.2771,0.0921778
kamp_R_nk_rac,NK_R,Kamp 2020,arterial,calibration,10.2972,0.0921637
kamp_R_nk_rac,NK_R,Kamp 2020,arterial,calibration,10.3172,0.0921495
kamp_R_nk_rac,NK_R,Kamp 2020,arterial,calibration,10.3372,0.0921351
kamp_R_nk_rac,NK_R,Kamp 2020,arterial,calibration,10.3573,0.0921207
kamp_R_nk_rac,NK_R,Kamp 2020,arterial,calibration,10.3773,0.0921062
kamp_R_nk_rac,NK_R,Kamp 2020,arterial,calibration,10.3973,0.0920917
kamp_R_nk_rac,NK_R,Kamp 2020,arterial,calibration,10.4174,0.092077
kamp_R_nk_rac,NK_R,Kamp 2020,arterial,calibration,10.4374,0.0920623
kamp_R_nk_rac,NK_R,Kamp 2020,arterial,calibration,10.4574,0.0920474
kamp_R_nk_rac,NK_R,Kamp 2020,arterial,calibration,10.4775,0.0920325
kamp_R_nk_rac,NK_R,Kamp 2020,arterial,calibration,10.4975,0.0920176
kamp_R_nk_rac,NK_R,Kamp 2020,arterial,calibration,10.5175,0.0920025
kamp_R_nk_rac,NK_R,Kamp 2020,arterial,calibration,10.5376,0.0919873
kamp_R_nk_rac,NK_R,Kamp 2020,arterial,calibration,10.5576,0.0919721
kamp_R_nk_rac,NK_R,Kamp 2020,arterial,calibration,10.5776,0.0919568
kamp_R_nk_rac,NK_R,Kamp 2020,arterial,calibration,10.5977,0.0919414
kamp_R_nk_rac,NK_R,Kamp 2020,arterial,calibration,10.6177,0.0919259
kamp_R_nk_rac,NK_R,Kamp 2020,arterial,calibration,10.6377,0.0919104
kamp_R_nk_rac,NK_R,Kamp 2020,arterial,calibration,10.6578,0.0918948
kamp_R_nk_rac,NK_R,Kamp 2020,arterial,calibration,10.6778,0.0918791
kamp_R_nk_rac,NK_R,Kamp 2020,arterial,calibration,10.6978,0.0918633
kamp_R_nk_rac,NK_R,Kamp 2020,arterial,calibration,10.7179,0.0918474
kamp_R_nk_rac,NK_R,Kamp 2020,arterial,calibration,10.7379,0.0918315
kamp_R_nk_rac,NK_R,Kamp 2020,arterial,calibration,10.7579,0.0918154
kamp_R_nk_rac,NK_R,Kamp 2020,arterial,calibration,10.778,0.0917994
kamp_R_nk_rac,NK_R,Kamp 2020,arterial,calibration,10.798,0.0917832
kamp_R_nk_rac,NK_R,Kamp 2020,arterial,calibration,10.818,0.0917669
kamp_R_nk_rac,NK_R,Kamp 2020,arterial,calibration,10.8381,0.0917506
kamp_R_nk_rac,NK_R,Kamp 2020,arterial,calibration,10.8581,0.0917342
kamp_R_nk_rac,NK_R,Kamp 2020,arterial,calibration,10.8781,0.0917177
kamp_R_nk_rac,NK_R,Kamp 2020,arterial,calibration,10.8982,0.0917012
kamp_R_nk_rac,NK_R,Kamp 2020,arterial,calibration,10.9182,0.0916845
kamp_R_nk_rac,NK_R,Kamp 2020,arterial,calibration,10.9382,0.0916678
kamp_R_nk_rac,NK_R,Kamp 2020,arterial,calibration,10.9583,0.0916511
kamp_R_nk_rac,NK_R,Kamp 2020,arterial,calibration,10.9783,0.0916342
kamp_R_nk_rac,NK_R,Kamp 2020,arterial,calibration,10.9983,0.0916173
kamp_R_nk_rac,NK_R,Kamp 2020,arterial,calibration,11.0184,0.0916003
kamp_R_nk_rac,NK_R,Kamp 2020,arterial,calibration,11.0384,0.0915832
kamp_R_nk_rac,NK_R,Kamp 2020,arterial,calibration,11.0584,0.0915661
kamp_R_nk_rac,NK_R,Kamp 2020,arterial,calibration,11.0785,0.0915488
kamp_R_nk_rac,NK_R,Kamp 2020,arterial,calibration,11.0985,0.0915316
kamp_R_nk_rac,NK_R,Kamp 2020,arterial,calibration,11.1185,0.0915142
kamp_R_nk_rac,NK_R,Kamp 2020,arterial,calibration,11.1386,0.0914968
kamp_R_nk_rac,NK_R,Kamp 2020,arterial,calibration,11.1586,0.0914793
kamp_R_nk_rac,NK_R,Kamp 2020,arterial,calibration,11.1786,0.0914617
kamp_R_nk_rac,NK_R,Kamp 2020,arterial,calibration,11.1987,0.091444
kamp_R_nk_rac,NK_R,Kamp 2020,arterial,calibration,11.2187,0.0914263
kamp_R_nk_rac,NK_R,Kamp 2020,arterial,calibration,11.2387,0.0914085
kamp_R_nk_rac,NK_R,Kamp 2020,arterial,calibration,11.2588,0.0913907
kamp_R_nk_rac,NK_R,Kamp 2020,arterial,calibration,11.2788,0.0913727
kamp_R_nk_rac,NK_R,Kamp 2020,arterial,calibration,11.2988,0.0913547
kamp_R_nk_rac,NK_R,Kamp 2020,arterial,calibration,11.3189,0.0913367
kamp_R_nk_rac,NK_R,Kamp 2020,arterial,calibration,11.3389,0.0913185
kamp_R_nk_rac,NK_R,Kamp 2020,arterial,calibration,11.3589,0.0913003
kamp_R_nk_rac,NK_R,Kamp 2020,arterial,calibration,11.379,0.0912821
kamp_R_nk_rac,NK_R,Kamp 2020,arterial,calibration,11.399,0.0912637
kamp_R_nk_rac,NK_R,Kamp 2020,arterial,calibration,11.419,0.0912453
kamp_R_nk_rac,NK_R,Kamp 2020,arterial,calibration,11.4391,0.0912268
kamp_R_nk_rac,NK_R,Kamp 2020,arterial,calibration,11.4591,0.0912083
kamp_R_nk_rac,NK_R,Kamp 2020,arterial,calibration,11.4791,0.0911897
kamp_R_nk_rac,NK_R,Kamp 2020,arterial,calibration,11.4992,0.091171
kamp_R_nk_rac,NK_R,Kamp 2020,arterial,calibration,11.5192,0.0911523
kamp_R_nk_rac,NK_R,Kamp 2020,arterial,calibration,11.5392,0.0911334
kamp_R_nk_rac,NK_R,Kamp 2020,arterial,calibration,11.5593,0.0911146
kamp_R_nk_rac,NK_R,Kamp 2020,arterial,calibration,11.5793,0.0910956
kamp_R_nk_rac,NK_R,Kamp 2020,arterial,calibration,11.5993,0.0910766
kamp_R_nk_rac,NK_R,Kamp 2020,arterial,calibration,11.6194,0.0910575
kamp_R_nk_rac,NK_R,Kamp 2020,arterial,calibration,11.6394,0.0910384
kamp_R_nk_rac,NK_R,Kamp 2020,arterial,calibration,11.6594,0.0910192
kamp_R_nk_rac,NK_R,Kamp 2020,arterial,calibration,11.6795,0.0909999
kamp_R_nk_rac,NK_R,Kamp 2020,arterial,calibration,11.6995,0.0909806
kamp_R_nk_rac,NK_R,Kamp 2020,arterial,calibration,11.7195,0.0909612
kamp_R_nk_rac,NK_R,Kamp 2020,arterial,calibration,11.7396,0.0909418
kamp_R_nk_rac,NK_R,Kamp 2020,arterial,calibration,11.7596,0.0909223
kamp_R_nk_rac,NK_R,Kamp 2020,arterial,calibration,11.7796,0.0909027
kamp_R_nk_rac,NK_R,Kamp 2020,arterial,calibration,11.7997,0.090883
kamp_R_nk_rac,NK_R,Kamp 2020,arterial,calibration,11.8197,0.0908633
kamp_R_nk_rac,NK_R,Kamp 2020,arterial,calibration,11.8397,0.0908436
kamp_R_nk_rac,NK_R,Kamp 2020,arterial,calibration,11.8598,0.0908237
kamp_R_nk_rac,NK_R,Kamp 2020,arterial,calibration,11.8798,0.0908038
kamp_R_nk_rac,NK_R,Kamp 2020,arterial,calibration,11.8998,0.0907839
kamp_R_nk_rac,NK_R,Kamp 2020,arterial,calibration,11.9199,0.0907639
kamp_R_nk_rac,NK_R,Kamp 2020,arterial,calibration,11.9399,0.0907438
kamp_R_nk_rac,NK_R,Kamp 2020,arterial,calibration,11.9599,0.0907237
kamp_R_nk_rac,NK_R,Kamp 2020,arterial,calibration,11.98,0.0907035
kamp_R_nk_rac,NK_R,Kamp 2020,arterial,calibration,12,0.0906832
kamp_hnk_rac,HNK,Kamp 2020,arterial,descriptive,0,0
kamp_hnk_rac,HNK,Kamp 2020,arterial,descriptive,0.0200334,1.79148e-08
kamp_hnk_rac,HNK,Kamp 2020,arterial,descriptive,0.0400668,1.39767e-07
kamp_hnk_rac,HNK,Kamp 2020,arterial,descriptive,0.0601002,4.60154e-07
kamp_hnk_rac,HNK,Kamp 2020,arterial,descriptive,0.0801336,1.06427e-06
kamp_hnk_rac,HNK,Kamp 2020,arterial,descriptive,0.100167,2.02869e-06
kamp_hnk_rac,HNK,Kamp 2020,arterial,descriptive,0.1202,3.42207e-06
kamp_hnk_rac,HNK,Kamp 2020,arterial,descriptive,0.140234,5.30579e-06
kamp_hnk_rac,HNK,Kamp 2020,arterial,descriptive,0.160267,7.73457e-06
kamp_hnk_rac,HNK,Kamp 2020,arterial,descriptive,0.180301,1.0757e-05
kamp_hnk_rac,HNK,Kamp 2020,arterial,descriptive,0.200334,1.44161e-05
kamp_hnk_rac,HNK,Kamp 2020,arterial,descriptive,0.220367,1.87496e-05
kamp_hnk_rac,HNK,Kamp 2020,arterial,descriptive,0.240401,2.37907e-05
kamp_hnk_rac,HNK,Kamp 2020,arterial,descriptive,0.260434,2.95681e-05
kamp_hnk_rac,HNK,Kamp 2020,arterial,descriptive,0.280467,3.61068e-05
kamp_hnk_rac,HNK,Kamp 2020,arterial,descriptive,0.300501,4.34279e-05
kamp_hnk_rac,HNK,Kamp 2020,arterial,descriptive,0.320534,5.15494e-05
kamp_hnk_rac,HNK,Kamp 2020,arterial,descriptive,0.340568,6.04862e-05
kamp_hnk_rac,HNK,Kamp 2020,arterial,descriptive,0.360601,7.02505e-05
kamp_hnk_rac,HNK,Kamp 2020,arterial,descriptive,0.380634,8.0852e-05
kamp_hnk_rac,HNK,Kamp 2020,arterial,descriptive,0.400668,9.22982e-05
kamp_hnk_rac,HNK,Kamp 2020,arterial,descriptive,0.420701,0.000104595
kamp_hnk_rac,HNK,Kamp 2020,arterial,descriptive,0.440735,0.000117745
kamp_hnk_rac,HNK,Kamp 2020,arterial,descriptive,0.460768,0.00013175
kamp_hnk_rac,HNK,Kamp 2020,arterial,descriptive,0.480801,0.000146612
kamp_hnk_rac,HNK,Kamp 2020,arterial,descriptive,0.500835,0.000162328
kamp_hnk_rac,HNK,Kamp 2020,arterial,descriptive,0.520868,0.000178897
kamp_hnk_rac,HNK,Kamp 2020,arterial,descriptive,0.540902,0.000196316
kamp_hnk_rac,HNK,Kamp 2020,arterial,descriptive,0.560935,0.00021458
kamp_hnk_rac,HNK,Kamp 2020,arterial,descriptive,0.580968,0.000233684
kamp_hnk_rac,HNK,Kamp 2020,arterial,descriptive,0.601002,0.000253623
kamp_hnk_rac,HNK,Kamp 2020,arterial,descriptive,0.621035,0.000274389
kamp_hnk_rac,HNK,Kamp 2020,arterial,descriptive,0.641068,0.000295977
kamp_hnk_rac,HNK,Kamp 2020,arterial,descriptive,0.661102,0.000318377
kamp_hnk_rac,HNK,Kamp 2020,arterial,descriptive,0.681135,0.000341583
kamp_hnk_rac,HNK,Kamp 2020,arterial,descriptive,0.701169,0.000365585
kamp_hnk_rac,HNK,Kamp 2020,arterial,descriptive,0.721202,0.000390376
kamp_hnk_rac,HNK,Kamp 2020,arterial,descriptive,0.741235,0.000415946
kamp_hnk_rac,HNK,Kamp 2020,arterial,descriptive,0.761269,0.000442286
kamp_hnk_rac,HNK,Kamp 2020,arterial,descriptive,0.781302,0.000469386
kamp_hnk_rac,HNK,Kamp 2020,arterial,descriptive,0.801336,0.000497238
kamp_hnk_rac,HNK,Kamp 2020,arterial,descriptive,0.821369,0.000525832
kamp_hnk_rac,HNK,Kamp 2020,arterial,descriptive,0.841402,0.000555157
kamp_hnk_rac,HNK,Kamp 2020,arterial,descriptive,0.861436,0.000585206
kamp_hnk_rac,HNK,Kamp 2020,arterial,descriptive,0.881469,0.000615967
kamp_hnk_rac,HNK,Kamp 2020,arterial,descriptive,0.901503,0.000647432
kamp_hnk_rac,HNK,Kamp 2020,arterial,descriptive,0.921536,0.00067959
kamp_hnk_rac,HNK,Kamp 2020,arterial,descriptive,0.941569,0.000712434
kamp_hnk_rac,HNK,Kamp 2020,arterial,descriptive,0.961603,0.000745952
kamp_hnk_rac,HNK,Kamp 2020,arterial,descriptive,0.981636,0.000780135
kamp_hnk_rac,HNK,Kamp 2020,arterial,descriptive,1.00167,0.000814976
kamp_hnk_rac,HNK,Kamp 2020,arterial,descriptive,1.0217,0.000850488
kamp_hnk_rac,HNK,Kamp 2020,arterial,descriptive,1.04174,0.000886754
kamp_hnk_rac,HNK,Kamp 2020,arterial,descriptive,1.06177,0.000923864
kamp_hnk_rac,HNK,Kamp 2020,arterial,descriptive,1.0818,0.000961896
kamp_hnk_rac,HNK,Kamp 2020,arterial,descriptive,1.10184,0.00100092
kamp_hnk_rac,HNK,Kamp 2020,arterial,descriptive,1.12187,0.001041
kamp_hnk_rac,HNK,Kamp 2020,arterial,descriptive,1.1419,0.00108219
kamp_hnk_rac,HNK,Kamp 2020,arterial,descriptive,1.16194,0.00112453
kamp_hnk_rac,HNK,Kamp 2020,arterial,descriptive,1.18197,0.00116808
kamp_hnk_rac,HNK,Kamp 2020,arterial,descriptive,1.202,0.00121286
kamp_hnk_rac,HNK,Kamp 2020,arterial,descriptive,1.22204,0.0012589
kamp_hnk_rac,HNK,Kamp 2020,arterial,descriptive,1.24207,0.00130625
kamp_hnk_rac,HNK,Kamp 2020,arterial,descriptive,1.2621,0.0013549
kamp_hnk_rac,HNK,Kamp 2020,arterial,descriptive,1.28214,0.0014049
kamp_hnk_rac,HNK,Kamp 2020,arterial,descriptive,1.30217,0.00145624
kamp_hnk_rac,HNK,Kamp 2020,arterial,descriptive,1.3222,0.00150894
kamp_hnk_rac,HNK,Kamp 2020,arterial,descriptive,1.34224,0.00156302
kamp_hnk_rac,HNK,Kamp 2020,arterial,descriptive,1.36227,0.00161847
kamp_hnk_rac,HNK,Kamp 2020,arterial,descriptive,1.3823,0.0016753
kamp_hnk_rac,HNK,Kamp 2020,arterial,descriptive,1.40234,0.00173351
kamp_hnk_rac,HNK,Kamp 2020,arterial,descriptive,1.42237,0.00179311
kamp_hnk_rac,HNK,Kamp 2020,arterial,descriptive,1.4424,0.00185408
kamp_hnk_rac,HNK,Kamp 2020,arterial,descriptive,1.46244,0.00191643
kamp_hnk_rac,HNK,Kamp 2020,arterial,descriptive,1.48247,0.00198015
kamp_hnk_rac,HNK,Kamp 2020,arterial,descriptive,1.5025,0.00204524
kamp_hnk_rac,HNK,Kamp 2020,arterial,descriptive,1.52254,0.00211168
kamp_hnk_rac,HNK,Kamp 2020,arterial,descriptive,1.54257,0.00217948
kamp_hnk_rac,HNK,Kamp 2020,arterial,descriptive,1.5626,0.00224861
kamp_hnk_rac,HNK,Kamp 2020,arterial,descriptive,1.58264,0.00231907
kamp_hnk_rac,HNK,Kamp 2020,arterial,descriptive,1.60267,0.00239086
kamp_hnk_rac,HNK,Kamp 2020,arterial,descriptive,1.6227,0.00246395
kamp_hnk_rac,HNK,Kamp 2020,arterial,descriptive,1.64274,0.00253834
kamp_hnk_rac,HNK,Kamp 2020,arterial,descriptive,1.66277,0.00261402
kamp_hnk_rac,HNK,Kamp 2020,arterial,descriptive,1.6828,0.00269097
kamp_hnk_rac,HNK,Kamp 2020,arterial,descriptive,1.70284,0.00276918
kamp_hnk_rac,HNK,Kamp 2020,arterial,descriptive,1.72287,0.00284864
kamp_hnk_rac,HNK,Kamp 2020,arterial,descriptive,1.7429,0.00292934
kamp_hnk_rac,HNK,Kamp 2020,arterial,descriptive,1.76294,0.00301125
kamp_hnk_rac,HNK,Kamp 2020,arterial,descriptive,1.78297,0.00309438
kamp_hnk_rac,HNK,Kamp 2020,arterial,descriptive,1.80301,0.00317871
kamp_hnk_rac,HNK,Kamp 2020,arterial,descriptive,1.82304,0.00326421
kamp_hnk_rac,HNK,Kamp 2020,arterial,descriptive,1.84307,0.00335089
kamp_hnk_rac,HNK,Kamp 2020,arterial,descriptive,1.86311,0.00343873
kamp_hnk_rac,HNK,Kamp 2020,arterial,descriptive,1.88314,0.00352772
kamp_hnk_rac,HNK,Kamp 2020,arterial,descriptive,1.90317,0.00361783
kamp_hnk_rac,HNK,Kamp 2020,arterial,descriptive,1.92321,0.00370907
kamp_hnk_rac,HNK,Kamp 2020,arterial,descriptive,1.94324,0.00380141
kamp_hnk_rac,HNK,Kamp 2020,arterial,descriptive,1.96327,0.00389485
kamp_hnk_rac,HNK,Kamp 2020,arterial,descriptive,1.98331,0.00398938
kamp_hnk_rac,HNK,Kamp 2020,arterial,descriptive,2.00334,0.00408498
kamp_hnk_rac,HNK,Kamp 2020,arterial,descriptive,2.02337,0.00418169
kamp_hnk_rac,HNK,Kamp 2020,arterial,descriptive,2.04341,0.0042797
kamp_hnk_rac,HNK,Kamp 2020,arterial,descriptive,2.06344,0.00437919
kamp_hnk_rac,HNK,Kamp 2020,arterial,descriptive,2.08347,0.0044803
kamp_hnk_rac,HNK,Kamp 2020,arterial,descriptive,2.10351,0.00458319
kamp_hnk_rac,HNK,Kamp 2020,arterial,descriptive,2.12354,0.00468798
kamp_hnk_rac,HNK,Kamp 2020,arterial,descriptive,2.14357,0.00479479
kamp_hnk_rac,HNK,Kamp 2020,arterial,descriptive,2.16361,0.0049037
kamp_hnk_rac,HNK,Kamp 2020,arterial,descriptive,2.18364,0.00501482
kamp_hnk_rac,HNK,Kamp 2020,arterial,descriptive,2.20367,0.00512822
kamp_hnk_rac,HNK,Kamp 2020,arterial,descriptive,2.22371,0.00524395
kamp_hnk_rac,HNK,Kamp 2020,arterial,descriptive,2.24374,0.00536209
kamp_hnk_rac,HNK,Kamp 2020,arterial,descriptive,2.26377,0.00548267
kamp_hnk_rac,HNK,Kamp 2020,arterial,descriptive,2.28381,0.00560575
kamp_hnk_rac,HNK,Kamp 2020,arterial,descriptive,2.30384,0.00573134
kamp_hnk_rac,HNK,Kamp 2020,arterial,descriptive,2.32387,0.00585949
kamp_hnk_rac,HNK,Kamp 2020,arterial,descriptive,2.34391,0.0059902
kamp_hnk_rac,HNK,Kamp 2020,arterial,descriptive,2.36394,0.00612351
kamp_hnk_rac,HNK,Kamp 2020,arterial,descriptive,2.38397,0.00625941
kamp_hnk_rac,HNK,Kamp 2020,arterial,descriptive,2.40401,0.00639792
kamp_hnk_rac,HNK,Kamp 2020,arterial,descriptive,2.42404,0.00653904
kamp_hnk_rac,HNK,Kamp 2020,arterial,descriptive,2.44407,0.00668276
kamp_hnk_rac,HNK,Kamp 2020,arterial,descriptive,2.46411,0.0068291
kamp_hnk_rac,HNK,Kamp 2020,arterial,descriptive,2.48414,0.00697803
kamp_hnk_rac,HNK,Kamp 2020,arterial,descriptive,2.50417,0.00712956
kamp_hnk_rac,HNK,Kamp 2020,arterial,descriptive,2.52421,0.00728366
kamp_hnk_rac,HNK,Kamp 2020,arterial,descriptive,2.54424,0.00744033
kamp_hnk_rac,HNK,Kamp 2020,arterial,descriptive,2.56427,0.00759956
kamp_hnk_rac,HNK,Kamp 2020,arterial,descriptive,2.58431,0.00776132
kamp_hnk_rac,HNK,Kamp 2020,arterial,descriptive,2.60434,0.0079256
kamp_hnk_rac,HNK,Kamp 2020,arterial,descriptive,2.62437,0.00809238
kamp_hnk_rac,HNK,Kamp 2020,arterial,descriptive,2.64441,0.00826165
kamp_hnk_rac,HNK,Kamp 2020,arterial,descriptive,2.66444,0.00843337
kamp_hnk_rac,HNK,Kamp 2020,arterial,descriptive,2.68447,0.00860753
kamp_hnk_rac,HNK,Kamp 2020,arterial,descriptive,2.70451,0.00878411
kamp_hnk_rac,HNK,Kamp 2020,arterial,descriptive,2.72454,0.00896309
kamp_hnk_rac,HNK,Kamp 2020,arterial,descriptive,2.74457,0.00914444
kamp_hnk_rac,HNK,Kamp 2020,arterial,descriptive,2.76461,0.00932814
kamp_hnk_rac,HNK,Kamp 2020,arterial,descriptive,2.78464,0.00951416
kamp_hnk_rac,HNK,Kamp 2020,arterial,descriptive,2.80467,0.00970249
kamp_hnk_rac,HNK,Kamp 2020,arterial,descriptive,2.82471,0.0098931
kamp_hnk_rac,HNK,Kamp 2020,arterial,descriptive,2.84474,0.010086
kamp_hnk_rac,HNK,Kamp 2020,arterial,descriptive,2.86477,0.0102811
kamp_hnk_rac,HNK,Kamp 2020,arterial,descriptive,2.88481,0.0104784
kamp_hnk_rac,HNK,Kamp 2020,arterial,descriptive,2.90484,0.0106779
kamp_hnk_rac,HNK,Kamp 2020,arterial,descriptive,2.92487,0.0108795
kamp_hnk_rac,HNK,Kamp 2020,arterial,descriptive,2.94491,0.0110833
kamp_hnk_rac,HNK,Kamp 2020,arterial,descriptive,2.96494,0.0112893
kamp_hnk_rac,HNK,Kamp 2020,arterial,descriptive,2.98497,0.0114973
kamp_hnk_rac,HNK,Kamp 2020,arterial,descriptive,3.00501,0.0117074
kamp_hnk_rac,HNK,Kamp 2020,arterial,descriptive,3.02504,0.0119194
kamp_hnk_rac,HNK,Kamp 2020,arterial,descriptive,3.04508,0.012133
kamp_hnk_rac,HNK,Kamp 2020,arterial,descriptive,3.06511,0.0123476
kamp_hnk_rac,HNK,Kamp 2020,arterial,descriptive,3.08514,0.012563
kamp_hnk_rac,HNK,Kamp 2020,arterial,descriptive,3.10518,0.0127789
kamp_hnk_rac,HNK,Kamp 2020,arterial,descriptive,3.12521,0.0129949
kamp_hnk_rac,HNK,Kamp 2020,arterial,descriptive,3.14524,0.0132108
kamp_hnk_rac,HNK,Kamp 2020,arterial,descriptive,3.16528,0.0134263
kamp_hnk_rac,HNK,Kamp 2020,arterial,descriptive,3.18531,0.0136413
kamp_hnk_rac,HNK,Kamp 2020,arterial,descriptive,3.20534,0.0138555
kamp_hnk_rac,HNK,Kamp 2020,arterial,descriptive,3.22538,0.0140688
kamp_hnk_rac,HNK,Kamp 2020,arterial,descriptive,3.24541,0.0142811
kamp_hnk_rac,HNK,Kamp 2020,arterial,descriptive,3.26544,0.0144921
kamp_hnk_rac,HNK,Kamp 2020,arterial,descriptive,3.28548,0.0147019
kamp_hnk_rac,HNK,Kamp 2020,arterial,descriptive,3.30551,0.0149102
kamp_hnk_rac,HNK,Kamp 2020,arterial,descriptive,3.32554,0.0151171
kamp_hnk_rac,HNK,Kamp 2020,arterial,descriptive,3.34558,0.0153224
kamp_hnk_rac,HNK,Kamp 2020,arterial,descriptive,3.36561,0.0155261
kamp_hnk_rac,HNK,Kamp 2020,arterial,descriptive,3.38564,0.0157281
kamp_hnk_rac,HNK,Kamp 2020,arterial,descriptive,3.40568,0.0159284
kamp_hnk_rac,HNK,Kamp 2020,arterial,descriptive,3.42571,0.0161269
kamp_hnk_rac,HNK,Kamp 2020,arterial,descriptive,3.44574,0.0163237
kamp_hnk_rac,HNK,Kamp 2020,arterial,descriptive,3.46578,0.0165187
kamp_hnk_rac,HNK,Kamp 2020,arterial,descriptive,3.48581,0.0167119
kamp_hnk_rac,HNK,Kamp 2020,arterial,descriptive,3.50584,0.0169033
kamp_hnk_rac,HNK,Kamp 2020,arterial,descriptive,3.52588,0.0170928
kamp_hnk_rac,HNK,Kamp 2020,arterial,descriptive,3.54591,0.0172806
kamp_hnk_rac,HNK,Kamp 2020,arterial,descriptive,3.56594,0.0174666
kamp_hnk_rac,HNK,Kamp 2020,arterial,descriptive,3.58598,0.0176508
kamp_hnk_rac,HNK,Kamp 2020,arterial,descriptive,3.60601,0.0178332
kamp_hnk_rac,HNK,Kamp 2020,arterial,descriptive,3.62604,0.0180138
kamp_hnk_rac,HNK,Kamp 2020,arterial,descriptive,3.64608,0.0181927
kamp_hnk_rac,HNK,Kamp 2020,arterial,descriptive,3.66611,0.0183699
kamp_hnk_rac,HNK,Kamp 2020,arterial,descriptive,3.68614,0.0185454
kamp_hnk_rac,HNK,Kamp 2020,arterial,descriptive,3.70618,0.0187193
kamp_hnk_rac,HNK,Kamp 2020,arterial,descriptive,3.72621,0.0188915
kamp_hnk_rac,HNK,Kamp 2020,arterial,descriptive,3.74624,0.0190621
kamp_hnk_rac,HNK,Kamp 2020,arterial,descriptive,3.76628,0.0192311
kamp_hnk_rac,HNK,Kamp 2020,arterial,descriptive,3.78631,0.0193986
kamp_hnk_rac,HNK,Kamp 2020,arterial,descriptive,3.80634,0.0195645
kamp_hnk_rac,HNK,Kamp 2020,arterial,descriptive,3.82638,0.019729
kamp_hnk_rac,HNK,Kamp 2020,arterial,descriptive,3.84641,0.019892
kamp_hnk_rac,HNK,Kamp 2020,arterial,descriptive,3.86644,0.0200536
kamp_hnk_rac,HNK,Kamp 2020,arterial,descriptive,3.88648,0.0202138
kamp_hnk_rac,HNK,Kamp 2020,arterial,descriptive,3.90651,0.0203727
kamp_hnk_rac,HNK,Kamp 2020,arterial,descriptive,3.92654,0.0205302
kamp_hnk_rac,HNK,Kamp 2020,arterial,descriptive,3.94658,0.0206864
kamp_hnk_rac,HNK,Kamp 2020,arterial,descriptive,3.96661,0.0208414
kamp_hnk_rac,HNK,Kamp 2020,arterial,descriptive,3.98664,0.0209952
kamp_hnk_rac,HNK,Kamp 2020,arterial,descriptive,4.00668,0.0211477
kamp_hnk_rac,HNK,Kamp 2020,arterial,descriptive,4.02671,0.0212991
kamp_hnk_rac,HNK,Kamp 2020,arterial,descriptive,4.04674,0.0214494
kamp_hnk_rac,HNK,Kamp 2020,arterial,descriptive,4.06678,0.0215986
kamp_hnk_rac,HNK,Kamp 2020,arterial,descriptive,4.08681,0.0217467
kamp_hnk_rac,HNK,Kamp 2020,arterial,descriptive,4.10684,0.0218937
kamp_hnk_rac,HNK,Kamp 2020,arterial,descriptive,4.12688,0.0220398
kamp_hnk_rac,HNK,Kamp 2020,arterial,descriptive,4.14691,0.0221849
kamp_hnk_rac,HNK,Kamp 2020,arterial,descriptive,4.16694,0.022329
kamp_hnk_rac,HNK,Kamp 2020,arterial,descriptive,4.18698,0.0224722
kamp_hnk_rac,HNK,Kamp 2020,arterial,descriptive,4.20701,0.0226144
kamp_hnk_rac,HNK,Kamp 2020,arterial,descriptive,4.22705,0.0227558
kamp_hnk_rac,HNK,Kamp 2020,arterial,descriptive,4.24708,0.0228964
kamp_hnk_rac,HNK,Kamp 2020,arterial,descriptive,4.26711,0.0230361
kamp_hnk_rac,HNK,Kamp 2020,arterial,descriptive,4.28715,0.0231751
kamp_hnk_rac,HNK,Kamp 2020,arterial,descriptive,4.30718,0.0233132
kamp_hnk_rac,HNK,Kamp 2020,arterial,descriptive,4.32721,0.0234507
kamp_hnk_rac,HNK,Kamp 2020,arterial,descriptive,4.34725,0.0235873
kamp_hnk_rac,HNK,Kamp 2020,arterial,descriptive,4.36728,0.0237233
kamp_hnk_rac,HNK,Kamp 2020,arterial,descriptive,4.38731,0.0238586
kamp_hnk_rac,HNK,Kamp 2020,arterial,descriptive,4.40735,0.0239932
kamp_hnk_rac,HNK,Kamp 2020,arterial,descriptive,4.42738,0.0241272
kamp_hnk_rac,HNK,Kamp 2020,arterial,descriptive,4.44741,0.0242605
kamp_hnk_rac,HNK,Kamp 2020,arterial,descriptive,4.46745,0.0243933
kamp_hnk_rac,HNK,Kamp 2020,arterial,descriptive,4.48748,0.0245255
kamp_hnk_rac,HNK,Kamp 2020,arterial,descriptive,4.50751,0.024657
kamp_hnk_rac,HNK,Kamp 2020,arterial,descriptive,4.52755,0.0247881
kamp_hnk_rac,HNK,Kamp 2020,arterial,descriptive,4.54758,0.0249186
kamp_hnk_rac,HNK,Kamp 2020,arterial,descriptive,4.56761,0.0250486
kamp_hnk_rac,HNK,Kamp 2020,arterial,descriptive,4.58765,0.025178
kamp_hnk_rac,HNK,Kamp 2020,arterial,descriptive,4.60768,0.025307
kamp_hnk_rac,HNK,Kamp 2020,arterial,descriptive,4.62771,0.0254355
kamp_hnk_rac,HNK,Kamp 2020,arterial,descriptive,4.64775,0.0255636
kamp_hnk_rac,HNK,Kamp 2020,arterial,descriptive,4.66778,0.0256912
kamp_hnk_rac,HNK,Kamp 2020,arterial,descriptive,4.68781,0.0258184
kamp_hnk_rac,HNK,Kamp 2020,arterial,descriptive,4.70785,0.0259452
kamp_hnk_rac,HNK,Kamp 2020,arterial,descriptive,4.72788,0.0260715
kamp_hnk_rac,HNK,Kamp 2020,arterial,descriptive,4.74791,0.0261975
kamp_hnk_rac,HNK,Kamp 2020,arterial,descriptive,4.76795,0.0263231
kamp_hnk_rac,HNK,Kamp 2020,arterial,descriptive,4.78798,0.0264483
kamp_hnk_rac,HNK,Kamp 2020,arterial,descriptive,4.80801,0.0265731
kamp_hnk_rac,HNK,Kamp 2020,arterial,descriptive,4.82805,0.0266977
kamp_hnk_rac,HNK,Kamp 2020,arterial,descriptive,4.84808,0.0268218
kamp_hnk_rac,HNK,Kamp 2020,arterial,descriptive,4.86811,0.0269457
kamp_hnk_rac,HNK,Kamp 2020,arterial,descriptive,4.88815,0.0270692
kamp_hnk_rac,HNK,Kamp 2020,arterial,descriptive,4.90818,0.0271924
kamp_hnk_rac,HNK,Kamp 2020,arterial,descriptive,4.92821,0.0273153
kamp_hnk_rac,HNK,Kamp 2020,arterial,descriptive,4.94825,0.0274379
kamp_hnk_rac,HNK,Kamp 2020,arterial,descriptive,4.96828,0.0275603
kamp_hnk_rac,HNK,Kamp 2020,arterial,descriptive,4.98831,0.0276823
kamp_hnk_rac,HNK,Kamp 2020,arterial,descriptive,5.00835,0.0278041
kamp_hnk_rac,HNK,Kamp 2020,arterial,descriptive,5.02838,0.0279256
kamp_hnk_rac,HNK,Kamp 2020,arterial,descriptive,5.04841,0.0280469
kamp_hnk_rac,HNK,Kamp 2020,arterial,descriptive,5.06845,0.028168
kamp_hnk_rac,HNK,Kamp 2020,arterial,descriptive,5.08848,0.0282887
kamp_hnk_rac,HNK,Kamp 2020,arterial,descriptive,5.10851,0.0284093
kamp_hnk_rac,HNK,Kamp 2020,arterial,descriptive,5.12855,0.0285296
kamp_hnk_rac,HNK,Kamp 2020,arterial,descriptive,5.14858,0.0286497
kamp_hnk_rac,HNK,Kamp 2020,arterial,descriptive,5.16861,0.0287696
kamp_hnk_rac,HNK,Kamp 2020,arterial,descriptive,5.18865,0.0288893
kamp_hnk_rac,HNK,Kamp 2020,arterial,descriptive,5.20868,0.0290088
kamp_hnk_rac,HNK,Kamp 2020,arterial,descriptive,5.22871,0.0291281
kamp_hnk_rac,HNK,Kamp 2020,arterial,descriptive,5.24875,0.0292471
kamp_hnk_rac,HNK,Kamp 2020,arterial,descriptive,5.26878,0.029366
kamp_hnk_rac,HNK,Kamp 2020,arterial,descriptive,5.28881,0.0294847
kamp_hnk_rac,HNK,Kamp 2020,arterial,descriptive,5.30885,0.0296033
kamp_hnk_rac,HNK,Kamp 2020,arterial,descriptive,5.32888,0.0297216
kamp_hnk_rac,HNK,Kamp 2020,arterial,descriptive,5.34891,0.0298398
kamp_hnk_rac,HNK,Kamp 2020,arterial,descriptive,5.36895,0.0299578
kamp_hnk_rac,HNK,Kamp 2020,arterial,descriptive,5.38898,0.0300756
kamp_hnk_rac,HNK,Kamp 2020,arterial,descriptive,5.40902,0.0301933
kamp_hnk_rac,HNK,Kamp 2020,arterial,descriptive,5.42905,0.0303108
kamp_hnk_rac,HNK,Kamp 2020,arterial,descriptive,5.44908,0.0304282
kamp_hnk_rac,HNK,Kamp 2020,arterial,descriptive,5.46912,0.0305454
kamp_hnk_rac,HNK,Kamp 2020,arterial,descriptive,5.48915,0.0306625
kamp_hnk_rac,HNK,Kamp 2020,arterial,descriptive,5.50918,0.0307794
kamp_hnk_rac,HNK,Kamp 2020,arterial,descriptive,5.52922,0.0308962
kamp_hnk_rac,HNK,Kamp 2020,arterial,descriptive,5.54925,0.0310128
kamp_hnk_rac,HNK,Kamp 2020,arterial,descriptive,5.56928,0.0311293
kamp_hnk_rac,HNK,Kamp 2020,arterial,descriptive,5.58932,0.0312456
kamp_hnk_rac,HNK,Kamp 2020,arterial,descriptive,5.60935,0.0313619
kamp_hnk_rac,HNK,Kamp 2020,arterial,descriptive,5.62938,0.031478
kamp_hnk_rac,HNK,Kamp 2020,arterial,descriptive,5.64942,0.0315939
kamp_hnk_rac,HNK,Kamp 2020,arterial,descriptive,5.66945,0.0317098
kamp_hnk_rac,HNK,Kamp 2020,arterial,descriptive,5.68948,0.0318255
kamp_hnk_rac,HNK,Kamp 2020,arterial,descriptive,5.70952,0.0319411
kamp_hnk_rac,HNK,Kamp 2020,arterial,descriptive,5.72955,0.0320566
kamp_hnk_rac,HNK,Kamp 2020,arterial,descriptive,5.74958,0.0321719
kamp_hnk_rac,HNK,Kamp 2020,arterial,descriptive,5.76962,0.0322872
kamp_hnk_rac,HNK,Kamp 2020,arterial,descriptive,5.78965,0.0324023
kamp_hnk_rac,HNK,Kamp 2020,arterial,descriptive,5.80968,0.0325173
kamp_hnk_rac,HNK,Kamp 2020,arterial,descriptive,5.82972,0.0326322
kamp_hnk_rac,HNK,Kamp 2020,arterial,descriptive,5.84975,0.032747
kamp_hnk_rac,HNK,Kamp 2020,arterial,descriptive,5.86978,0.0328617
kamp_hnk_rac,HNK,Kamp 2020,arterial,descriptive,5.88982,0.0329762
kamp_hnk_rac,HNK,Kamp 2020,arterial,descriptive,5.90985,0.0330907
kamp_hnk_rac,HNK,Kamp 2020,arterial,descriptive,5.92988,0.0332051
kamp_hnk_rac,HNK,Kamp 2020,arterial,descriptive,5.94992,0.0333193
kamp_hnk_rac,HNK,Kamp 2020,arterial,descriptive,5.96995,0.0334335
kamp_hnk_rac,HNK,Kamp 2020,arterial,descriptive,5.98998,0.0335475
kamp_hnk_rac,HNK,Kamp 2020,arterial,descriptive,6.01002,0.0336615
kamp_hnk_rac,HNK,Kamp 2020,arterial,descriptive,6.03005,0.0337753
kamp_hnk_rac,HNK,Kamp 2020,arterial,descriptive,6.05008,0.033889
kamp_hnk_rac,HNK,Kamp 2020,arterial,descriptive,6.07012,0.0340027
kamp_hnk_rac,HNK,Kamp 2020,arterial,descriptive,6.09015,0.0341162
kamp_hnk_rac,HNK,Kamp 2020,arterial,descriptive,6.11018,0.0342297
kamp_hnk_rac,HNK,Kamp 2020,arterial,descriptive,6.13022,0.0343431
kamp_hnk_rac,HNK,Kamp 2020,arterial,descriptive,6.15025,0.0344563
kamp_hnk_rac,HNK,Kamp 2020,arterial,descriptive,6.17028,0.0345695
kamp_hnk_rac,HNK,Kamp 2020,arterial,descriptive,6.19032,0.0346826
kamp_hnk_rac,HNK,Kamp 2020,arterial,descriptive,6.21035,0.0347955
kamp_hnk_rac,HNK,Kamp 2020,arterial,descriptive,6.23038,0.0349084
kamp_hnk_rac,HNK,Kamp 2020,arterial,descriptive,6.25042,0.0350212
kamp_hnk_rac,HNK,Kamp 2020,arterial,descriptive,6.27045,0.0351339
kamp_hnk_rac,HNK,Kamp 2020,arterial,descriptive,6.29048,0.0352465
kamp_hnk_rac,HNK,Kamp 2020,arterial,descriptive,6.31052,0.0353591
kamp_hnk_rac,HNK,Kamp 2020,arterial,descriptive,6.33055,0.0354715
kamp_hnk_rac,HNK,Kamp 2020,arterial,descriptive,6.35058,0.0355838
kamp_hnk_rac,HNK,Kamp 2020,arterial,descriptive,6.37062,0.0356961
kamp_hnk_rac,HNK,Kamp 2020,arterial,descriptive,6.39065,0.0358083
kamp_hnk_rac,HNK,Kamp 2020,arterial,descriptive,6.41068,0.0359203
kamp_hnk_rac,HNK,Kamp 2020,arterial,descriptive,6.43072,0.0360323
kamp_hnk_rac,HNK,Kamp 2020,arterial,descriptive,6.45075,0.0361442
kamp_hnk_rac,HNK,Kamp 2020,arterial,descriptive,6.47078,0.036256
kamp_hnk_rac,HNK,Kamp 2020,arterial,descriptive,6.49082,0.0363678
kamp_hnk_rac,HNK,Kamp 2020,arterial,descriptive,6.51085,0.0364794
kamp_hnk_rac,HNK,Kamp 2020,arterial,descriptive,6.53088,0.0365909
kamp_hnk_rac,HNK,Kamp 2020,arterial,descriptive,6.55092,0.0367024
kamp_hnk_rac,HNK,Kamp 2020,arterial,descriptive,6.57095,0.0368138
kamp_hnk_rac,HNK,Kamp 2020,arterial,descriptive,6.59098,0.0369251
kamp_hnk_rac,HNK,Kamp 2020,arterial,descriptive,6.61102,0.0370363
kamp_hnk_rac,HNK,Kamp 2020,arterial,descriptive,6.63105,0.0371474
kamp_hnk_rac,HNK,Kamp 2020,arterial,descriptive,6.65109,0.0372584
kamp_hnk_rac,HNK,Kamp 2020,arterial,descriptive,6.67112,0.0373694
kamp_hnk_rac,HNK,Kamp 2020,arterial,descriptive,6.69115,0.0374802
kamp_hnk_rac,HNK,Kamp 2020,arterial,descriptive,6.71119,0.037591
kamp_hnk_rac,HNK,Kamp 2020,arterial,descriptive,6.73122,0.0377017
kamp_hnk_rac,HNK,Kamp 2020,arterial,descriptive,6.75125,0.0378123
kamp_hnk_rac,HNK,Kamp 2020,arterial,descriptive,6.77129,0.0379228
kamp_hnk_rac,HNK,Kamp 2020,arterial,descriptive,6.79132,0.0380333
kamp_hnk_rac,HNK,Kamp 2020,arterial,descriptive,6.81135,0.0381436
kamp_hnk_rac,HNK,Kamp 2020,arterial,descriptive,6.83139,0.0382539
kamp_hnk_rac,HNK,Kamp 2020,arterial,descriptive,6.85142,0.0383641
kamp_hnk_rac,HNK,Kamp 2020,arterial,descriptive,6.87145,0.0384742
kamp_hnk_rac,HNK,Kamp 2020,arterial,descriptive,6.89149,0.0385842
kamp_hnk_rac,HNK,Kamp 2020,arterial,descriptive,6.91152,0.0386941
kamp_hnk_rac,HNK,Kamp 2020,arterial,descriptive,6.93155,0.038804
kamp_hnk_rac,HNK,Kamp 2020,arterial,descriptive,6.95159,0.0389137
kamp_hnk_rac,HNK,Kamp 2020,arterial,descriptive,6.97162,0.0390234
kamp_hnk_rac,HNK,Kamp 2020,arterial,descriptive,6.99165,0.039133
kamp_hnk_rac,HNK,Kamp 2020,arterial,descriptive,7.01169,0.0392425
kamp_hnk_rac,HNK,Kamp 2020,arterial,descriptive,7.03172,0.0393519
kamp_hnk_rac,HNK,Kamp 2020,arterial,descriptive,7.05175,0.0394613
kamp_hnk_rac,HNK,Kamp 2020,arterial,descriptive,7.07179,0.0395705
kamp_hnk_rac,HNK,Kamp 2020,arterial,descriptive,7.09182,0.0396797
kamp_hnk_rac,HNK,Kamp 2020,arterial,descriptive,7.11185,0.0397888
kamp_hnk_rac,HNK,Kamp 2020,arterial,descriptive,7.13189,0.0398978
kamp_hnk_rac,HNK,Kamp 2020,arterial,descriptive,7.15192,0.0400067
kamp_hnk_rac,HNK,Kamp 2020,arterial,descriptive,7.17195,0.0401155
kamp_hnk_rac,HNK,Kamp 2020,arterial,descriptive,7.19199,0.0402243
kamp_hnk_rac,HNK,Kamp 2020,arterial,descriptive,7.21202,0.0403329
kamp_hnk_rac,HNK,Kamp 2020,arterial,descriptive,7.23205,0.0404415
kamp_hnk_rac,HNK,Kamp 2020,arterial,descriptive,7.25209,0.04055
kamp_hnk_rac,HNK,Kamp 2020,arterial,descriptive,7.27212,0.0406584
kamp_hnk_rac,HNK,Kamp 2020,arterial,descriptive,7.29215,0.0407667
kamp_hnk_rac,HNK,Kamp 2020,arterial,descriptive,7.31219,0.0408749
kamp_hnk_rac,HNK,Kamp 2020,arterial,descriptive,7.33222,0.0409831
kamp_hnk_rac,HNK,Kamp 2020,arterial,descriptive,7.35225,0.0410912
kamp_hnk_rac,HNK,Kamp 2020,arterial,descriptive,7.37229,0.0411991
kamp_hnk_rac,HNK,Kamp 2020,arterial,descriptive,7.39232,0.041307
kamp_hnk_rac,HNK,Kamp 2020,arterial,descriptive,7.41235,0.0414148
kamp_hnk_rac,HNK,Kamp 2020,arterial,descriptive,7.43239,0.0415226
kamp_hnk_rac,HNK,Kamp 2020,arterial,descriptive,7.45242,0.0416302
kamp_hnk_rac,HNK,Kamp 2020,arterial,descriptive,7.47245,0.0417378
kamp_hnk_rac,HNK,Kamp 2020,arterial,descriptive,7.49249,0.0418452
kamp_hnk_rac,HNK,Kamp 2020,arterial,descriptive,7.51252,0.0419526
kamp_hnk_rac,HNK,Kamp 2020,arterial,descriptive,7.53255,0.0420599
kamp_hnk_rac,HNK,Kamp 2020,arterial,descriptive,7.55259,0.0421671
kamp_hnk_rac,HNK,Kamp 2020,arterial,descriptive,7.57262,0.0422742
kamp_hnk_rac,HNK,Kamp 2020,arterial,descriptive,7.59265,0.0423813
kamp_hnk_rac,HNK,Kamp 2020,arterial,descriptive,7.61269,0.0424882
kamp_hnk_rac,HNK,Kamp 2020,arterial,descriptive,7.63272,0.0425951
kamp_hnk_rac,HNK,Kamp 2020,arterial,descriptive,7.65275,0.0427019
kamp_hnk_rac,HNK,Kamp 2020,arterial,descriptive,7.67279,0.0428086
kamp_hnk_rac,HNK,Kamp 2020,arterial,descriptive,7.69282,0.0429152
kamp_hnk_rac,HNK,Kamp 2020,arterial,descriptive,7.71285,0.0430217
kamp_hnk_rac,HNK,Kamp 2020,arterial,descriptive,7.73289,0.0431281
kamp_hnk_rac,HNK,Kamp 2020,arterial,descriptive,7.75292,0.0432345
kamp_hnk_rac,HNK,Kamp 2020,arterial,descriptive,7.77295,0.0433407
kamp_hnk_rac,HNK,Kamp 2020,arterial,descriptive,7.79299,0.0434469
kamp_hnk_rac,HNK,Kamp 2020,arterial,descriptive,7.81302,0.043553
kamp_hnk_rac,HNK,Kamp 2020,arterial,descriptive,7.83306,0.043659
kamp_hnk_rac,HNK,Kamp 2020,arterial,descriptive,7.85309,0.0437649
kamp_hnk_rac,HNK,Kamp 2020,arterial,descriptive,7.87312,0.0438707
kamp_hnk_rac,HNK,Kamp 2020,arterial,descriptive,7.89316,0.0439765
kamp_hnk_rac,HNK,Kamp 2020,arterial,descriptive,7.91319,0.0440821
kamp_hnk_rac,HNK,Kamp 2020,arterial,descriptive,7.93322,0.0441877
kamp_hnk_rac,HNK,Kamp 2020,arterial,descriptive,7.95326,0.0442931
kamp_hnk_rac,HNK,Kamp 2020,arterial,descriptive,7.97329,0.0443985
kamp_hnk_rac,HNK,Kamp 2020,arterial,descriptive,7.99332,0.0445038
kamp_hnk_rac,HNK,Kamp 2020,arterial,descriptive,8.01336,0.044609
kamp_hnk_rac,HNK,Kamp 2020,arterial,descriptive,8.03339,0.0447141
kamp_hnk_rac,HNK,Kamp 2020,arterial,descriptive,8.05342,0.0448192
kamp_hnk_rac,HNK,Kamp 2020,arterial,descriptive,8.07346,0.0449241
kamp_hnk_rac,HNK,Kamp 2020,arterial,descriptive,8.09349,0.045029
kamp_hnk_rac,HNK,Kamp 2020,arterial,descriptive,8.11352,0.0451337
kamp_hnk_rac,HNK,Kamp 2020,arterial,descriptive,8.13356,0.0452384
kamp_hnk_rac,HNK,Kamp 2020,arterial,descriptive,8.15359,0.045343
kamp_hnk_rac,HNK,Kamp 2020,arterial,descriptive,8.17362,0.0454475
kamp_hnk_rac,HNK,Kamp 2020,arterial,descriptive,8.19366,0.0455519
kamp_hnk_rac,HNK,Kamp 2020,arterial,descriptive,8.21369,0.0456562
kamp_hnk_rac,HNK,Kamp 2020,arterial,descriptive,8.23372,0.0457604
kamp_hnk_rac,HNK,Kamp 2020,arterial,descriptive,8.25376,0.0458646
kamp_hnk_rac,HNK,Kamp 2020,arterial,descriptive,8.27379,0.0459686
kamp_hnk_rac,HNK,Kamp 2020,arterial,descriptive,8.29382,0.0460726
kamp_hnk_rac,HNK,Kamp 2020,arterial,descriptive,8.31386,0.0461764
kamp_hnk_rac,HNK,Kamp 2020,arterial,descriptive,8.33389,0.0462802
kamp_hnk_rac,HNK,Kamp 2020,arterial,descriptive,8.35392,0.0463839
kamp_hnk_rac,HNK,Kamp 2020,arterial,descriptive,8.37396,0.0464875
kamp_hnk_rac,HNK,Kamp 2020,arterial,descriptive,8.39399,0.046591
kamp_hnk_rac,HNK,Kamp 2020,arterial,descriptive,8.41402,0.0466944
kamp_hnk_rac,HNK,Kamp 2020,arterial,descriptive,8.43406,0.0467978
kamp_hnk_rac,HNK,Kamp 2020,arterial,descriptive,8.45409,0.046901
kamp_hnk_rac,HNK,Kamp 2020,arterial,descriptive,8.47412,0.0470042
kamp_hnk_rac,HNK,Kamp 2020,arterial,descriptive,8.49416,0.0471072
kamp_hnk_rac,HNK,Kamp 2020,arterial,descriptive,8.51419,0.0472102
kamp_hnk_rac,HNK,Kamp 2020,arterial,descriptive,8.53422,0.0473131
kamp_hnk_rac,HNK,Kamp 2020,arterial,descriptive,8.55426,0.0474158
kamp_hnk_rac,HNK,Kamp 2020,arterial,descriptive,8.57429,0.0475185
kamp_hnk_rac,HNK,Kamp 2020,arterial,descriptive,8.59432,0.0476211
kamp_hnk_rac,HNK,Kamp 2020,arterial,descriptive,8.61436,0.0477236
kamp_hnk_rac,HNK,Kamp 2020,arterial,descriptive,8.63439,0.0478261
kamp_hnk_rac,HNK,Kamp 2020,arterial,descriptive,8.65442,0.0479284
kamp_hnk_rac,HNK,Kamp 2020,arterial,descriptive,8.67446,0.0480306
kamp_hnk_rac,HNK,Kamp 2020,arterial,descriptive,8.69449,0.0481328
kamp_hnk_rac,HNK,Kamp 2020,arterial,descriptive,8.71452,0.0482348
kamp_hnk_rac,HNK,Kamp 2020,arterial,descriptive,8.73456,0.0483368
kamp_hnk_rac,HNK,Kamp 2020,arterial,descriptive,8.75459,0.0484386
kamp_hnk_rac,HNK,Kamp 2020,arterial,descriptive,8.77462,0.0485404
kamp_hnk_rac,HNK,Kamp 2020,arterial,descriptive,8.79466,0.0486421
kamp_hnk_rac,HNK,Kamp 2020,arterial,descriptive,8.81469,0.0487437
kamp_hnk_rac,HNK,Kamp 2020,arterial,descriptive,8.83472,0.0488452
kamp_hnk_rac,HNK,Kamp 2020,arterial,descriptive,8.85476,0.0489466
kamp_hnk_rac,HNK,Kamp 2020,arterial,descriptive,8.87479,0.0490479
kamp_hnk_rac,HNK,Kamp 2020,arterial,descriptive,8.89482,0.0491491
kamp_hnk_rac,HNK,Kamp 2020,arterial,descriptive,8.91486,0.0492503
kamp_hnk_rac,HNK,Kamp 2020,arterial,descriptive,8.93489,0.0493513
kamp_hnk_rac,HNK,Kamp 2020,arterial,descriptive,8.95492,0.0494522
kamp_hnk_rac,HNK,Kamp 2020,arterial,descriptive,8.97496,0.0495531
kamp_hnk_rac,HNK,Kamp 2020,arterial,descriptive,8.99499,0.0496538
kamp_hnk_rac,HNK,Kamp 2020,arterial,descriptive,9.01503,0.0497545
kamp_hnk_rac,HNK,Kamp 2020,arterial,descriptive,9.03506,0.0498551
kamp_hnk_rac,HNK,Kamp 2020,arterial,descriptive,9.05509,0.0499556
kamp_hnk_rac,HNK,Kamp 2020,arterial,descriptive,9.07513,0.0500559
kamp_hnk_rac,HNK,Kamp 2020,arterial,descriptive,9.09516,0.0501562
kamp_hnk_rac,HNK,Kamp 2020,arterial,descriptive,9.11519,0.0502564
kamp_hnk_rac,HNK,Kamp 2020,arterial,descriptive,9.13523,0.0503565
kamp_hnk_rac,HNK,Kamp 2020,arterial,descriptive,9.15526,0.0504565
kamp_hnk_rac,HNK,Kamp 2020,arterial,descriptive,9.17529,0.0505564
kamp_hnk_rac,HNK,Kamp 2020,arterial,descriptive,9.19533,0.0506563
kamp_hnk_rac,HNK,Kamp 2020,arterial,descriptive,9.21536,0.050756
kamp_hnk_rac,HNK,Kamp 2020,arterial,descriptive,9.23539,0.0508556
kamp_hnk_rac,HNK,Kamp 2020,arterial,descriptive,9.25543,0.0509552
kamp_hnk_rac,HNK,Kamp 2020,arterial,descriptive,9.27546,0.0510546
kamp_hnk_rac,HNK,Kamp 2020,arterial,descriptive,9.29549,0.051154
kamp_hnk_rac,HNK,Kamp 2020,arterial,descriptive,9.31553,0.0512532
kamp_hnk_rac,HNK,Kamp 2020,arterial,descriptive,9.33556,0.0513524
kamp_hnk_rac,HNK,Kamp 2020,arterial,descriptive,9.35559,0.0514514
kamp_hnk_rac,HNK,Kamp 2020,arterial,descriptive,9.37563,0.0515504
kamp_hnk_rac,HNK,Kamp 2020,arterial,descriptive,9.39566,0.0516493
kamp_hnk_rac,HNK,Kamp 2020,arterial,descriptive,9.41569,0.0517481
kamp_hnk_rac,HNK,Kamp 2020,arterial,descriptive,9.43573,0.0518468
kamp_hnk_rac,HNK,Kamp 2020,arterial,descriptive,9.45576,0.0519453
kamp_hnk_rac,HNK,Kamp 2020,arterial,descriptive,9.47579,0.0520438
kamp_hnk_rac,HNK,Kamp 2020,arterial,descriptive,9.49583,0.0521422
kamp_hnk_rac,HNK,Kamp 2020,arterial,descriptive,9.51586,0.0522405
kamp_hnk_rac,HNK,Kamp 2020,arterial,descriptive,9.53589,0.0523388
kamp_hnk_rac,HNK,Kamp 2020,arterial,descriptive,9.55593,0.0524369
kamp_hnk_rac,HNK,Kamp 2020,arterial,descriptive,9.57596,0.0525349
kamp_hnk_rac,HNK,Kamp 2020,arterial,descriptive,9.59599,0.0526328
kamp_hnk_rac,HNK,Kamp 2020,arterial,descriptive,9.61603,0.0527306
kamp_hnk_rac,HNK,Kamp 2020,arterial,descriptive,9.63606,0.0528284
kamp_hnk_rac,HNK,Kamp 2020,arterial,descriptive,9.65609,0.052926
kamp_hnk_rac,HNK,Kamp 2020,arterial,descriptive,9.67613,0.0530236
kamp_hnk_rac,HNK,Kamp 2020,arterial,descriptive,9.69616,0.053121
kamp_hnk_rac,HNK,Kamp 2020,arterial,descriptive,9.71619,0.0532184
kamp_hnk_rac,HNK,Kamp 2020,arterial,descriptive,9.73623,0.0533156
kamp_hnk_rac,HNK,Kamp 2020,arterial,descriptive,9.75626,0.0534128
kamp_hnk_rac,HNK,Kamp 2020,arterial,descriptive,9.77629,0.0535098
kamp_hnk_rac,HNK,Kamp 2020,arterial,descriptive,9.79633,0.0536068
kamp_hnk_rac,HNK,Kamp 2020,arterial,descriptive,9.81636,0.0537037
kamp_hnk_rac,HNK,Kamp 2020,arterial,descriptive,9.83639,0.0538004
kamp_hnk_rac,HNK,Kamp 2020,arterial,descriptive,9.85643,0.0538971
kamp_hnk_rac,HNK,Kamp 2020,arterial,descriptive,9.87646,0.0539937
kamp_hnk_rac,HNK,Kamp 2020,arterial,descriptive,9.89649,0.0540902
kamp_hnk_rac,HNK,Kamp 2020,arterial,descriptive,9.91653,0.0541866
kamp_hnk_rac,HNK,Kamp 2020,arterial,descriptive,9.93656,0.0542828
kamp_hnk_rac,HNK,Kamp 2020,arterial,descriptive,9.95659,0.054379
kamp_hnk_rac,HNK,Kamp 2020,arterial,descriptive,9.97663,0.0544751
kamp_hnk_rac,HNK,Kamp 2020,arterial,descriptive,9.99666,0.0545711
kamp_hnk_rac,HNK,Kamp 2020,arterial,descriptive,10.0167,0.054667
kamp_hnk_rac,HNK,Kamp 2020,arterial,descriptive,10.0367,0.0547629
kamp_hnk_rac,HNK,Kamp 2020,arterial,descriptive,10.0568,0.0548586
kamp_hnk_rac,HNK,Kamp 2020,arterial,descriptive,10.0768,0.0549542
kamp_hnk_rac,HNK,Kamp 2020,arterial,descriptive,10.0968,0.0550497
kamp_hnk_rac,HNK,Kamp 2020,arterial,descriptive,10.1169,0.0551451
kamp_hnk_rac,HNK,Kamp 2020,arterial,descriptive,10.1369,0.0552404
kamp_hnk_rac,HNK,Kamp 2020,arterial,descriptive,10.1569,0.0553357
kamp_hnk_rac,HNK,Kamp 2020,arterial,descriptive,10.177,0.0554308
kamp_hnk_rac,HNK,Kamp 2020,arterial,descriptive,10.197,0.0555258
kamp_hnk_rac,HNK,Kamp 2020,arterial,descriptive,10.217,0.0556207
kamp_hnk_rac,HNK,Kamp 2020,arterial,descriptive,10.2371,0.0557156
kamp_hnk_rac,HNK,Kamp 2020,arterial,descriptive,10.2571,0.0558103
kamp_hnk_rac,HNK,Kamp 2020,arterial,descriptive,10.2771,0.055905
kamp_hnk_rac,HNK,Kamp 2020,arterial,descriptive,10.2972,0.0559995
kamp_hnk_rac,HNK,Kamp 2020,arterial,descriptive,10.3172,0.0560939
kamp_hnk_rac,HNK,Kamp 2020,arterial,descriptive,10.3372,0.0561883
kamp_hnk_rac,HNK,Kamp 2020,arterial,descriptive,10.3573,0.0562825
kamp_hnk_rac,HNK,Kamp 2020,arterial,descriptive,10.3773,0.0563767
kamp_hnk_rac,HNK,Kamp 2020,arterial,descriptive,10.3973,0.0564707
kamp_hnk_rac,HNK,Kamp 2020,arterial,descriptive,10.4174,0.0565647
kamp_hnk_rac,HNK,Kamp 2020,arterial,descriptive,10.4374,0.0566585
kamp_hnk_rac,HNK,Kamp 2020,arterial,descriptive,10.4574,0.0567523
kamp_hnk_rac,HNK,Kamp 2020,arterial,descriptive,10.4775,0.056846
kamp_hnk_rac,HNK,Kamp 2020,arterial,descriptive,10.4975,0.0569395
kamp_hnk_rac,HNK,Kamp 2020,arterial,descriptive,10.5175,0.057033
kamp_hnk_rac,HNK,Kamp 2020,arterial,descriptive,10.5376,0.0571264
kamp_hnk_rac,HNK,Kamp 2020,arterial,descriptive,10.5576,0.0572196
kamp_hnk_rac,HNK,Kamp 2020,arterial,descriptive,10.5776,0.0573128
kamp_hnk_rac,HNK,Kamp 2020,arterial,descriptive,10.5977,0.0574059
kamp_hnk_rac,HNK,Kamp 2020,arterial,descriptive,10.6177,0.0574988
kamp_hnk_rac,HNK,Kamp 2020,arterial,descriptive,10.6377,0.0575917
kamp_hnk_rac,HNK,Kamp 2020,arterial,descriptive,10.6578,0.0576845
kamp_hnk_rac,HNK,Kamp 2020,arterial,descriptive,10.6778,0.0577772
kamp_hnk_rac,HNK,Kamp 2020,arterial,descriptive,10.6978,0.0578698
kamp_hnk_rac,HNK,Kamp 2020,arterial,descriptive,10.7179,0.0579622
kamp_hnk_rac,HNK,Kamp 2020,arterial,descriptive,10.7379,0.0580546
kamp_hnk_rac,HNK,Kamp 2020,arterial,descriptive,10.7579,0.0581469
kamp_hnk_rac,HNK,Kamp 2020,arterial,descriptive,10.778,0.0582391
kamp_hnk_rac,HNK,Kamp 2020,arterial,descriptive,10.798,0.0583312
kamp_hnk_rac,HNK,Kamp 2020,arterial,descriptive,10.818,0.0584232
kamp_hnk_rac,HNK,Kamp 2020,arterial,descriptive,10.8381,0.0585151
kamp_hnk_rac,HNK,Kamp 2020,arterial,descriptive,10.8581,0.0586068
kamp_hnk_rac,HNK,Kamp 2020,arterial,descriptive,10.8781,0.0586985
kamp_hnk_rac,HNK,Kamp 2020,arterial,descriptive,10.8982,0.0587901
kamp_hnk_rac,HNK,Kamp 2020,arterial,descriptive,10.9182,0.0588816
kamp_hnk_rac,HNK,Kamp 2020,arterial,descriptive,10.9382,0.058973
kamp_hnk_rac,HNK,Kamp 2020,arterial,descriptive,10.9583,0.0590643
kamp_hnk_rac,HNK,Kamp 2020,arterial,descriptive,10.9783,0.0591555
kamp_hnk_rac,HNK,Kamp 2020,arterial,descriptive,10.9983,0.0592466
kamp_hnk_rac,HNK,Kamp 2020,arterial,descriptive,11.0184,0.0593376
kamp_hnk_rac,HNK,Kamp 2020,arterial,descriptive,11.0384,0.0594285
kamp_hnk_rac,HNK,Kamp 2020,arterial,descriptive,11.0584,0.0595193
kamp_hnk_rac,HNK,Kamp 2020,arterial,descriptive,11.0785,0.05961
kamp_hnk_rac,HNK,Kamp 2020,arterial,descriptive,11.0985,0.0597006
kamp_hnk_rac,HNK,Kamp 2020,arterial,descriptive,11.1185,0.0597911
kamp_hnk_rac,HNK,Kamp 2020,arterial,descriptive,11.1386,0.0598815
kamp_hnk_rac,HNK,Kamp 2020,arterial,descriptive,11.1586,0.0599718
kamp_hnk_rac,HNK,Kamp 2020,arterial,descriptive,11.1786,0.060062
kamp_hnk_rac,HNK,Kamp 2020,arterial,descriptive,11.1987,0.0601521
kamp_hnk_rac,HNK,Kamp 2020,arterial,descriptive,11.2187,0.0602421
kamp_hnk_rac,HNK,Kamp 2020,arterial,descriptive,11.2387,0.0603321
kamp_hnk_rac,HNK,Kamp 2020,arterial,descriptive,11.2588,0.0604219
kamp_hnk_rac,HNK,Kamp 2020,arterial,descriptive,11.2788,0.0605116
kamp_hnk_rac,HNK,Kamp 2020,arterial,descriptive,11.2988,0.0606012
kamp_hnk_rac,HNK,Kamp 2020,arterial,descriptive,11.3189,0.0606907
kamp_hnk_rac,HNK,Kamp 2020,arterial,descriptive,11.3389,0.0607801
kamp_hnk_rac,HNK,Kamp 2020,arterial,descriptive,11.3589,0.0608694
kamp_hnk_rac,HNK,Kamp 2020,arterial,descriptive,11.379,0.0609586
kamp_hnk_rac,HNK,Kamp 2020,arterial,descriptive,11.399,0.0610477
kamp_hnk_rac,HNK,Kamp 2020,arterial,descriptive,11.419,0.0611367
kamp_hnk_rac,HNK,Kamp 2020,arterial,descriptive,11.4391,0.0612257
kamp_hnk_rac,HNK,Kamp 2020,arterial,descriptive,11.4591,0.0613145
kamp_hnk_rac,HNK,Kamp 2020,arterial,descriptive,11.4791,0.0614032
kamp_hnk_rac,HNK,Kamp 2020,arterial,descriptive,11.4992,0.0614918
kamp_hnk_rac,HNK,Kamp 2020,arterial,descriptive,11.5192,0.0615803
kamp_hnk_rac,HNK,Kamp 2020,arterial,descriptive,11.5392,0.0616687
kamp_hnk_rac,HNK,Kamp 2020,arterial,descriptive,11.5593,0.061757
kamp_hnk_rac,HNK,Kamp 2020,arterial,descriptive,11.5793,0.0618452
kamp_hnk_rac,HNK,Kamp 2020,arterial,descriptive,11.5993,0.0619334
kamp_hnk_rac,HNK,Kamp 2020,arterial,descriptive,11.6194,0.0620214
kamp_hnk_rac,HNK,Kamp 2020,arterial,descriptive,11.6394,0.0621093
kamp_hnk_rac,HNK,Kamp 2020,arterial,descriptive,11.6594,0.0621971
kamp_hnk_rac,HNK,Kamp 2020,arterial,descriptive,11.6795,0.0622848
kamp_hnk_rac,HNK,Kamp 2020,arterial,descriptive,11.6995,0.0623724
kamp_hnk_rac,HNK,Kamp 2020,arterial,descriptive,11.7195,0.06246
kamp_hnk_rac,HNK,Kamp 2020,arterial,descriptive,11.7396,0.0625474
kamp_hnk_rac,HNK,Kamp 2020,arterial,descriptive,11.7596,0.0626347
kamp_hnk_rac,HNK,Kamp 2020,arterial,descriptive,11.7796,0.0627219
kamp_hnk_rac,HNK,Kamp 2020,arterial,descriptive,11.7997,0.062809
kamp_hnk_rac,HNK,Kamp 2020,arterial,descriptive,11.8197,0.062896
kamp_hnk_rac,HNK,Kamp 2020,arterial,descriptive,11.8397,0.0629829
kamp_hnk_rac,HNK,Kamp 2020,arterial,descriptive,11.8598,0.0630698
kamp_hnk_rac,HNK,Kamp 2020,arterial,descriptive,11.8798,0.0631565
kamp_hnk_rac,HNK,Kamp 2020,arterial,descriptive,11.8998,0.0632431
kamp_hnk_rac,HNK,Kamp 2020,arterial,descriptive,11.9199,0.0633296
kamp_hnk_rac,HNK,Kamp 2020,arterial,descriptive,11.9399,0.063416
kamp_hnk_rac,HNK,Kamp 2020,arterial,descriptive,11.9599,0.0635023
kamp_hnk_rac,HNK,Kamp 2020,arterial,descriptive,11.98,0.0635886
kamp_hnk_rac,HNK,Kamp 2020,arterial,descriptive,12,0.0636747
